Image_RID,True_Class,W76_pred,W76_conf,W76_prob_airplane,W76_prob_automobile,W76_prob_bird,W76_prob_cat,W76_prob_deer,W76_prob_dog,W76_prob_frog,W76_prob_horse,W76_prob_ship,W76_prob_truck,XCE_pred,XCE_conf,XCE_prob_airplane,XCE_prob_automobile,XCE_prob_bird,XCE_prob_cat,XCE_prob_deer,XCE_prob_dog,XCE_prob_frog,XCE_prob_horse,XCE_prob_ship,XCE_prob_truck,YHP_pred,YHP_conf,YHP_prob_airplane,YHP_prob_automobile,YHP_prob_bird,YHP_prob_cat,YHP_prob_deer,YHP_prob_dog,YHP_prob_frog,YHP_prob_horse,YHP_prob_ship,YHP_prob_truck
4QJ,ship,truck,0.236584797501564,0.15620545,0.10941488,0.07916174,0.049654063,0.04669575,0.035424586,0.043087367,0.044366926,0.19940445,0.2365848,airplane,0.4819982647895813,0.48199826,0.031029388,0.01746355,0.0012419285,0.008039849,0.0013440249,0.003288005,0.00014649908,0.36965182,0.085796714,airplane,0.9663559198379515,0.9663559,0.0006064797,0.00040715802,1.3035107e-07,0.00023836177,2.4928165e-10,1.39153435e-05,2.5557143e-12,0.03211564,0.00026245537
4QM,automobile,truck,0.1484168469905853,0.043228306,0.11188839,0.12725909,0.11532988,0.054132555,0.08945397,0.11917993,0.06896018,0.12215086,0.14841685,automobile,0.6297463178634644,0.23256998,0.6297463,0.010041972,0.0029672377,0.0009561276,0.009433105,0.001114093,0.005492818,0.06826271,0.0394157,automobile,0.9821152687072754,0.0066394582,0.98211527,1.1966243e-05,2.7928925e-05,4.6444417e-09,0.00020595983,3.163983e-05,1.5700974e-05,0.0109355245,1.6492924e-05
4QP,airplane,airplane,0.5064833164215088,0.5064833,0.053245645,0.062097456,0.03560137,0.025469996,0.06202365,0.022547526,0.06536406,0.08182743,0.08533955,airplane,0.8165030479431152,0.81650305,0.0016764636,0.09586069,0.0026762274,0.014333512,0.034961764,0.0075399983,0.00073603063,0.019783664,0.0059285923,airplane,0.8840479254722595,0.8840479,5.775762e-09,0.08991123,0.00018921478,0.014119947,0.0039519477,0.0077432008,1.7260977e-08,3.47395e-05,1.7886343e-06
4QR,deer,cat,0.1743342131376266,0.045212332,0.046096586,0.12270227,0.17433421,0.039397582,0.1423717,0.16431528,0.16999726,0.040893197,0.054679606,cat,0.3198813498020172,0.0047535393,0.09846907,0.06965129,0.31988135,0.030551393,0.0140557615,0.12960519,0.008250717,0.027908504,0.2968732,cat,0.7277802228927612,6.451785e-05,7.926134e-05,0.027991362,0.7277802,0.0055059036,0.02166768,0.21443623,0.0021672754,4.2322576e-05,0.00026519404
4QT,ship,horse,0.1826876699924469,0.16379204,0.074288964,0.09814452,0.08931012,0.0582618,0.08617922,0.07281037,0.18268767,0.075708434,0.098816894,airplane,0.5039454102516174,0.5039454,0.052451216,0.02746999,0.048829135,0.03335554,0.074540235,0.007220392,0.16427438,0.038070396,0.04984325,airplane,0.966283679008484,0.9662837,0.00072810514,0.004824661,0.0053226575,0.011454379,0.00020648107,0.0002384135,0.00800729,0.001901712,0.0010327233
4QW,horse,truck,0.2922444939613342,0.04212986,0.0864768,0.0514255,0.071703054,0.10961308,0.037492678,0.08027152,0.13923365,0.089409314,0.2922445,truck,0.2850797474384308,0.018325012,0.13725314,0.0039771996,0.042831928,0.27589625,0.025823472,0.023772256,0.10657738,0.08046367,0.28507975,horse,0.9347469806671144,1.8632123e-07,2.2753416e-05,2.9802245e-06,2.7233896e-06,0.063089915,0.0017544909,4.1498984e-06,0.934747,7.1519894e-06,0.0003688183
4QY,ship,ship,0.2782917320728302,0.17425111,0.06914275,0.08837642,0.081968226,0.02994921,0.080603465,0.06539292,0.03597909,0.27829173,0.096045054,ship,0.9647464156150818,0.0071138954,0.00034786673,0.0022292673,0.008549441,0.00088508026,0.010160132,0.002372796,2.9000272e-05,0.9647464,0.0035660453,ship,0.9993963241577148,4.268818e-07,1.4899298e-06,0.0005616652,1.0096297e-05,1.4278916e-06,2.8190501e-05,1.2431026e-07,1.8980302e-11,0.9993963,2.1870252e-07
4R0,truck,truck,0.4308283925056457,0.015673203,0.06946995,0.0665883,0.05385867,0.071948856,0.0173068,0.0848411,0.051504366,0.13798027,0.4308284,truck,0.7406013011932373,0.036039483,0.06075429,0.013655,0.015450906,0.002715446,0.0018419488,0.0057493914,0.002301907,0.12089032,0.7406013,truck,0.9533458352088928,1.93791e-06,0.04650971,4.0711957e-06,3.4351422e-07,5.1540912e-08,4.3488108e-06,1.2295008e-06,3.8830228e-07,0.0001321405,0.95334584
4R2,horse,horse,0.205875739455223,0.07627704,0.05864906,0.10308888,0.06985344,0.086257085,0.056449004,0.08507122,0.20587574,0.083905295,0.17457314,horse,0.3408230543136596,0.083265685,0.0046083196,0.040902957,0.020823091,0.1877682,0.28542092,0.005533119,0.34082305,0.02144459,0.009410035,horse,0.6625478863716125,1.1398362e-06,1.4849193e-06,0.0015405866,5.8871155e-05,0.08608935,0.24904022,0.00069367007,0.6625479,2.6844871e-05,6.053893e-08
4R4,bird,dog,0.2470400929450988,0.015420037,0.017983865,0.1112586,0.14936815,0.039121624,0.2470401,0.17916794,0.20986749,0.014154075,0.016618172,horse,0.6260926723480225,0.02839092,0.0035800242,0.09817543,0.05303887,0.12161518,0.04078606,0.02511164,0.6260927,0.0027557127,0.00045351835,deer,0.9778214693069458,2.2034207e-07,7.5786524e-08,2.453969e-05,3.807391e-07,0.97782147,1.0461339e-06,2.9471437e-06,0.022149255,3.0714256e-10,1.4002947e-13
4R6,bird,airplane,0.2181964367628097,0.21819644,0.06304352,0.1381855,0.06109189,0.03072872,0.04779322,0.06311623,0.110437915,0.13506065,0.13234591,airplane,0.5394341945648193,0.5394342,0.0014242543,0.12024221,0.0052749775,0.005991804,0.0026031106,0.009461557,0.0010829003,0.30253556,0.01194952,ship,0.962367057800293,0.034999117,1.9572852e-10,0.0024607393,2.3460663e-05,3.104312e-05,9.0377466e-07,0.000117578835,2.6124825e-09,0.96236706,2.304042e-07
4R8,dog,airplane,0.2342811971902847,0.2342812,0.03935912,0.093541555,0.09608966,0.02269674,0.2144637,0.078957096,0.07770381,0.104418166,0.038488995,ship,0.5256837606430054,0.063310616,7.4142896e-05,0.0069825496,0.055844232,0.0031465762,0.28984538,0.04520375,0.001089524,0.52568376,0.008819403,dog,0.9962843656539916,2.3814646e-09,1.8575175e-14,3.5400657e-08,0.000114320894,4.6724256e-07,0.99628437,7.0854035e-06,9.026362e-09,0.003593584,1.807366e-10
4RA,bird,frog,0.1525208204984665,0.020869723,0.07542577,0.09249955,0.12863001,0.13959244,0.103579715,0.15252082,0.09829613,0.070565246,0.11802062,cat,0.521605908870697,0.0033948647,0.030225165,0.020506835,0.5216059,0.12996228,0.1921944,0.08211468,0.0068282136,0.007350331,0.005817308,cat,0.9709500074386596,1.5768361e-09,2.4323126e-09,2.1093358e-07,0.97095,7.0934025e-06,0.028751345,0.00029105434,2.549268e-07,3.2242826e-09,4.232879e-11
4RC,dog,ship,0.1402961164712906,0.059405185,0.08678073,0.105416186,0.112191245,0.08739045,0.09678538,0.1131578,0.08445695,0.14029612,0.11411991,dog,0.5346084237098694,0.020993898,0.016242672,0.03741618,0.23867038,0.04688803,0.5346084,0.02804604,0.029340794,0.04390175,0.0038918594,deer,0.7411730289459229,2.8202546e-06,2.0872015e-07,0.0044731987,0.21287347,0.741173,0.03929688,0.00023737174,0.001933208,9.909429e-06,2.497174e-09
4RE,bird,airplane,0.376390665769577,0.37639067,0.045586593,0.0785876,0.04687561,0.038881347,0.06310656,0.035901602,0.13167657,0.072011836,0.11098159,airplane,0.8205572962760925,0.8205573,0.0005594532,0.111034736,0.033396445,0.0015861843,0.0024490762,0.024153534,0.00063446525,0.0052541583,0.00037463752,airplane,0.7186324596405029,0.71863246,1.2830238e-06,0.21035504,8.17145e-05,1.223506e-05,2.601431e-07,0.07091667,1.7413922e-07,9.354912e-08,1.2139616e-07
4RG,dog,horse,0.1980169862508773,0.07601028,0.06368844,0.13541315,0.09098681,0.079461835,0.12457389,0.09076799,0.19801699,0.048311777,0.09276887,bird,0.3306168019771576,0.021011679,0.04660719,0.3306168,0.07208663,0.035570323,0.1835564,0.30159244,0.0006271883,0.0065124473,0.0018189221,frog,0.9843624830245972,1.1569441e-05,1.745765e-08,0.00020066193,0.00031140778,4.108237e-07,0.015112684,0.9843625,8.0932443e-07,1.6419686e-09,7.6908174e-11
4RJ,airplane,airplane,0.3471531569957733,0.34715316,0.04893349,0.09489915,0.041903157,0.012026816,0.036999255,0.039509322,0.058723796,0.20998004,0.10987181,ship,0.8505156636238098,0.13104495,0.0002476153,0.0057009235,0.00041840872,0.00054697524,0.00026073548,0.0013581242,9.363629e-06,0.85051566,0.009897229,ship,0.9999344348907472,6.5316395e-05,2.2036231e-12,1.783714e-07,1.0088633e-08,1.7176932e-08,3.6050913e-09,5.907672e-08,8.472526e-15,0.99993443,2.64639e-09
4RM,bird,frog,0.237411692738533,0.0073635224,0.062059775,0.0891589,0.14664306,0.12410268,0.105689295,0.2374117,0.07743208,0.05990521,0.090233766,deer,0.2961365878582001,0.024836114,0.16728255,0.11885676,0.18356319,0.2961366,0.08119891,0.08543289,0.015718233,0.01644144,0.010533397,deer,0.9858924746513368,7.325209e-07,0.0019619465,0.0022331043,0.009296871,0.9858925,0.0003036629,0.0002797167,3.1490043e-05,4.984839e-08,1.976443e-08
4RP,bird,truck,0.2653974294662475,0.018262163,0.09491662,0.08409496,0.07031232,0.11909132,0.043305207,0.12233119,0.04556058,0.13672824,0.26539743,bird,0.2702670097351074,0.026120488,0.027714573,0.270267,0.035474017,0.11135595,0.012114343,0.2607896,0.0044604647,0.10612253,0.14558098,frog,0.8571372628211975,5.2701995e-05,1.1364782e-07,0.072958276,1.0663943e-05,0.06941381,2.2764557e-06,0.85713726,1.2999017e-09,0.0004240932,7.4681014e-07
4RR,ship,airplane,0.4395030438899994,0.43950304,0.072669104,0.041447066,0.042242255,0.030313168,0.04863925,0.022650803,0.049960043,0.12028377,0.13229151,ship,0.7177501320838928,0.17704123,0.018154679,0.0023152458,0.00600473,0.0023182218,0.0026335304,0.0041090916,9.554443e-06,0.71775013,0.06966344,ship,0.967542827129364,0.022945514,0.0035398076,0.003756083,1.1884799e-05,5.0252453e-05,5.7404765e-09,1.0470703e-06,4.264914e-15,0.9675428,0.0021525724
4RT,frog,frog,0.2186544239521026,0.010016282,0.048497725,0.11861901,0.11848515,0.069334045,0.05297795,0.21865442,0.12733069,0.07612675,0.15995793,bird,0.4318997263908386,0.03388336,0.016576977,0.43189973,0.10838371,0.014938473,0.039486974,0.14897533,0.07165926,0.066886745,0.06730942,frog,0.4514150619506836,0.0012707659,0.0023476596,0.034186486,0.049221024,0.00017997486,0.008894535,0.45141506,0.35238385,0.0007538055,0.09934686
4RW,ship,airplane,0.3157399892807007,0.31574,0.08956619,0.05926623,0.038967244,0.032569252,0.038862985,0.027403815,0.051606253,0.16547696,0.180541,truck,0.3604321777820587,0.10057697,0.34102294,0.0069892323,0.005929877,0.0077587254,0.010451809,0.0036861608,0.0015655182,0.16158657,0.36043218,automobile,0.6169770956039429,0.042328678,0.6169771,0.024342287,4.2827837e-06,0.00018701356,5.139872e-07,0.00015546744,1.9309963e-10,0.21049333,0.10551132
4RY,airplane,horse,0.225742757320404,0.10929758,0.05235865,0.09512131,0.071157165,0.06692025,0.05426253,0.078056484,0.22574276,0.08077403,0.16630934,frog,0.485550194978714,0.013531574,0.003836504,0.1748663,0.13505451,0.04860611,0.028613877,0.4855502,0.025626378,0.050313678,0.034000777,frog,0.9246768355369568,8.5242823e-07,4.5623867e-08,0.019607296,9.706123e-05,0.006066405,0.022396864,0.92467684,0.02715414,1.7752824e-09,4.573288e-07
4S0,truck,truck,0.3417454361915588,0.033408195,0.08529299,0.05621749,0.062270667,0.1070504,0.03378205,0.075690284,0.07217457,0.13236783,0.34174544,truck,0.8351888656616211,0.0022800772,0.060128693,0.0013511967,0.012794661,0.033757903,0.024720158,0.0064082546,0.002962744,0.020407405,0.83518887,deer,0.7117476463317871,2.4168867e-06,3.9998056e-05,0.00028366753,0.00028506378,0.71174765,0.14689536,3.7140107e-06,0.014159878,1.1605969e-05,0.12657063
4S2,ship,airplane,0.2461922168731689,0.24619222,0.0902095,0.073730715,0.03872199,0.029909495,0.036561184,0.02926864,0.032534163,0.23753524,0.18533684,ship,0.5387170910835266,0.3109564,0.013136597,0.027297767,0.00080834725,0.0019795531,0.0023751804,0.0006265611,6.104539e-05,0.5387171,0.10404151,ship,0.9996294975280762,0.00020092199,1.7857066e-06,9.334175e-05,4.2078518e-11,3.9948674e-07,2.7638272e-11,6.164054e-11,4.591591e-15,0.9996295,7.412395e-05
4S4,bird,frog,0.1614396125078201,0.025363475,0.07899556,0.098232865,0.11194331,0.13736376,0.10046393,0.16143961,0.08894205,0.080338314,0.116917074,deer,0.341721773147583,0.029787954,0.010275639,0.19215003,0.07770969,0.34172177,0.08509339,0.20355248,0.02133024,0.030573154,0.007805566,deer,0.9162640571594238,4.6337384e-05,7.439411e-07,0.0756922,7.571988e-05,0.91626406,0.00014825644,0.007720619,1.2321807e-07,5.1901545e-05,5.445338e-09
4S6,dog,horse,0.2712396383285522,0.022436846,0.04441526,0.11686904,0.12799327,0.055571496,0.119169295,0.15468977,0.27123964,0.026308244,0.06130718,horse,0.2661169171333313,0.034260206,0.23318449,0.11068241,0.108890794,0.09251532,0.060612172,0.037594922,0.26611692,0.006977511,0.049165238,deer,0.8162820339202881,2.5335561e-05,0.0014910267,0.045558643,0.00077328476,0.81628203,0.00025054283,0.00021582186,0.13540138,1.8358857e-07,1.7635102e-06
4S8,frog,frog,0.372245579957962,0.002967182,0.028235156,0.11319104,0.19207735,0.03724288,0.115380034,0.37224558,0.070977494,0.03764491,0.0300383,cat,0.3396782875061035,0.004797713,0.0482209,0.24534371,0.3396783,0.013836271,0.022381872,0.2821811,0.010822017,0.030843716,0.0018944206,cat,0.908515691757202,1.526249e-05,4.527417e-05,0.047747295,0.9085157,0.0018353938,0.0002523202,0.041502513,8.493239e-05,1.3470096e-06,5.415754e-08
4SA,frog,frog,0.2579415440559387,0.010310018,0.042186245,0.109946355,0.18062603,0.06477613,0.1696912,0.25794154,0.08035497,0.047696672,0.036470767,cat,0.3043496608734131,0.018883497,0.01610888,0.12258703,0.30434966,0.0998389,0.13673134,0.21450408,0.02000761,0.06365035,0.0033386715,cat,0.844683825969696,5.668186e-07,2.1337598e-06,0.05797565,0.8446838,0.05965156,0.024061877,0.01243442,0.0011858513,4.1863696e-06,2.7849079e-09
4SC,ship,ship,0.1786184459924698,0.11314129,0.09012417,0.08924901,0.09591669,0.06666355,0.09981259,0.0928743,0.0648677,0.17861845,0.1087322,ship,0.7859629988670349,0.060102113,0.011008166,0.024423795,0.023663636,0.017803365,0.017032493,0.021686299,0.0023096383,0.785963,0.036007505,ship,0.9972061514854432,0.00011732211,1.1102437e-05,0.00202629,0.00032663063,5.1662137e-05,3.6557893e-05,8.91508e-06,4.4638148e-07,0.99720615,0.00021483604
4SE,bird,truck,0.2641567885875702,0.037552428,0.082275815,0.06421677,0.07837817,0.13268425,0.04627732,0.091675036,0.08307037,0.1197131,0.2641568,deer,0.3781590163707733,0.014651076,0.027355293,0.008053244,0.06747463,0.37815902,0.02819007,0.03536849,0.018627714,0.09458983,0.32753053,deer,0.9998779296875,1.2591087e-07,7.686556e-07,6.033192e-06,1.900816e-06,0.9998779,0.00010220003,3.1189316e-07,2.1496864e-07,6.234033e-06,4.3093437e-06
4SG,automobile,bird,0.1482351422309875,0.055446647,0.083899125,0.14823514,0.13146959,0.06668756,0.13916871,0.12031234,0.10916365,0.0542448,0.09137242,automobile,0.5778525471687317,0.030617032,0.57785255,0.15233439,0.045739338,0.028441284,0.024401328,0.012938938,0.002702865,0.0047313166,0.12024095,automobile,0.8894453644752502,3.810575e-05,0.88944536,0.10978566,9.883987e-06,1.9416833e-05,2.2309484e-08,2.3807022e-05,3.225461e-07,2.0156509e-05,0.0006574261
4SJ,deer,truck,0.2781865894794464,0.01682718,0.07827406,0.09777347,0.0805295,0.104661174,0.036697026,0.13119274,0.079411946,0.09644623,0.2781866,deer,0.1819841712713241,0.025107268,0.18025501,0.073400415,0.130073,0.18198417,0.028141368,0.08282504,0.0029562532,0.11403433,0.18122315,dog,0.6994684338569641,0.00011052404,0.00011437957,0.00018988876,0.027954118,0.24153218,0.69946843,0.025598165,0.0031784573,0.0015775682,0.00027623674
4SM,cat,dog,0.2849745452404022,0.031074807,0.038540393,0.10010619,0.15371206,0.068591,0.28497455,0.14657016,0.11136636,0.03319961,0.031864814,cat,0.5760818123817444,0.0039473814,0.0010317286,0.06688986,0.5760818,0.039745737,0.15370901,0.11014948,0.03982259,0.0010686602,0.0075537567,cat,0.6897086501121521,9.813098e-09,5.046506e-09,0.0002404598,0.68970865,0.024162287,0.019462328,5.6260546e-05,0.2663701,6.132171e-09,2.963344e-10
4SP,frog,frog,0.295376569032669,0.0048814956,0.032992136,0.10215603,0.1891213,0.05200205,0.108307734,0.29537657,0.13803616,0.030221833,0.046904724,cat,0.2288580536842346,0.089348055,0.11691206,0.09172141,0.22885805,0.1474108,0.04287168,0.108841285,0.05786662,0.07389101,0.04227907,deer,0.7345256805419922,0.0646096,0.010059384,0.010732056,0.029451502,0.7345257,0.0007780428,0.114381164,0.035257246,7.6075296e-05,0.00012922467
4SR,bird,frog,0.2981759011745453,0.0063940487,0.021637958,0.12688893,0.14129966,0.037781063,0.13160077,0.2981759,0.16986975,0.03198364,0.034368187,bird,0.3674695193767547,0.003354887,0.0014734702,0.36746952,0.08703513,0.010075191,0.22844484,0.0862765,0.20982233,0.004354658,0.0016935036,dog,0.6656270027160645,5.3836166e-06,9.84678e-05,0.18887176,0.009126933,0.0024626039,0.665627,0.03135429,0.10244377,1.6180395e-07,9.695298e-06
4ST,ship,truck,0.4084828495979309,0.06603002,0.077565685,0.05448677,0.054244798,0.05622501,0.019996257,0.04738588,0.08174453,0.13383819,0.40848285,truck,0.8612661957740784,0.02672467,0.011366567,0.0006432564,0.0004917688,0.0007757814,0.00040657618,0.00011798715,9.1268754e-05,0.09811582,0.8612662,truck,0.9983672499656676,6.299896e-07,0.0014667526,3.7380434e-07,1.9598864e-11,1.5974939e-07,4.8138318e-08,1.2085391e-10,3.0598996e-11,0.00016479657,0.99836725
4SW,cat,truck,0.4511435925960541,0.06884096,0.080467336,0.06543946,0.034681495,0.066583715,0.023650296,0.03425359,0.062607855,0.11233172,0.4511436,truck,0.6440350413322449,0.034846015,0.09892756,0.13631716,0.031502157,0.010637123,0.019948358,0.0034859874,0.0016521497,0.018648406,0.64403504,bird,0.967800498008728,1.6502104e-06,5.583503e-05,0.9678005,0.00089858257,0.030196903,0.00053761405,2.138699e-07,2.7796688e-08,1.5721365e-07,0.00050862087
4SY,ship,truck,0.2353259921073913,0.052335348,0.094514124,0.10586663,0.0684617,0.11386955,0.061842423,0.08970038,0.074866235,0.10321765,0.23532599,truck,0.3497670888900757,0.012408074,0.08865813,0.095240496,0.024289573,0.26306978,0.01586853,0.1136195,0.0063476493,0.030731218,0.3497671,bird,0.848307192325592,3.1789226e-05,0.014076933,0.8483072,0.0001529938,0.062904835,0.000121568286,0.068141215,0.0005789988,0.00027467514,0.005409838
4T0,ship,truck,0.3440990149974823,0.08045713,0.12853372,0.037525896,0.05220787,0.068282366,0.024809623,0.03808803,0.03781905,0.18817739,0.34409901,ship,0.5114144682884216,0.0071147513,0.10404998,0.0001377796,0.0044999085,0.004585877,0.00052052154,0.0006385384,3.4918496e-05,0.51141447,0.3670032,ship,0.9960317015647888,1.4296381e-06,5.663357e-06,1.01811635e-08,4.981801e-08,7.5968575e-07,3.7208667e-10,2.5181204e-10,1.0620635e-15,0.9960317,0.003960376
4T2,truck,truck,0.4371582567691803,0.0569746,0.07674233,0.058320407,0.040858373,0.050504494,0.01825286,0.041210044,0.05047233,0.16950633,0.43715826,truck,0.8898895382881165,0.0015728191,0.006489463,0.0010836824,0.0009974443,0.0005173883,9.881047e-05,0.00044145162,9.17286e-05,0.098817624,0.88988954,truck,0.5814483761787415,8.701377e-09,1.5470274e-05,2.1295975e-06,4.377483e-08,4.6398338e-08,6.0661296e-07,4.4198298e-10,4.6365162e-08,0.41853327,0.5814484
4T4,automobile,truck,0.2894789278507232,0.014885992,0.11416843,0.06570912,0.09533488,0.070052154,0.030444114,0.11386583,0.041035548,0.16502497,0.28947893,automobile,0.6661571860313416,0.055595115,0.6661572,0.0026550032,0.0038772095,0.0003949196,0.0011006368,0.0002530658,0.00050419854,0.06940431,0.2000584,automobile,0.9823492169380188,0.0006227756,0.9823492,2.2094793e-05,7.874814e-06,2.2494856e-08,1.0036513e-09,2.362676e-08,1.9340851e-07,0.0015557761,0.01544208
4T6,dog,frog,0.316533088684082,0.005547022,0.02253681,0.061847713,0.17850538,0.046409808,0.22760908,0.3165331,0.10369809,0.022869693,0.01444336,frog,0.7326000332832336,0.001614744,0.003707974,0.00441641,0.08335351,0.027616978,0.1352013,0.73260003,0.007894899,0.0017502514,0.0018439081,frog,0.9744114875793456,4.444313e-09,1.5177932e-06,5.6981486e-07,4.0310017e-05,0.020809738,0.0047313757,0.9744115,4.9970686e-06,2.692309e-12,2.2004971e-09
4T8,horse,frog,0.2829744219779968,0.006319299,0.032211684,0.18302007,0.12903088,0.045639463,0.062565595,0.28297442,0.0883544,0.070146434,0.099737816,bird,0.6159249544143677,0.049063873,0.0017708988,0.61592495,0.14828214,0.0025155055,0.009112852,0.04743718,0.0029024133,0.11900436,0.003985811,cat,0.7256981730461121,0.18683161,0.00020229325,0.07033832,0.7256982,6.415073e-06,0.0015738223,0.013062067,0.000331022,0.0019473016,9.018647e-06
4TA,airplane,airplane,0.6423313021659851,0.6423313,0.029345872,0.05260506,0.023509925,0.013630814,0.035399865,0.017356144,0.059029277,0.06606768,0.060724135,airplane,0.9937450289726256,0.993745,7.023489e-06,0.002601058,8.9741414e-05,0.00035317973,9.026345e-05,0.00014380779,2.479822e-05,0.0028824646,6.267327e-05,airplane,0.9999977350234984,0.99999774,4.6385883e-15,2.1769697e-09,7.502181e-11,1.1452444e-07,1.6059431e-14,1.8730473e-08,2.4842002e-17,2.1738695e-06,9.344752e-12
4TC,deer,frog,0.1698722690343856,0.030054038,0.0661492,0.095918156,0.13028707,0.11945084,0.13344489,0.16987227,0.10096496,0.07575751,0.07810105,cat,0.2458238750696182,0.018173203,0.0027184116,0.06280879,0.24582388,0.2147981,0.23607701,0.17712376,0.019611428,0.019570481,0.003295022,deer,0.974672555923462,8.235273e-05,2.7303575e-08,0.0049927575,0.01804722,0.97467256,0.001308027,0.0008824081,6.626416e-07,1.3988146e-05,1.6047569e-09
4TE,horse,truck,0.1327470541000366,0.054202635,0.08678887,0.0842376,0.11741182,0.089812584,0.106633306,0.122021735,0.12251792,0.08362643,0.13274705,automobile,0.2946343719959259,0.049609248,0.29463437,0.0042733285,0.053458266,0.20069394,0.06983154,0.022539183,0.053868126,0.02801658,0.22307537,deer,0.8681184649467468,1.9424642e-06,0.044551037,2.8725219e-05,0.00015083901,0.86811846,0.00012907114,2.1232158e-07,0.08701554,3.543304e-07,3.7343555e-06
4TG,frog,frog,0.1985738575458526,0.018301751,0.06293731,0.11706343,0.12392713,0.10016223,0.0814711,0.19857386,0.10892678,0.07642749,0.11220887,frog,0.428049087524414,0.0076793693,0.0066700876,0.18385409,0.16996863,0.09916773,0.03753408,0.4280491,0.044465564,0.012727339,0.00988409,frog,0.5429022312164307,7.8437646e-05,2.309443e-05,0.03578008,0.15570632,0.2638183,0.0011852009,0.54290223,0.00049518433,9.862404e-06,1.2465338e-06
4TJ,airplane,truck,0.2385708391666412,0.06791642,0.11899957,0.06635839,0.06746642,0.09469545,0.05322409,0.059203144,0.04292849,0.1906372,0.23857084,ship,0.5126495957374573,0.065933384,0.21198936,0.00525075,0.009082703,0.04911674,0.019584088,0.0017667798,0.0011198722,0.5126496,0.123506725,ship,0.7077723741531372,0.0076433877,0.01881021,0.0015694208,5.377489e-05,0.26358184,4.194954e-06,1.5460994e-08,6.139598e-09,0.7077724,0.0005647825
4TM,bird,ship,0.2539977729320526,0.1619566,0.079718865,0.06984837,0.034970764,0.041757192,0.02893504,0.03650521,0.044643823,0.25399777,0.24766631,ship,0.8638839721679688,0.073196225,0.0061239735,0.029189736,0.00033568978,0.0052223178,0.001771602,0.0031561009,0.00036551058,0.863884,0.016754834,ship,0.998976230621338,1.602342e-05,9.891302e-07,0.0009857956,3.874281e-12,6.0382284e-08,3.5987457e-09,4.3634266e-10,4.0886606e-13,0.99897623,2.0919437e-05
4TP,frog,frog,0.2122873216867447,0.009839666,0.053539567,0.061515592,0.12261522,0.1601795,0.118102595,0.21228732,0.10241699,0.057592902,0.10191071,cat,0.3519522845745086,0.02030335,0.007613832,0.01471508,0.35195228,0.16083579,0.15275855,0.258409,0.008027461,0.018040322,0.007344352,frog,0.5699260234832764,0.19186047,0.00046212942,0.001497747,0.20723836,0.01583396,0.011763536,0.569926,8.480395e-09,0.0014098904,7.912468e-06
4TR,horse,truck,0.450909823179245,0.014490368,0.067078464,0.059792366,0.055391297,0.09816785,0.019856619,0.06056494,0.10631302,0.06743525,0.45090982,truck,0.3111728131771087,0.0009621406,0.27193123,0.013950091,0.25370732,0.052683577,0.015555798,0.005184821,0.07358062,0.0012715928,0.3111728,horse,0.890567421913147,5.22031e-12,6.7337817e-07,9.318297e-06,0.004802732,0.1046108,9.013956e-06,9.1204416e-10,0.8905674,8.807529e-16,1.1696906e-07
4TT,bird,frog,0.2156346291303634,0.009875354,0.054957088,0.10970519,0.104177065,0.12493144,0.09634738,0.21563463,0.077833526,0.08365722,0.122881085,frog,0.3309199512004852,0.014244244,0.008223317,0.24269378,0.10100035,0.050100688,0.2008427,0.33091995,0.02075426,0.014539245,0.016681464,frog,0.9399440884590148,0.0001353491,2.2708225e-06,0.00076028734,0.0007085775,0.00022320742,0.05817632,0.9399441,2.6173413e-07,6.4337144e-07,4.902122e-05
4TW,dog,horse,0.1763186752796173,0.07099052,0.062205177,0.112452865,0.095599815,0.08734152,0.120390944,0.10251675,0.17631868,0.073460944,0.09872281,dog,0.776870846748352,0.056143686,0.002384646,0.024170341,0.015976686,0.03742152,0.77687085,0.0020660716,0.07498894,0.0077166846,0.0022606472,dog,0.9987045526504515,1.7769726e-05,1.0222275e-09,2.93898e-06,0.0003816905,0.0004946273,0.99870455,8.595882e-07,0.0003967192,8.053742e-07,1.9501574e-08
4TY,dog,truck,0.132389485836029,0.044494465,0.086955376,0.055858515,0.12964396,0.11171322,0.10979377,0.1237533,0.101221405,0.10417642,0.13238949,cat,0.5812283754348755,0.060059138,0.057131372,0.0009194693,0.5812284,0.031368952,0.06457071,0.0115829855,0.019735489,0.014749607,0.1586539,cat,0.9926251769065856,5.0509607e-06,7.317755e-05,8.386719e-09,0.9926252,0.000931037,0.005545917,3.1182515e-07,3.3155524e-05,1.3270034e-07,0.00078603835
4V0,airplane,airplane,0.3577200472354889,0.35772005,0.072946444,0.04226355,0.03321752,0.03374189,0.027353154,0.020934066,0.052760366,0.11970773,0.23935528,airplane,0.4581752121448517,0.4581752,0.009764842,0.00579844,0.0006760508,0.013103821,0.00032376958,0.0021622796,0.00022080641,0.19824547,0.31152928,airplane,0.9023391604423524,0.90233916,0.00025695786,0.00046189912,3.4171876e-08,0.0045611574,9.931944e-12,4.2653426e-08,2.0829538e-11,0.0059367106,0.08644399
4V2,truck,truck,0.3998607695102691,0.045305796,0.08347465,0.075421505,0.05470715,0.06152847,0.020286039,0.056938086,0.074858956,0.1276185,0.39986077,truck,0.6431711316108704,0.039901577,0.20593461,0.017657872,0.02772933,0.0024007892,0.007073624,0.0014429806,0.00094621157,0.053741947,0.64317113,truck,0.9131932854652404,0.00028180258,0.0031987203,0.07725675,0.0021699106,0.00014943688,0.00051353866,6.395418e-05,0.00015457596,0.0030179655,0.9131933
4V4,deer,horse,0.2146635353565216,0.037250396,0.04950186,0.10701067,0.1248563,0.064005375,0.10698251,0.16069983,0.21466354,0.058474027,0.07655555,horse,0.2558830678462982,0.026590126,0.01722835,0.08812902,0.06305473,0.16216081,0.19089293,0.11729608,0.25588307,0.044581383,0.03418348,frog,0.5279147624969482,3.9021288e-05,0.00023676109,0.004058207,0.00028809713,0.4250947,0.008396028,0.52791476,0.03368779,5.2892633e-06,0.00027931534
4V6,ship,horse,0.1644719094038009,0.03537973,0.06883731,0.09392784,0.13522339,0.078406855,0.092335954,0.13124104,0.16447191,0.059891723,0.14028426,truck,0.582870602607727,0.13379999,0.051161394,0.01202863,0.089931585,0.015139248,0.039553143,0.004888278,0.029824963,0.04080215,0.5828706,truck,0.5676026940345764,0.0027067885,0.31713286,4.7806757e-06,0.0050759646,5.3280357e-05,0.09652765,0.001693886,0.0006340371,0.008568039,0.5676027
4V8,deer,frog,0.1771466732025146,0.020332746,0.07033145,0.08716697,0.121181756,0.13895735,0.106621176,0.17714667,0.09782724,0.073620625,0.10681393,deer,0.3572808802127838,0.008996185,0.007423019,0.075556256,0.11301021,0.35728088,0.11328318,0.26947328,0.03632974,0.008542278,0.010105007,deer,0.504609227180481,2.9518398e-07,5.57779e-07,0.494221,0.00048345997,0.5046092,3.6223137e-05,0.0006489065,2.4004765e-07,5.4829705e-08,3.1284955e-09
4VA,deer,horse,0.3386634886264801,0.108274914,0.024115209,0.14762399,0.074240394,0.031236311,0.13829747,0.0769205,0.3386635,0.025588466,0.03503926,bird,0.5796337723731995,0.12982766,0.00052764046,0.5796338,0.030114416,0.020680502,0.14963076,0.0107927285,0.07757707,0.0010482721,0.00016724659,horse,0.9680597186088562,1.0848967e-05,2.0960648e-07,0.0038591789,0.0020740035,0.0060151573,0.0077842665,0.0121967,0.9680597,9.355938e-11,9.355386e-11
4VC,ship,horse,0.156089961528778,0.05755926,0.064914025,0.15324253,0.119103305,0.03855468,0.10228043,0.11312485,0.15608996,0.09110903,0.104021885,bird,0.2636169791221618,0.11181683,0.21325818,0.26361698,0.08395578,0.0021351976,0.19602178,0.0046213036,0.018444836,0.07821068,0.027918417,cat,0.9690812826156616,0.0011719271,0.010703305,0.0014480099,0.9690813,3.069225e-08,0.017536601,4.245341e-06,3.7142567e-05,1.2146999e-05,5.1864326e-06
4VE,airplane,airplane,0.2310182750225067,0.23101828,0.08625988,0.072442785,0.059304003,0.054041427,0.059812617,0.045698076,0.087244205,0.13796358,0.16621521,ship,0.5315542817115784,0.19306974,0.028658627,0.014271193,0.0169896,0.025153063,0.047977053,0.008997549,0.0043857554,0.5315543,0.1289431,ship,0.8779589533805847,0.112645596,0.00017359565,0.00096265273,4.9827373e-05,0.0061896252,7.545999e-05,6.9977523e-06,3.806831e-09,0.87795895,0.0019372597
4VG,dog,frog,0.2346723973751068,0.01146318,0.060062177,0.10196002,0.13060702,0.09016612,0.0630726,0.2346724,0.058338594,0.119112395,0.1305455,frog,0.6854156255722046,0.0012238895,0.0106027005,0.05720395,0.15245208,0.024968429,0.008586238,0.6854156,0.00088957447,0.041504305,0.017153187,frog,0.9894948601722716,1.6521409e-07,2.1579896e-07,0.0018856485,0.0054714973,0.0027873009,0.0003477633,0.98949486,7.833959e-06,2.484685e-06,2.2463812e-06
4VJ,cat,frog,0.2351963222026825,0.010910063,0.04476545,0.08593816,0.12843244,0.107486464,0.107040405,0.23519632,0.15591565,0.04395096,0.080364175,frog,0.4692457616329193,0.0026606556,0.012521199,0.080766164,0.13393484,0.17917216,0.03600595,0.46924576,0.07920437,0.0007568072,0.005732087,deer,0.5866235494613647,4.6029697e-08,0.0016178922,0.008245728,0.0004982207,0.58662355,1.1041414e-05,0.40282324,0.0001802011,1.097635e-11,5.6136584e-09
4VM,ship,frog,0.1996330916881561,0.012404012,0.08458225,0.08027127,0.14216366,0.07895519,0.08452861,0.19963309,0.15014079,0.044378202,0.12294292,automobile,0.9412258863449096,0.0036506217,0.9412259,0.000265519,0.0020754833,0.0031029086,0.0022916056,0.0008758839,0.0015381869,0.0017482189,0.04322558,automobile,0.9940515160560608,0.0027075096,0.9940515,3.044429e-08,1.1748794e-05,3.0483002e-07,2.8315699e-06,2.7600875e-06,3.640405e-06,0.00023603531,0.0029836136
4VP,horse,horse,0.1867113411426544,0.031060092,0.06181309,0.07305628,0.090331316,0.12584843,0.06854745,0.12664707,0.18671134,0.067993626,0.16799134,horse,0.6577037572860718,0.008998407,0.012688745,0.0043830397,0.036557063,0.15669793,0.07127816,0.017644702,0.65770376,0.0025018172,0.031546358,horse,0.9977947473526,1.196528e-10,1.4009686e-06,9.1451284e-08,1.2147756e-07,0.0016955473,0.0005047245,3.347522e-06,0.99779475,6.906766e-12,2.7565864e-08
4VR,cat,truck,0.1525719612836837,0.032761436,0.09775393,0.07284141,0.11225411,0.121260025,0.08791182,0.115389384,0.13755311,0.0697028,0.15257196,automobile,0.3309619128704071,0.013490617,0.3309619,0.048367023,0.053882092,0.062411565,0.087298736,0.04891722,0.23476116,0.016935337,0.10297427,deer,0.5622742772102356,0.00014841839,0.00070267793,0.23372231,0.0026450376,0.5622743,0.0014693869,0.0015694071,0.19678947,0.00020918433,0.00046985305
4VT,deer,frog,0.2750403583049774,0.0054964935,0.03941863,0.12557828,0.12063415,0.073833376,0.050576977,0.27504036,0.122214355,0.06323423,0.12397308,bird,0.3130808770656585,0.024525248,0.025260068,0.31308088,0.19660558,0.0766998,0.024587333,0.24240464,0.036978915,0.05012823,0.009729286,deer,0.9734386801719666,0.0023134297,8.1717604e-05,0.0030737165,0.011376212,0.9734387,9.291605e-06,0.008862977,0.000840577,1.8016276e-06,1.6030884e-06
4VW,horse,frog,0.1747452467679977,0.022439787,0.07392765,0.09605291,0.1635549,0.064039804,0.101176746,0.17474525,0.12146035,0.07348697,0.10911559,horse,0.1831056773662567,0.15972961,0.16207217,0.01108913,0.11750109,0.041503172,0.050127406,0.011530368,0.18310568,0.10614157,0.1571998,cat,0.4897380173206329,0.00025542933,4.0189276e-05,0.0007393384,0.48973802,0.0045107873,0.046195615,1.4452652e-05,0.45833212,0.00011242933,6.159503e-05
4VY,airplane,ship,0.2102491855621338,0.109059565,0.08079086,0.12058496,0.08489724,0.02947542,0.05028406,0.08877056,0.060946815,0.21024919,0.16494133,ship,0.7118549346923828,0.22929059,0.0069915433,0.0053140796,0.0015430931,0.00066370936,0.00079412624,0.0009060435,2.6887816e-05,0.71185493,0.04261496,ship,0.9896122813224792,0.010372174,1.5391622e-07,1.0213248e-06,5.546474e-07,8.177363e-09,4.8202825e-08,4.134989e-06,2.2612264e-11,0.9896123,9.613495e-06
4W0,frog,horse,0.2444024085998535,0.055452146,0.053749777,0.09937388,0.09696071,0.0801244,0.06621906,0.099699475,0.24440241,0.05537397,0.14864416,cat,0.4623894393444061,0.00068207644,0.008068642,0.024206877,0.46238944,0.022589386,0.00907106,0.40218678,0.010882078,0.0063103633,0.053613257,frog,0.8993633985519409,5.3397038e-08,5.769818e-05,0.0002461952,0.085696,2.6619211e-06,0.000947022,0.8993634,0.013684709,2.0794908e-09,2.3424573e-06
4W2,horse,truck,0.1786239445209503,0.07055294,0.066463575,0.12429246,0.08040625,0.06838183,0.059792172,0.08876321,0.15302816,0.10969543,0.17862394,bird,0.3751313686370849,0.030751038,0.017339,0.37513137,0.23972256,0.008594351,0.118821874,0.018982321,0.04784142,0.06631956,0.07649653,dog,0.4964513480663299,0.00019068993,8.363945e-05,0.096697345,0.36317796,4.18539e-05,0.49645135,0.00049140153,0.03695931,0.0024625203,0.0034439934
4W4,cat,frog,0.2108705639839172,0.018387878,0.04509956,0.10864301,0.16085787,0.07320921,0.20642373,0.21087056,0.096681334,0.046042453,0.0337844,cat,0.2973892390727997,0.00443878,0.008424806,0.05293957,0.29738924,0.11229928,0.21677732,0.24914894,0.050960634,0.0047453055,0.002876077,cat,0.3310776948928833,2.5725552e-05,0.00083043537,0.0051387115,0.3310777,0.30089822,0.11419008,0.22782929,0.020009004,6.102594e-07,2.498514e-07
4W6,dog,frog,0.1877391040325164,0.019401563,0.04381757,0.11774414,0.12632671,0.08305209,0.06634859,0.1877391,0.18296713,0.06516692,0.10743618,cat,0.4609141945838928,0.012070604,0.0032830206,0.12824959,0.4609142,0.06416182,0.1770005,0.10151953,0.01790712,0.03340536,0.0014882422,cat,0.6808708310127258,1.4362707e-05,7.73754e-06,0.0007437495,0.68087083,0.17782949,0.07810612,0.036422826,0.026004571,2.4898412e-07,8.799516e-09
4W8,dog,frog,0.2110345512628555,0.01958377,0.034416582,0.095447905,0.121433705,0.076836646,0.18609512,0.21103455,0.18308146,0.03274809,0.039322156,frog,0.4226685166358948,0.0019898128,0.003123346,0.06642662,0.040183585,0.09709759,0.11832245,0.42266852,0.24470489,0.00048486987,0.0049983566,deer,0.459016740322113,2.556394e-07,2.0613166e-05,0.0009812122,1.6581795e-05,0.45901674,0.0026875297,0.16170222,0.3755747,1.7066476e-12,1.700853e-07
4WA,cat,frog,0.2209968715906143,0.010089972,0.064154305,0.06613325,0.17034079,0.099882,0.11059672,0.22099687,0.122996725,0.0533889,0.08142041,cat,0.3511196374893188,0.0040391986,0.1406699,0.0120135285,0.35111964,0.027282154,0.10470073,0.2642818,0.036382955,0.0022866165,0.057223413,cat,0.7577239274978638,2.2296708e-06,0.015433369,0.0016604373,0.7577239,0.0006298767,0.010276505,0.21286713,0.00074922724,8.8212865e-10,0.00065721973
4WC,frog,frog,0.1559511721134185,0.030300243,0.07106432,0.10641003,0.111763746,0.120552175,0.1129261,0.15595117,0.10975885,0.076410845,0.10486249,frog,0.3379192352294922,0.0073966077,0.005015046,0.26800928,0.14679617,0.062248595,0.1269835,0.33791924,0.018504433,0.02231669,0.004810458,frog,0.9873658418655396,0.00013941336,2.8775016e-08,0.0019666331,0.00023201891,0.00016678736,0.010122974,0.98736584,5.4059463e-08,6.1916094e-06,4.2385732e-08
4WE,airplane,truck,0.2710990607738495,0.012818414,0.10886236,0.034060817,0.09863958,0.16987978,0.047473487,0.111154154,0.06745341,0.07855894,0.27109906,automobile,0.6633721590042114,0.004412696,0.66337216,8.039903e-05,0.031016456,0.020718798,0.0092343055,0.0074987826,0.00021193315,0.010665244,0.25278917,automobile,0.6959795355796814,0.0040516723,0.69597954,1.0650297e-08,0.0128163025,0.2700915,8.50234e-05,0.002875538,4.665947e-10,7.111587e-06,0.01409329
4WG,automobile,airplane,0.3069197535514831,0.30691975,0.069283,0.0751299,0.056446873,0.039886903,0.06766079,0.04316298,0.10215979,0.1004034,0.1389466,truck,0.4147958159446716,0.102627255,0.2674079,0.027657246,0.023703808,0.011330061,0.013966008,0.09609931,0.010420936,0.031991728,0.41479582,truck,0.6620299220085144,0.000106675296,0.33291906,0.0019226429,1.18731066e-07,2.1002938e-06,1.6268367e-06,0.003010965,2.45086e-06,4.3853147e-06,0.6620299
4WJ,cat,dog,0.2317311912775039,0.151201,0.07558748,0.07703575,0.120876394,0.052455556,0.23173119,0.07671749,0.09328281,0.070814975,0.05029741,cat,0.542782723903656,0.044760995,0.011306657,0.010324991,0.5427827,0.005886206,0.27903324,0.038589288,0.008393949,0.024511572,0.03441037,cat,0.9587730169296264,1.0049162e-05,3.641657e-07,1.6218083e-07,0.958773,0.00018303136,0.04091713,5.3039057e-06,5.181016e-06,7.432175e-05,3.151928e-05
4WM,frog,dog,0.3238034546375274,0.044302765,0.04070727,0.09652344,0.15487401,0.055000648,0.32380345,0.12696548,0.1040476,0.032008436,0.021766841,frog,0.6579973101615906,0.007610228,0.0026504258,0.0917054,0.17047301,0.015088768,0.045454647,0.6579973,0.0033459575,0.0033153142,0.0023589488,frog,0.9992608428001404,3.894585e-06,1.6110269e-08,1.3796078e-05,0.00049747014,5.300142e-06,0.00021840728,0.99926084,2.3757825e-07,1.1666085e-08,3.9842624e-10
4WP,airplane,airplane,0.5141364932060242,0.5141365,0.024081597,0.0922269,0.03849299,0.008840278,0.14802356,0.029153883,0.07700834,0.048226677,0.019809278,airplane,0.8895177841186523,0.8895178,0.001149094,0.089066856,0.0012951919,0.0016715751,0.0050330013,0.0035759215,0.0022497943,0.0053285956,0.001112167,bird,0.6402888298034668,0.25110155,0.014006002,0.64028883,0.00095844857,0.000120858844,6.0993904e-07,0.07598467,3.5653684e-07,0.017538216,3.521133e-07
4WR,airplane,airplane,0.7796859741210938,0.779686,0.018580148,0.03418668,0.016796,0.0059287297,0.036286604,0.00991841,0.03406308,0.041127086,0.023427218,airplane,0.9943607449531556,0.99436074,1.5885678e-05,0.0011663478,3.3946733e-05,0.00044703233,8.163552e-05,0.00011582173,1.0911164e-05,0.0036169277,0.00015081976,airplane,0.9999983310699464,0.99999833,4.936904500000001e-16,9.3116553e-10,7.04241e-11,8.0234105e-07,2.3035523e-14,1.2370935e-08,3.573784e-18,8.7603104e-07,8.4873417e-13
4WT,airplane,airplane,0.8257689476013184,0.82576895,0.01722949,0.023633707,0.011068803,0.003774908,0.022513619,0.006056476,0.017376993,0.047643222,0.024933761,airplane,0.9828291535377502,0.98282915,4.834423e-05,0.004256594,5.3320444e-05,0.0005467691,9.875078e-05,0.0008160954,1.334029e-06,0.010488245,0.00086140103,airplane,0.9999676942825316,0.9999677,1.0655581e-13,4.3086845e-07,4.7998276e-09,1.8534942e-05,1.1974778e-12,1.8878865e-06,2.313046e-20,1.1550014e-05,3.0510242e-10
4WW,horse,truck,0.3258882462978363,0.049940545,0.056405753,0.088315725,0.058611263,0.057487797,0.024404556,0.07952331,0.13160908,0.12781374,0.32588825,truck,0.4011734127998352,0.19886297,0.0071078492,0.041943956,0.03895864,0.013098051,0.0119691575,0.0072099664,0.06663174,0.21304435,0.4011734,horse,0.9063987731933594,0.0009645836,1.0539094e-06,0.0010460166,0.0003861955,0.0017039808,0.0103220325,0.008229978,0.9063988,0.045930933,0.025016585
4WY,bird,horse,0.2006502300500869,0.10571597,0.054742936,0.13729562,0.09454625,0.06984157,0.1283074,0.08670511,0.20065023,0.053132217,0.06906277,bird,0.5497856736183167,0.026351327,0.0012218012,0.5497857,0.13498378,0.028641164,0.17017052,0.07836268,0.005935964,0.004032634,0.0005143889,dog,0.567201554775238,0.000368681,1.7502194e-07,0.13822079,0.032015353,0.00033785013,0.56720155,0.2614915,0.00036231117,1.8436115e-06,2.4708968e-09
4X0,truck,truck,0.4370323717594147,0.022024777,0.08498564,0.041213673,0.048764642,0.0898032,0.017240502,0.06479144,0.06669745,0.12744634,0.43703237,truck,0.6321123242378235,0.013897595,0.268476,0.00060951925,0.004040712,0.007819608,0.0076495293,0.00092402584,0.0028189758,0.061651736,0.6321123,truck,0.7464691996574402,8.837031e-05,0.24898994,2.4412348e-06,1.17867085e-05,0.0014636009,0.0018073118,1.3862485e-06,7.0452e-05,0.0010955087,0.7464692
4X2,deer,horse,0.1491544395685196,0.05507357,0.06931582,0.11935123,0.10281026,0.089618385,0.09244531,0.1275506,0.14915444,0.08072264,0.113957696,horse,0.1860265433788299,0.036240146,0.01966353,0.12355255,0.12420149,0.1818634,0.13917662,0.13858975,0.18602654,0.022559134,0.028126886,frog,0.6569263339042664,0.00020342854,4.7703194e-05,0.008338232,0.0136983795,0.13965483,0.075714074,0.65692633,0.10509791,0.00028501416,3.4013996e-05
4X4,dog,truck,0.1511899530887603,0.020587103,0.08306783,0.11428616,0.116065934,0.11547197,0.08096817,0.14025956,0.11579287,0.062310386,0.15118995,automobile,0.2902046144008636,0.026356561,0.2902046,0.13366672,0.110798396,0.14293961,0.10755894,0.055687197,0.037438884,0.021040674,0.07430842,deer,0.3778686225414276,0.0007949922,0.01719692,0.22419345,0.05251827,0.37786862,0.15523899,0.005679005,0.16593333,0.00042386708,0.00015249787
4X6,frog,frog,0.2279212325811386,0.0071570687,0.058463447,0.09134303,0.14832677,0.11695636,0.15067899,0.22792123,0.076776,0.04519321,0.07718383,frog,0.4632719457149505,0.0017546412,0.01958669,0.15718672,0.14090595,0.11595345,0.067436144,0.46327195,0.00517973,0.0022049455,0.026519844,bird,0.6071218252182007,3.4300985e-08,4.501592e-06,0.6071218,0.00023908779,0.39052835,0.00010104593,0.0020047252,4.2912947e-07,1.1441487e-10,4.099211e-08
4X8,bird,dog,0.29967200756073,0.039872456,0.02545226,0.11151276,0.12308271,0.05942959,0.299672,0.13675812,0.15280269,0.028660964,0.02275642,frog,0.5398569107055664,0.002908393,6.536518e-05,0.14663003,0.0873011,0.048986517,0.12621571,0.5398569,0.0471154,0.0006163116,0.00030418846,frog,0.9891926646232604,5.659793e-07,3.153986e-10,0.00013799407,0.00024058491,0.0017285858,0.008645497,0.98919266,5.4141852e-05,3.6867875e-09,1.9983426e-11
4XA,bird,airplane,0.3159996271133423,0.31599963,0.052964624,0.082381025,0.06624919,0.043931227,0.0868259,0.049632058,0.13626778,0.0723843,0.093364194,airplane,0.9773210883140564,0.9773211,0.00051020045,0.003932928,0.009911092,0.00066494907,0.0008208794,0.0033615697,0.0001239833,0.0025570646,0.0007962096,airplane,0.9999903440475464,0.99999034,1.9267769e-07,4.391499e-09,6.140448e-07,1.5251926e-08,5.4586847e-12,8.8319675e-06,1.6046339e-13,2.5749016e-09,9.682517e-09
4XC,frog,frog,0.2932592928409576,0.0059148395,0.043908533,0.10599066,0.159371,0.08011709,0.113345504,0.2932593,0.08695716,0.05109325,0.060042664,frog,0.3831453025341034,0.005314522,0.03535336,0.17843711,0.21618569,0.07835446,0.03722585,0.3831453,0.054033995,0.008920171,0.0030295025,deer,0.8351215720176697,5.1072616e-06,0.015492437,0.018858606,0.026638076,0.8351216,6.395964e-05,0.1029402,0.0008799766,2.2690086e-08,4.1236316e-08
4XE,deer,frog,0.1760005354881286,0.031647153,0.045152787,0.1742681,0.11181118,0.053873513,0.08352999,0.17600054,0.14711595,0.07548194,0.10111887,cat,0.4321602284908294,0.060887326,0.027937094,0.22605151,0.43216023,0.015957648,0.06947776,0.04636084,0.018999774,0.084891245,0.017276527,cat,0.9698117971420288,0.00413272,0.0022104473,0.007973069,0.9698118,2.2371389e-05,0.00057985645,0.010510254,0.002500265,0.002243953,1.5263908e-05
4XG,deer,dog,0.2627624869346618,0.028050713,0.03154416,0.11370485,0.1664424,0.050867483,0.2627625,0.16579798,0.13350444,0.026595024,0.020730415,frog,0.3740366995334625,0.0036440126,0.003713916,0.12487879,0.18588474,0.12296893,0.09318647,0.3740367,0.08530403,0.003177555,0.0032047883,deer,0.6420571804046631,2.4695112e-06,1.0069438e-06,0.010515998,0.008286991,0.6420572,0.008532837,0.024156963,0.30644625,2.9037673e-07,1.5243451e-08
4XJ,frog,frog,0.3637350797653198,0.0022953723,0.03140532,0.09638021,0.17258517,0.06653926,0.09073981,0.36373508,0.082681105,0.03755202,0.056086607,frog,0.3999193608760834,0.008168276,0.02325576,0.19377351,0.27021852,0.05410519,0.021588556,0.39991936,0.0053633577,0.017236648,0.0063707703,cat,0.365855723619461,2.2072307e-05,0.0012627235,0.12355093,0.36585572,0.22244869,0.001499577,0.28534654,1.1873245e-05,3.9872734e-08,1.7804664e-06
4XM,truck,horse,0.200927585363388,0.066338666,0.042801455,0.13663007,0.1219986,0.055843193,0.119452514,0.13599846,0.20092759,0.05510018,0.064909205,bird,0.3926016092300415,0.007850816,0.0006550759,0.3926016,0.099027716,0.010829494,0.066278696,0.3563532,0.0017257698,0.04083538,0.02384228,frog,0.6734298467636108,7.824754e-05,5.4699086e-07,0.28022915,0.031993408,0.0002724604,0.013950846,0.67342985,2.0624368e-06,7.496102e-06,3.598623e-05
4XP,automobile,frog,0.2051687389612198,0.010840941,0.06093664,0.09361785,0.16832353,0.06093444,0.090834826,0.20516874,0.17054601,0.03820317,0.100593895,automobile,0.8276188373565674,0.022764012,0.82761884,0.0020090595,0.028654722,0.005732701,0.0042752633,0.0018189762,0.024761615,0.0056768414,0.076688044,automobile,0.9697687029838562,0.0016421166,0.9697687,4.847955e-06,0.005808042,4.373024e-05,2.0017392e-06,5.0284067e-05,0.022469597,5.035065e-06,0.00020569412
4XR,horse,airplane,0.2048239260911941,0.20482393,0.079137854,0.09418873,0.055265434,0.034781937,0.043434303,0.046971772,0.08150706,0.16158058,0.19830842,airplane,0.9228365421295166,0.92283654,0.004352877,0.016466195,0.0022918242,0.00071685377,0.004959325,0.00025052516,0.019773804,0.023752738,0.0045994623,airplane,0.6801474690437317,0.68014747,5.6080703e-06,0.29985967,3.7610394e-06,7.89762e-06,1.4370536e-05,5.0101135e-06,0.01842144,0.0014083072,0.00012656153
4XT,horse,horse,0.281462013721466,0.046809375,0.041838024,0.08470967,0.07365378,0.07614748,0.047839276,0.094641656,0.281462,0.06722368,0.18567507,horse,0.8460575342178345,0.005239666,0.0005313466,0.048312157,0.027716298,0.020412322,0.013879099,0.020054849,0.84605753,0.007286276,0.0105104195,horse,0.9999918937683104,5.1114873e-11,5.8463347e-12,1.0473088e-06,5.2179944e-10,8.669013e-08,6.9200682e-06,2.392303e-08,0.9999919,1.0496575e-10,4.1012635e-10
4XW,automobile,truck,0.3944750428199768,0.06863167,0.09310614,0.05216567,0.043921914,0.05842329,0.019762963,0.050524246,0.05186236,0.16712666,0.39447504,ship,0.3426854312419891,0.2514328,0.05303643,0.0027350865,0.0013447951,0.0027064295,0.0020462612,0.001877616,0.00029856618,0.34268543,0.34183654,ship,0.7380783557891846,0.2483757,0.0017548059,1.0212435e-07,1.617787e-09,1.4213303e-05,3.1836183e-07,9.110418e-05,2.7438704e-10,0.73807836,0.011685431
4XY,truck,truck,0.3330652117729187,0.033422865,0.08190987,0.072867274,0.054501195,0.06493187,0.025582064,0.08033038,0.0469784,0.20641086,0.3330652,ship,0.637537956237793,0.15220499,0.0842528,0.0033576828,0.0034553914,0.0015567957,0.0031025324,0.0015927256,0.0006613984,0.63753796,0.11227763,ship,0.774787187576294,0.0572238,0.077533066,0.0017831833,7.0365595e-06,1.2672464e-05,0.00031555333,0.0017409659,0.00010104117,0.7747872,0.086495474
4Y0,truck,frog,0.222428098320961,0.011398248,0.057457775,0.101559736,0.16253765,0.08430753,0.1054936,0.2224281,0.07693281,0.069682084,0.10820245,truck,0.5363697409629822,0.017446212,0.025928037,0.052704483,0.20748627,0.049133852,0.045894478,0.030751087,0.009485409,0.02480049,0.53636974,truck,0.9249554872512816,3.165657e-06,0.00045250778,0.0073895655,0.0064653046,0.033962,0.023899933,1.0312754e-05,0.0028570069,4.7255503e-06,0.9249555
4Y2,automobile,dog,0.194350004196167,0.021252194,0.02955688,0.12812728,0.17802875,0.03392176,0.19435,0.1816274,0.18506926,0.022533774,0.025532663,cat,0.4238458275794983,0.019382263,0.059678484,0.22429763,0.42384583,0.02683988,0.12958702,0.036657333,0.013525739,0.020865276,0.045320526,cat,0.6007072925567627,3.8587173e-06,0.0004280796,0.39801493,0.6007073,9.0803616e-05,0.00016618484,0.00016602676,0.00028119242,0.00012967507,1.1905505e-05
4Y4,ship,truck,0.2330101579427719,0.029025352,0.06470226,0.12324359,0.08234444,0.07366391,0.053415302,0.1258574,0.120240696,0.09449698,0.23301016,truck,0.4373268783092499,0.049894784,0.013144779,0.26274252,0.030925767,0.012032592,0.08971711,0.036767773,0.010133925,0.05731393,0.43732688,bird,0.7885311245918274,0.00056367344,0.00025667436,0.7885311,0.00204336,0.00095173164,0.023449032,0.00065989565,0.007617237,7.576881e-05,0.17585151
4Y6,horse,truck,0.2251007407903671,0.010436672,0.050171982,0.0879234,0.09384789,0.103147194,0.035300653,0.17205048,0.14192167,0.08009926,0.22510074,horse,0.4450075328350067,0.02416071,0.005394923,0.12397923,0.11213897,0.10087773,0.033957303,0.094128236,0.44500753,0.015836984,0.044518463,horse,0.9998488426208496,2.720413e-07,6.292483e-06,7.744768e-06,7.129892e-07,7.528205e-05,5.540496e-06,2.529335e-05,0.99984884,2.8225648e-09,3.0024454e-05
4Y8,automobile,truck,0.3396458923816681,0.15103006,0.12753952,0.045786716,0.03323394,0.037372343,0.022707565,0.024812939,0.038635537,0.17923552,0.3396459,automobile,0.8114173412322998,0.040827073,0.81141734,0.0005407434,9.943199e-05,0.0001306604,0.00057092647,3.2322892e-05,7.954833e-05,0.01040712,0.13589494,automobile,0.9998648166656494,3.124631e-05,0.9998648,1.3502678e-07,3.5010237e-12,7.0858727e-12,1.0393634e-12,4.5838576e-12,4.689453e-13,4.8332477e-06,9.893975e-05
4YA,truck,truck,0.3731854557991028,0.051390488,0.107450716,0.05020277,0.054101553,0.09477745,0.029965566,0.055286814,0.06867622,0.11496297,0.37318546,truck,0.6726236343383789,0.008251257,0.22351873,0.0018032306,0.003126648,0.014409257,0.0020422682,0.004605317,0.0032463153,0.06637335,0.67262363,truck,0.9312085509300232,6.239889e-05,0.06604479,4.1767826e-06,8.0581415e-08,0.0008571207,2.241994e-05,1.10913525e-05,4.1381314e-05,0.0017479095,0.93120855
4YC,automobile,truck,0.1480482965707779,0.102156475,0.108395815,0.093900874,0.106863566,0.075336665,0.077387184,0.081573196,0.12229579,0.0840422,0.1480483,automobile,0.6833696365356445,0.06531149,0.68336964,0.047602225,0.04376242,0.010010412,0.015067023,0.02847159,0.0009350394,0.029788781,0.07568141,automobile,0.4737378656864166,0.28168276,0.47373787,0.20652482,0.012105152,3.985321e-05,7.741852e-06,0.0018443896,1.5744342e-06,0.015241791,0.008814139
4YE,bird,frog,0.193559393286705,0.022759851,0.04775423,0.11622082,0.15492344,0.080939114,0.10385724,0.1935594,0.14196463,0.05783233,0.08018895,cat,0.4860595464706421,0.0028683532,0.0009804944,0.090622045,0.48605955,0.019279115,0.034609962,0.32111183,0.029199263,0.0045311754,0.01073828,frog,0.6706612706184387,1.1339328e-07,1.7532471e-07,0.008574612,0.043741215,0.17683941,0.0010241363,0.6706613,0.099158205,9.530671e-09,8.399494e-07
4YG,truck,truck,0.3146692514419555,0.027642898,0.0851264,0.06855131,0.06514026,0.11847161,0.033383146,0.09514954,0.10249224,0.089373395,0.31466925,truck,0.4127732217311859,0.0070492355,0.30605754,0.013929828,0.047444627,0.08241953,0.011933736,0.06295472,0.013893065,0.041544467,0.41277322,frog,0.7081242203712463,7.8154756e-07,0.07732559,0.0002862427,0.00027499616,0.004775824,0.07179828,0.7081242,0.048854325,0.00069648685,0.087863244
4YJ,dog,horse,0.1320502758026123,0.07670128,0.06311467,0.113560475,0.08541642,0.096063204,0.11506438,0.10486105,0.13205028,0.10629031,0.10687792,dog,0.7107589244842529,0.034643933,0.0012482733,0.046181154,0.053828783,0.060907245,0.7107589,0.008052517,0.056257304,0.027617838,0.0005039591,dog,0.9920342564582824,4.738327e-09,1.1034168e-11,1.4848545e-06,0.00016641227,0.007723554,0.99203426,1.407674e-06,7.2590396e-05,3.3869404e-07,3.48991e-11
4YM,bird,frog,0.2604930400848388,0.0065661115,0.023379104,0.127622,0.15137224,0.044360347,0.123069,0.26049304,0.20069462,0.02361448,0.038829107,frog,0.2397540807723999,0.0067403833,0.006631034,0.23507646,0.142464,0.17575702,0.08719787,0.23975408,0.09090379,0.012404815,0.0030705614,deer,0.9006285071372986,3.1394797e-05,7.461129e-06,0.0029149014,0.0012363552,0.9006285,0.00510987,0.085427046,0.0046442244,1.3982775e-07,1.5792183e-07
4YP,deer,horse,0.2423125356435775,0.054018453,0.04818864,0.105164714,0.111941226,0.07221163,0.08849969,0.13487983,0.24231254,0.052399483,0.09038379,cat,0.3327026069164276,0.033967894,0.009659099,0.08182039,0.3327026,0.15881097,0.16060625,0.05362021,0.15603933,0.0025426662,0.010230569,deer,0.9147099256515504,1.9420277e-06,2.1047042e-06,0.012090717,0.005790867,0.9147099,0.0028001762,0.013212149,0.05139209,5.6438365e-10,1.16149375e-08
4YR,deer,dog,0.170803427696228,0.04603107,0.053751815,0.102322794,0.12996644,0.093726054,0.17080343,0.14796735,0.13834165,0.059278656,0.057810754,frog,0.4915796518325805,0.0051560258,0.00045528004,0.11201988,0.27933654,0.038626667,0.05327931,0.49157965,0.013093041,0.0045681554,0.0018854644,frog,0.8479005098342896,3.5772147e-05,7.2753914e-09,0.020956554,0.019703578,0.09675998,0.011234742,0.8479005,0.0034083605,5.006659e-07,4.4825805e-09
4YT,ship,dog,0.2123743444681167,0.19360834,0.05677233,0.10271382,0.10807325,0.035329826,0.21237434,0.07286355,0.12571034,0.04918631,0.04336791,airplane,0.4872731566429138,0.48727316,0.014894206,0.107287586,0.061164446,0.010018906,0.11599283,0.05905627,0.013898717,0.016642982,0.11377086,airplane,0.5799046158790588,0.5799046,0.0067560873,0.14529239,0.21026132,1.9910945e-05,0.014727211,0.016653847,1.3873606e-05,0.0154416775,0.01092903
4YW,cat,truck,0.1748477667570114,0.103218645,0.082426086,0.10691018,0.080701165,0.08441,0.07638545,0.07770716,0.10903983,0.10435364,0.17484777,airplane,0.2586584687232971,0.25865847,0.1935465,0.17064677,0.15514173,0.06884082,0.0207702,0.016359538,0.01986037,0.028163388,0.06801217,deer,0.9366790056228638,7.0516185e-06,0.0017656398,0.06005156,0.00044700858,0.936679,1.889551e-07,4.3659216e-07,0.0010250929,2.40064e-05,6.5546594e-08
4YY,cat,frog,0.2189060598611831,0.011199911,0.05096895,0.13169342,0.119573765,0.08118088,0.05532683,0.21890606,0.08975942,0.09432538,0.14706537,bird,0.3486596643924713,0.015463812,0.0041096252,0.34865966,0.2675021,0.017287832,0.010784082,0.24553844,0.008712539,0.05420275,0.027739143,cat,0.7623012065887451,0.0010983921,3.119443e-06,0.21216972,0.7623012,0.0011520913,0.00033553792,0.01952883,0.0032495097,7.718932e-05,8.440053e-05
4Z0,automobile,truck,0.2587841749191284,0.008967214,0.07270625,0.10036154,0.11280321,0.061890554,0.03182485,0.17755818,0.063002534,0.11210146,0.25878417,truck,0.4937829971313476,0.099119134,0.17096643,0.024590086,0.018801985,0.0021204303,0.0012214785,0.0056054685,0.001946386,0.18184552,0.493783,truck,0.6295021772384644,0.3202011,0.0058513996,0.00042443056,0.0012677967,1.9232548e-06,2.392036e-07,3.169262e-05,0.00013798219,0.0425813,0.6295022
4Z2,automobile,truck,0.3460773527622223,0.044284593,0.11498575,0.059942428,0.060837734,0.06870047,0.023699505,0.06269161,0.043212373,0.17556816,0.34607735,automobile,0.6482147574424744,0.10619946,0.64821476,0.0025511063,0.00873801,0.0029864847,0.0047658035,0.00041382367,0.00029367913,0.043684322,0.18215251,automobile,0.9735828638076782,0.00012164644,0.97358286,2.5997488e-06,0.0001604585,2.4775625e-06,1.9955273e-06,1.9060141e-07,1.44387915e-08,0.00016717774,0.025960585
4Z4,deer,horse,0.1626601219177246,0.04661444,0.06615887,0.100572914,0.107617415,0.11064387,0.102041505,0.1262745,0.16266012,0.057729814,0.11968655,frog,0.2612984180450439,0.061965846,0.0052113957,0.13872005,0.109431095,0.20526709,0.062823474,0.26129842,0.10757611,0.020956459,0.026750086,horse,0.5219911932945251,1.39404e-05,3.586903e-06,0.0036432238,0.00037752124,0.31078365,0.017155886,0.14602388,0.5219912,6.5814256e-06,5.944901e-07
4Z6,truck,truck,0.1540828943252563,0.01877872,0.070953436,0.06715374,0.11010519,0.14655627,0.084612556,0.15393382,0.12525576,0.06856761,0.1540829,cat,0.3634341955184936,0.03977538,0.07534737,0.026863577,0.3634342,0.0820383,0.15993361,0.17441668,0.008596998,0.028639305,0.040954564,airplane,0.4846329689025879,0.48463297,0.0078270035,0.016827181,0.32295194,0.05505712,0.00066203,0.112009116,1.1249868e-07,9.050487e-06,2.3467164e-05
4Z8,airplane,airplane,0.9351704716682434,0.9351705,0.0055894055,0.0031233646,0.0019113778,0.00065323996,0.004395657,0.0006877391,0.0020728498,0.030348858,0.016047068,airplane,0.7320869565010071,0.73208696,6.660773e-06,0.000327228,2.8062605e-06,0.0001820192,1.0284084e-06,0.00016088711,7.0027366e-09,0.2620924,0.005139986,airplane,0.9174819588661194,0.91748196,7.8442835e-17,1.1072622e-08,4.4883264e-12,0.00018589616,4.2809015e-17,1.3493163e-09,9.465316e-28,0.082332134,1.1796747e-09
4ZA,deer,truck,0.2235124856233596,0.0091161085,0.09081751,0.0876888,0.090193614,0.13305274,0.045122046,0.15228108,0.059256904,0.10895868,0.22351249,automobile,0.244546353816986,0.14638978,0.24454635,0.21456952,0.060150005,0.07100613,0.03884345,0.036045674,0.0060210866,0.16388157,0.018546391,bird,0.7031635046005249,0.0013558251,0.009630446,0.7031635,0.024109391,0.26061752,9.0337235e-05,0.0008266869,3.2407113e-06,0.00020253666,4.97825e-07
4ZC,frog,frog,0.3892402350902557,0.003068867,0.02727131,0.085666895,0.17173937,0.05752597,0.08736131,0.38924024,0.06370787,0.061656043,0.052762218,cat,0.5714364647865295,0.0012804605,0.0015148823,0.008760809,0.57143646,0.007644411,0.011490939,0.37280464,0.0023489094,0.015316623,0.007401823,frog,0.9933359622955322,7.936087e-06,0.00013486079,1.6123785e-06,0.0053962017,0.0005316399,7.6687335e-05,0.99333596,0.00044020117,1.4353373e-07,7.474853e-05
4ZE,airplane,airplane,0.1412211060523986,0.1412211,0.087719224,0.0788191,0.10429394,0.08655401,0.13416398,0.08016791,0.099167876,0.09397479,0.09391815,cat,0.4422557353973388,0.089932255,0.012503284,0.0491268,0.44225574,0.016947305,0.04186083,0.27815396,0.002076377,0.055319898,0.011823519,cat,0.4181683659553528,0.09847531,0.00014676493,0.050882883,0.41816837,0.02571195,0.0011197176,0.4050805,9.540516e-07,0.0004026031,1.09689945e-05
4ZG,horse,dog,0.2729112803936004,0.018033015,0.024753854,0.09989746,0.14252199,0.048275355,0.27291128,0.17686057,0.17859854,0.01960459,0.018543405,horse,0.266453742980957,0.18065448,0.0099435635,0.10934562,0.06906793,0.071742006,0.2574347,0.022375003,0.26645374,0.010242237,0.0027406663,horse,0.9952563643455504,4.980708e-07,1.4783903e-06,1.2287466e-06,8.543433e-07,0.00046804667,0.0042508855,2.0644158e-05,0.99525636,3.9373656e-08,4.4549805e-11
4ZJ,truck,horse,0.1728992909193039,0.023816401,0.058844116,0.09869832,0.10841677,0.08375828,0.056440283,0.1544783,0.17289929,0.07552088,0.16712739,truck,0.4932977557182312,0.0049967407,0.17245643,0.016376108,0.081046715,0.070062675,0.019795181,0.02484501,0.075796634,0.041326836,0.49329776,automobile,0.9135499000549316,1.0672439e-07,0.9135499,9.219159e-05,2.698687e-05,0.00015855303,2.0166253e-05,2.9456721e-06,0.056413427,7.367285e-05,0.029662073
4ZM,dog,frog,0.271345853805542,0.007326682,0.031543426,0.112775244,0.16556409,0.054195266,0.19558743,0.27134585,0.09798919,0.03328942,0.03038346,dog,0.4617029130458832,0.0017152616,0.0008487417,0.13261059,0.03967731,0.01394735,0.4617029,0.30857417,0.037888404,0.0012552373,0.0017800282,dog,0.6751915216445923,8.378486e-09,1.8526691e-07,0.009131256,0.0009399165,0.002958837,0.6751915,0.3044013,0.007376927,5.5473924e-11,1.0464832e-08
4ZP,automobile,truck,0.329202800989151,0.07333574,0.10693949,0.047766533,0.059937626,0.09294917,0.027913937,0.05687526,0.08471154,0.12036795,0.3292028,ship,0.7446079254150391,0.020007817,0.07120904,0.0007497418,0.005013329,0.042082064,0.0008823118,0.007909045,0.00026731836,0.7446079,0.107271425,ship,0.9840291142463684,2.950311e-05,0.0002476889,1.0153268e-09,4.5364466e-08,0.01458868,1.0816094e-06,2.9057799e-06,5.196723e-10,0.9840291,0.0011010023
4ZR,frog,frog,0.2213746011257171,0.01602222,0.048897434,0.108877756,0.15122302,0.07324906,0.12064996,0.2213746,0.15622693,0.04295488,0.060524162,frog,0.3055028915405273,0.021923825,0.041813068,0.19073759,0.13362087,0.11106203,0.053063583,0.3055029,0.10599405,0.017816834,0.018465219,frog,0.6318179965019226,0.00019052849,0.02578503,0.037325907,0.024947178,0.2722865,0.004805852,0.631818,0.0026516302,2.1140604e-06,0.00018735809
4ZT,cat,frog,0.1971454620361328,0.015524824,0.08619526,0.10279013,0.14933585,0.06066931,0.073916,0.19714546,0.03553907,0.16272403,0.11616001,cat,0.4375195205211639,0.010884621,0.30303562,0.01675453,0.43751952,0.004320358,0.07460449,0.054441355,0.0001953585,0.074562125,0.023682054,dog,0.5592398047447205,4.7858466e-06,0.018085647,0.008282094,0.40594694,7.990215e-05,0.5592398,0.008096265,1.3421119e-06,6.4597974e-05,0.00019867314
4ZW,horse,horse,0.2197982221841812,0.042778887,0.040656768,0.14995216,0.11374237,0.050031856,0.15835005,0.14434159,0.21979822,0.035297308,0.045050777,bird,0.2492814511060714,0.004849079,0.036756814,0.24928145,0.041056883,0.12543105,0.20613289,0.09454227,0.22638777,0.008208011,0.007353868,horse,0.8376840949058533,1.2450686e-08,0.002126236,0.002558647,2.4060411e-05,0.014548044,0.13794437,0.005106654,0.8376841,7.103527e-06,7.736405e-07
4ZY,truck,truck,0.493483692407608,0.022024088,0.06881403,0.03663962,0.04824167,0.081230156,0.014086915,0.05925038,0.08872821,0.08750125,0.4934837,truck,0.9742039442062378,0.00027541423,0.01943895,6.3178275e-05,0.0015324997,0.0010957975,0.00017794498,0.00041704526,9.388719e-05,0.0027013207,0.97420394,truck,0.9799041748046876,2.496566e-08,0.020073336,4.783656e-07,2.0117716e-06,1.2889375e-05,1.1720916e-06,1.5166292e-07,4.5728734e-06,1.117277e-06,0.9799042
500,cat,dog,0.2272084057331085,0.08898924,0.03478313,0.13721564,0.114083536,0.040279094,0.2272084,0.10230606,0.19694379,0.032096684,0.026094401,bird,0.5231583714485168,0.20010826,0.0008305314,0.5231584,0.06555877,0.006175271,0.07658977,0.11448031,0.010951497,0.0020891528,5.804574e-05,frog,0.8738322854042053,0.014397705,1.8918998e-06,0.08070537,0.010369852,0.00015177926,0.007925922,0.8738323,0.012615241,1.416325e-09,2.9072493e-11
502,truck,frog,0.1712262779474258,0.030815657,0.047030836,0.16379265,0.119212516,0.03780592,0.06057495,0.17122628,0.083771996,0.13277069,0.1529985,airplane,0.569550633430481,0.56955063,0.0060022953,0.10833077,0.040216208,8.014383e-05,0.0143416375,0.00043111018,0.0002853802,0.1554654,0.10529641,truck,0.5756069421768188,0.16763479,0.0867309,0.0005386319,0.006300865,4.3799665e-11,8.275808e-05,9.909825e-07,3.0877327e-08,0.16310418,0.57560694
504,bird,frog,0.2434124946594238,0.010507029,0.040605787,0.11521502,0.1375615,0.07186484,0.07146239,0.2434125,0.16553302,0.051186666,0.09265116,frog,0.2768482267856598,0.015577373,0.033303548,0.16962105,0.18832609,0.16744663,0.039115097,0.27684823,0.04785523,0.039359972,0.022546772,deer,0.8198756575584412,0.00013414699,0.00010565278,0.00071309373,0.018975364,0.81987566,0.00012609542,0.14755124,0.012505677,6.8738723e-06,6.269228e-06
506,cat,horse,0.1740810871124267,0.027158378,0.054804843,0.09961225,0.13542815,0.089679345,0.12662154,0.16673133,0.17408109,0.053852886,0.07203026,dog,0.3313219547271728,0.0072139665,0.026451552,0.03225888,0.22026974,0.12141871,0.33132195,0.16549999,0.06611597,0.007711143,0.021738095,dog,0.5087617039680481,3.479146e-06,0.0009777002,1.25901515e-05,0.25141844,0.0015642756,0.5087617,0.0056916205,0.23147231,6.889209e-06,9.0976464e-05
508,ship,truck,0.2992149293422699,0.10600245,0.10534048,0.05597713,0.054111704,0.067640655,0.027762244,0.047843944,0.04852593,0.1875805,0.29921493,airplane,0.5765983462333679,0.57659835,0.04892136,0.0011043944,0.0027631014,0.010096548,0.000555174,0.000631711,0.00020026464,0.2875786,0.07155044,ship,0.9293964505195618,0.053962,0.015293949,1.0097616e-06,1.3264277e-07,0.00011285599,8.617239e-10,4.9286064e-07,1.6023387e-10,0.92939645,0.0012331015
50A,automobile,truck,0.4165267646312713,0.029291172,0.09235941,0.047815662,0.049097676,0.08420443,0.018081643,0.05909572,0.05142232,0.15210518,0.41652676,truck,0.3721554279327392,0.14394295,0.22201641,0.00071932573,0.0045768255,0.006677844,0.0026443782,0.00040845858,0.00041866367,0.2464397,0.37215543,truck,0.3149479925632477,0.2760837,0.2712617,2.7718035e-05,3.7069208e-06,0.003582055,1.3638729e-06,1.5226402e-05,1.3950628e-07,0.13407648,0.314948
50C,deer,frog,0.2419198602437973,0.009271211,0.061193727,0.10451641,0.13285467,0.1114029,0.082460776,0.24191986,0.06715297,0.083951056,0.105276324,frog,0.3689569532871246,0.016248705,0.0116947545,0.29413646,0.15461862,0.07692655,0.024884816,0.36895695,0.011190782,0.03245672,0.0088856695,bird,0.5783007740974426,0.000102146885,8.101209e-05,0.5783008,0.23874709,0.08052728,0.0003494991,0.1018625,2.743076e-05,1.413663e-06,8.849886e-07
50E,frog,frog,0.2120454460382461,0.011953357,0.043786947,0.10491205,0.14265063,0.086856715,0.12668037,0.21204545,0.1688369,0.03458846,0.067689106,frog,0.4000267386436462,0.0018600494,0.005678484,0.14578724,0.16624573,0.18322188,0.04530578,0.40002674,0.043972496,0.0028217353,0.005079855,deer,0.6634693741798401,1.3439666e-08,2.1948476e-06,0.29155537,0.012268332,0.6634694,0.0034937311,0.019023621,0.010187356,3.3674052e-10,4.106324e-09
50G,ship,truck,0.2855475842952728,0.026014596,0.103238106,0.054277945,0.07363872,0.09078654,0.035354145,0.10664437,0.06302702,0.16147101,0.28554758,ship,0.7016919255256653,0.05583518,0.106992714,0.0014961006,0.0025240462,0.0026341805,0.01043429,0.006461586,0.0003547041,0.7016919,0.11157523,ship,0.883163571357727,0.10876252,0.0004187903,1.7835433e-07,2.9313426e-07,3.658958e-07,0.0006107241,0.004941674,3.2981768e-09,0.8831636,0.0021019215
50J,airplane,truck,0.1686315387487411,0.11607799,0.09726671,0.07687717,0.0809061,0.096820526,0.086240016,0.073875874,0.09609704,0.107207105,0.16863154,airplane,0.20881287753582,0.20881288,0.19186331,0.058972288,0.06077427,0.055674586,0.066385545,0.18653148,0.009123448,0.047936574,0.113925554,automobile,0.6086987853050232,0.066746034,0.6086988,0.00082628464,1.330009e-05,0.00011055102,0.00031199006,0.32306406,3.4141547e-07,1.3164415e-06,0.00022726436
50M,frog,frog,0.2716319561004638,0.0068465406,0.042727545,0.10114879,0.1561487,0.09156559,0.09541196,0.27163196,0.10854926,0.046802618,0.07916707,frog,0.5035948157310486,0.002814657,0.01385834,0.07243166,0.1972676,0.1565913,0.021098502,0.5035948,0.005943501,0.015118689,0.011280981,frog,0.8444586396217346,5.598306e-07,0.00018082415,0.0054391185,0.0009435011,0.14840582,0.00022234053,0.84445864,0.00034143752,2.2799464e-08,7.694593e-06
50P,bird,airplane,0.7175137400627136,0.71751374,0.023522314,0.028369457,0.012119371,0.008925533,0.019604223,0.008814777,0.029271955,0.0813257,0.070533015,airplane,0.7860590219497681,0.786059,2.8445013e-05,0.024439355,0.00036636175,0.007896666,0.00042220834,0.010804704,2.8665076e-05,0.16913877,0.0008158464,airplane,0.9965671300888062,0.99656713,2.1800017e-15,6.3494163e-06,1.5857546e-10,0.0033849396,3.0436063e-11,5.6089007e-06,4.7886247e-17,3.58863e-05,4.938094e-11
50R,bird,airplane,0.2354446351528167,0.23544464,0.063278005,0.07965849,0.08262185,0.05988037,0.15307392,0.05413721,0.11631345,0.0725368,0.083055206,cat,0.5685598254203796,0.06595145,0.0017807987,0.049645383,0.5685598,0.017419042,0.112572834,0.16123201,0.0010819802,0.016222442,0.005534289,dog,0.7252446413040161,5.1045627e-05,2.4029113e-08,0.01041458,0.118722685,0.11773331,0.72524464,0.027828703,7.582926e-07,3.739651e-06,5.450225e-07
50T,truck,truck,0.2771430015563965,0.034338288,0.08225553,0.07472457,0.0689442,0.102599055,0.042450134,0.09792666,0.0906068,0.12901184,0.277143,truck,0.6263830065727234,0.016346488,0.09125336,0.018614426,0.033220477,0.015937472,0.022000078,0.035793174,0.04856154,0.09188993,0.626383,horse,0.4806475937366485,4.6475285e-05,0.002903008,3.2891043e-05,0.0010094414,2.7099642e-05,0.069377325,0.00050381926,0.4806476,0.0047142874,0.440738
50W,truck,frog,0.1695661395788192,0.02176196,0.06877057,0.091309026,0.12507035,0.0790621,0.12020745,0.16956614,0.16860987,0.057753973,0.097888544,automobile,0.5281870365142822,0.01038519,0.52818704,0.0025590512,0.0183806,0.0025711576,0.37945464,0.0047639012,0.0092214355,0.0033414073,0.041135695,automobile,0.9009544253349304,5.443316e-07,0.9009544,2.7634178e-07,0.00031382492,1.337387e-10,0.097583815,1.6220865e-05,6.0295653e-05,1.1098208e-09,0.001070538
50Y,airplane,truck,0.1730006039142608,0.050441142,0.08665774,0.12047281,0.10659134,0.0693978,0.091125235,0.09850652,0.12636507,0.07744173,0.1730006,truck,0.8211665749549866,0.0009104585,0.10388703,0.010337543,0.025440603,0.0051450497,0.022137191,0.0048336033,0.0019987351,0.004143206,0.8211666,truck,0.9861435294151306,6.504522e-09,0.003663162,0.0024758766,0.00046026777,7.517197e-08,0.00714424,8.8079905e-05,1.5502626e-05,9.27505e-06,0.9861435
510,dog,airplane,0.3716952204704284,0.37169522,0.06553165,0.070583016,0.06609369,0.027486227,0.101622865,0.045221232,0.058082618,0.124999456,0.06868401,ship,0.6248654723167419,0.23100585,0.0015482066,0.009613313,0.01781333,0.004806911,0.019431967,0.07847523,0.00016055808,0.6248655,0.012279151,ship,0.974853217601776,0.02139216,1.1218418e-11,9.432434e-08,3.9588005e-05,9.698447e-07,0.00016171164,0.0035522794,8.374578e-15,0.9748532,2.8225298e-09
512,horse,horse,0.1686189472675323,0.104576245,0.04636762,0.13254367,0.09991641,0.055679284,0.12911984,0.11749164,0.16861895,0.07192844,0.073757865,frog,0.4078541398048401,0.033390827,0.0021965515,0.08228859,0.2490723,0.056936886,0.051886946,0.40785414,0.03151664,0.08141366,0.0034434588,horse,0.728998064994812,6.085589e-05,4.3394234e-06,0.0025657548,0.00068838615,8.003743e-05,0.03875109,0.22884022,0.72899806,1.1187865e-05,9.8520836e-08
514,horse,frog,0.1942437291145324,0.023605954,0.03806181,0.111588165,0.12902607,0.07586846,0.16361529,0.19424373,0.17690802,0.03981623,0.047266226,frog,0.4419443309307098,0.0014814917,0.0006553888,0.29732177,0.08162333,0.026872786,0.08109363,0.44194433,0.06299625,0.0032665976,0.002744445,bird,0.5464789271354675,5.349546e-07,1.1978473e-05,0.5464789,0.0013215044,0.0036890456,0.03451488,0.21577854,0.19820441,3.869607e-08,1.8572679e-07
516,horse,horse,0.2851097583770752,0.03334398,0.022254692,0.11523375,0.13241728,0.044996988,0.18536466,0.13544849,0.28510976,0.018813852,0.027016524,horse,0.8273329138755798,0.00986128,0.00020428156,0.045345657,0.084257536,0.015215414,0.012491037,0.004452608,0.8273329,0.0002564768,0.0005827215,horse,0.9778242111206056,1.3364371e-07,7.036825e-09,5.604832e-06,0.021930303,8.012768e-05,0.00015332874,6.3642883e-06,0.9778242,4.9571618e-11,6.595215e-11
518,airplane,airplane,0.7760385274887085,0.7760385,0.020893278,0.026707115,0.014912996,0.006517556,0.028469633,0.008814994,0.025648426,0.05656524,0.035432264,airplane,0.9840622544288636,0.98406225,2.265712e-05,0.0022702748,5.4549397e-05,0.00057616143,0.0001512502,0.000332245,5.8113424e-06,0.011109403,0.0014154719,airplane,0.9999972581863404,0.99999726,6.6003094e-15,5.052342e-10,3.0142594e-12,1.4238967e-06,2.7637048e-15,5.516423e-09,4.687739e-21,1.3419613e-06,2.5756635e-11
51A,dog,ship,0.2935243546962738,0.0936192,0.11004616,0.055517994,0.036106814,0.049274977,0.027352596,0.034473166,0.02124853,0.29352435,0.2788362,ship,0.8376029133796692,0.09195135,0.040029444,0.0020042646,0.00019179923,0.008943898,0.0008799073,0.00022974284,2.7018805e-05,0.8376029,0.018139577,ship,0.9980518817901612,1.0551318e-05,0.0003310246,3.9614282e-05,5.3069903e-11,0.0015626897,1.3036235e-07,2.5563022e-11,9.265526e-11,0.9980519,4.1341273e-06
51C,automobile,truck,0.5883668065071106,0.01373585,0.06075696,0.026159411,0.035910722,0.06936762,0.0073538977,0.049977798,0.061198074,0.08717288,0.5883668,truck,0.9163205623626708,0.0008372385,0.037831653,6.851022e-05,0.00086230907,0.0013129828,8.81685e-05,0.0008412142,0.00010423393,0.041733168,0.91632056,truck,0.9997308850288392,6.06047e-09,0.00019758024,6.995707e-12,3.90633e-11,1.6919695e-09,6.0987104e-10,8.407989e-08,8.0025325e-10,7.147153e-05,0.9997309
51E,truck,frog,0.1560276299715042,0.023543332,0.109689124,0.11625461,0.120380126,0.059684705,0.08598855,0.15602763,0.059076283,0.11989521,0.14946048,automobile,0.8527396321296692,0.063198656,0.85273963,0.0125488965,0.0024381878,0.0012437496,0.0065516476,0.0015234787,0.0009614716,0.02852957,0.030264784,automobile,0.999771535396576,0.0001959381,0.99977154,1.2799929e-05,1.1255653e-06,8.985374e-09,8.514962e-08,3.1562986e-06,2.3697297e-08,3.0823626e-06,1.2150959e-05
51G,automobile,truck,0.3465931117534637,0.030265586,0.0829272,0.0597353,0.06645531,0.09404069,0.026472567,0.08250786,0.118781865,0.09222056,0.3465931,automobile,0.5403962731361389,0.0025105942,0.5403963,0.005453628,0.018789433,0.0075750686,0.005336234,0.059594423,0.00026751155,0.1042333,0.25584358,automobile,0.9874171018600464,1.5863849e-07,0.9874171,2.2638513e-09,6.8605672e-09,2.3174664e-09,4.115477e-08,5.289248e-06,3.2847167e-10,9.0401635e-08,0.012577333
51J,deer,frog,0.2062263786792755,0.018555675,0.05535954,0.11906816,0.115092345,0.07995763,0.055788692,0.20622638,0.11036053,0.101455204,0.13813579,frog,0.3730097115039825,0.036710303,0.005081468,0.21242698,0.15830958,0.058654267,0.023185715,0.3730097,0.028952261,0.091012634,0.0126570575,frog,0.7052603363990784,0.0015164299,2.099697e-06,0.014160365,0.1625222,0.115493625,0.0003190777,0.70526034,0.00057095283,0.00015405181,9.566982e-07
51M,horse,cat,0.2121842354536056,0.012022609,0.07551016,0.08750052,0.21218424,0.05563076,0.15477951,0.21152686,0.07056611,0.050976507,0.06930268,automobile,0.796380877494812,0.091418914,0.7963809,0.0015416506,0.018221952,0.0028196669,0.005659014,0.0011854236,0.0140373185,0.0086276615,0.060107477,automobile,0.9963819980621338,4.08357e-05,0.996382,2.9762013e-08,0.0012193166,4.0872965e-06,7.0038163e-06,9.904583e-06,0.0022149538,9.5832715e-05,2.6020298e-05
51P,automobile,truck,0.3984535336494446,0.0781145,0.10697779,0.055290245,0.04353256,0.058224037,0.020984018,0.03734065,0.062710434,0.13837221,0.39845353,automobile,0.4808729290962219,0.29239732,0.48087293,0.0014494878,0.0018162003,0.0064259535,0.0047838846,0.00019785309,0.0014769168,0.16305849,0.04752094,automobile,0.9012141823768616,0.009273041,0.9012142,7.840927e-07,2.0922682e-06,0.00015440844,1.1588333e-05,9.17827e-06,2.4376035e-07,0.089152284,0.00018213743
51R,dog,frog,0.1677539646625518,0.04595961,0.05633259,0.105811015,0.12966898,0.067445986,0.09056315,0.16775396,0.11136934,0.11491314,0.11018225,ship,0.5437686443328857,0.0046590855,0.00082499173,0.045940593,0.022700088,0.00953418,0.06823264,0.2510473,0.0027538305,0.54376864,0.050538585,dog,0.8847058415412903,0.00010332068,3.2458132e-07,0.018957403,0.00028359142,0.000501332,0.88470584,0.045713697,3.9238665e-05,0.049692,3.2583755e-06
51T,automobile,frog,0.1813476979732513,0.020504126,0.07810105,0.081972346,0.1528796,0.07749171,0.16210714,0.1813477,0.12308462,0.049840942,0.07267082,automobile,0.9266270399093628,0.0021031143,0.92662704,0.0025081101,0.0057016206,0.0025535177,0.017754063,0.009368419,0.0032456166,0.0010057937,0.029132757,automobile,0.9841545820236206,2.5195457e-06,0.9841546,5.4771635e-07,1.0632092e-05,2.2792727e-07,0.00059454964,0.0025095304,3.213948e-06,2.8059017e-07,0.01272382
51W,truck,horse,0.2062988877296447,0.06705925,0.06286805,0.075224884,0.0879137,0.08450099,0.053291764,0.09753091,0.20629889,0.081531644,0.18377993,cat,0.2981791496276855,0.022310287,0.04329042,0.023326892,0.29817915,0.03266409,0.026241446,0.20633076,0.0006777987,0.116591804,0.23038736,frog,0.8515394330024719,0.012251185,0.004096843,0.024880847,0.03359471,0.064073086,0.0005919028,0.85153943,5.2597978e-05,2.8941015e-05,0.008890434
51Y,frog,frog,0.3233150839805603,0.0043138675,0.023936147,0.117582425,0.14930288,0.055414338,0.1236164,0.32331508,0.13343465,0.030294657,0.038789514,frog,0.4128716588020324,0.001531033,0.0011191468,0.21265422,0.09634379,0.16726147,0.05718992,0.41287166,0.047950998,0.00255676,0.0005209807,deer,0.9846574664115906,6.1256884e-09,4.2160924e-08,0.0013023528,9.5699936e-05,0.98465747,6.6283144e-05,0.013867223,1.1037988e-05,3.4421114e-12,1.0321485e-11
520,dog,frog,0.1596080958843231,0.027536118,0.074747264,0.11481513,0.105026245,0.11634195,0.07792914,0.1596081,0.1175876,0.07855515,0.1278534,bird,0.3504338264465332,0.07859498,0.022612333,0.35043383,0.092929825,0.13504377,0.10469349,0.113100275,0.06368495,0.027815197,0.011091327,deer,0.5072585940361023,0.00031679875,2.9447825e-05,0.44671953,0.0075885947,0.5072586,0.0018510465,0.035794053,0.0003457725,9.5694544e-05,5.2718576e-07
522,ship,truck,0.3569186627864837,0.036848154,0.1076367,0.050431896,0.054784235,0.09564189,0.02199386,0.06506463,0.045244712,0.1654353,0.35691866,ship,0.5251535177230835,0.0875308,0.07987912,0.003831638,0.005996732,0.015706291,0.0032899906,0.0053216694,0.0005681892,0.5251535,0.27272207,ship,0.9873473644256592,0.0013241349,0.0002724916,2.176831e-06,2.45014e-07,6.556965e-05,5.8432397e-06,2.5133439e-05,1.1529922e-08,0.98734736,0.010957027
524,cat,frog,0.2311218380928039,0.008801296,0.040457956,0.1492355,0.1704424,0.052794628,0.074423425,0.23112184,0.14024138,0.04860392,0.08387758,cat,0.7188395857810974,0.0026211361,0.049788356,0.13555387,0.7188396,0.015903253,0.013023723,0.04369501,0.001115543,0.012646606,0.00681284,cat,0.9997637867927552,3.8267567e-09,9.4429225e-07,0.00021059615,0.9997638,2.3437045e-05,8.1235605e-08,1.050166e-06,2.7026742e-08,1.07322096e-10,7.7169354e-11
526,automobile,airplane,0.2712552845478058,0.27125528,0.089801155,0.060885347,0.030758852,0.027529199,0.026348317,0.023668298,0.03241838,0.22219549,0.21513972,airplane,0.8181215524673462,0.81812155,0.06490915,0.0057627345,0.00045387886,0.001560836,0.0009693277,0.00015092196,6.6778535e-05,0.05526264,0.052742165,automobile,0.9161629676818848,0.074798115,0.91616297,0.0005195475,2.7481972e-09,5.632832e-06,7.661124e-12,2.8392025e-08,4.6539894e-12,0.0033007194,0.0052129626
528,dog,dog,0.1811743676662445,0.07668304,0.09611053,0.08283547,0.1143543,0.08103356,0.18117437,0.079528704,0.09680836,0.08111084,0.11036079,dog,0.7284212112426758,0.049686734,0.042446394,0.0144196,0.039969333,0.004855942,0.7284212,0.0029000964,0.0040690517,0.020860279,0.09237133,dog,0.9966411590576172,4.732724e-07,1.2577857e-06,1.6183021e-06,0.0021617094,0.0010224772,0.99664116,7.518913e-08,6.9864325e-07,5.047105e-05,0.00012004154
52A,cat,frog,0.2512824237346649,0.013100686,0.04381009,0.11166819,0.1742132,0.053623155,0.15820447,0.25128242,0.068408825,0.08467044,0.041018553,cat,0.4449830651283264,0.002503697,0.0053355764,0.04643085,0.44498307,0.010000276,0.2840297,0.17170262,0.014884365,0.018248942,0.0018809371,dog,0.8976632952690125,3.364316e-06,6.136108e-05,0.001021708,0.08855108,5.4652966e-05,0.8976633,0.010127476,0.0025076636,9.255484e-06,1.7320285e-07
52C,horse,dog,0.2245665490627288,0.03835971,0.051886912,0.10410693,0.14753781,0.07079967,0.22456655,0.13468455,0.13587023,0.040217947,0.051969696,dog,0.5171926617622375,0.018470429,0.0008431451,0.04098142,0.108952604,0.01350849,0.51719266,0.015862333,0.2330832,0.00057125866,0.05053456,horse,0.907288372516632,1.3277401e-08,1.34763845e-08,6.738967e-05,0.0027726917,8.486535e-06,0.08985925,5.2664126e-07,0.9072884,1.291844e-10,3.1854083e-06
52E,bird,airplane,0.5113040804862976,0.5113041,0.0436587,0.05974644,0.034228973,0.024775395,0.062470466,0.025233334,0.07671568,0.08621828,0.07564861,airplane,0.713889479637146,0.7138895,0.00328977,0.07367429,0.013149398,0.01963256,0.05172895,0.05909746,0.0021694507,0.060988303,0.0023803564,bird,0.47828209400177,0.46893558,3.4106886e-06,0.4782821,7.7296994e-05,0.014272061,0.00020458015,0.03741308,5.569209e-07,0.0008110434,2.8488225e-07
52G,airplane,airplane,0.3191984891891479,0.3191985,0.070338115,0.084946744,0.056249183,0.03933949,0.061703213,0.043591622,0.07227026,0.13517322,0.117189616,airplane,0.5378413200378418,0.5378413,0.0014968059,0.015771579,0.0023438479,0.016923608,0.0020065007,0.0032584972,0.00053420564,0.39977503,0.020048717,ship,0.990257740020752,0.009629831,4.333006e-11,8.963525e-07,2.1969486e-08,0.000110919245,1.072555e-08,2.0642548e-07,5.2387234e-13,0.99025774,4.01255e-07
52J,cat,frog,0.1296261847019195,0.06553928,0.06451309,0.10269682,0.12429581,0.07038247,0.08162996,0.12962618,0.11685769,0.1231673,0.12129133,cat,0.4702508747577667,0.018436229,0.007396335,0.062671684,0.47025087,0.051324777,0.06868118,0.21380278,0.03031005,0.05086602,0.026260048,horse,0.8947038054466248,1.0163777e-05,0.00020807206,0.0008845116,0.028639866,0.0091023445,0.03497761,0.03146777,0.8947038,6.398227e-07,5.126796e-06
52M,frog,truck,0.2450579404830932,0.10444526,0.07753762,0.074284695,0.06271319,0.09567946,0.053257044,0.06751838,0.12136193,0.09814443,0.24505794,frog,0.8454541563987732,0.015716856,0.0040278854,0.06478107,0.027269237,0.016150195,0.0012635984,0.84545416,0.00035202704,0.020471415,0.0045135566,frog,0.9999626874923706,1.1444466e-07,3.2802642e-08,3.7004793e-05,4.642881e-10,1.4238331e-07,7.4970224e-08,0.9999627,9.9927885e-11,2.8358854e-10,4.87376e-10
52P,frog,airplane,0.1652883738279342,0.16528837,0.07300633,0.082276106,0.06967681,0.07938381,0.093284346,0.06693193,0.12251787,0.10511379,0.14252064,frog,0.6603856086730957,0.022183947,0.006625809,0.1263913,0.074516185,0.028732022,0.0481725,0.6603856,0.0022263192,0.023927689,0.0068386677,frog,0.873412549495697,2.2544513e-05,1.4325211e-08,0.015654609,5.401254e-06,0.00014355915,0.11076083,0.87341255,4.2277253e-07,1.7042777e-09,8.366527e-08
52R,bird,frog,0.141768142580986,0.04328545,0.07638597,0.0976017,0.11623598,0.12396299,0.12402594,0.14176814,0.11132484,0.07580814,0.0896009,frog,0.2774645090103149,0.028041527,0.008505702,0.12742983,0.18363298,0.18232435,0.13300008,0.2774645,0.0235156,0.029045874,0.007039632,deer,0.4617100656032562,0.00028717823,2.9172704e-06,0.45099908,0.01019007,0.46171007,0.0012180221,0.075535364,5.4712077e-06,5.1707884e-05,5.979888e-08
52T,truck,truck,0.3980125188827514,0.02164051,0.11051344,0.04207355,0.07132539,0.09543586,0.022582289,0.07149306,0.054235227,0.11268818,0.39801252,truck,0.5958258509635925,0.016215717,0.32990873,0.0006123272,0.002966759,0.003872231,0.001819095,0.0005665392,0.00031033007,0.047902416,0.59582585,truck,0.9903966188430786,1.5316143e-06,0.008470579,1.2029726e-06,5.3540197e-07,1.267103e-05,0.00018070627,1.5756214e-07,4.440607e-07,0.0009356051,0.9903966
52W,automobile,truck,0.1783447712659835,0.022910997,0.10160339,0.10565199,0.15072936,0.048023164,0.06406943,0.15808749,0.05739975,0.113179706,0.17834477,automobile,0.4930841624736786,0.18327376,0.49308416,0.00689852,0.0025528702,0.00024473964,0.0009646585,0.00061916624,0.00042195173,0.11065939,0.20128076,automobile,0.9035075902938844,0.05503254,0.9035076,0.00020755093,5.939315e-07,5.921984e-11,2.0583724e-09,3.3312534e-07,2.409269e-09,0.0011120159,0.04013929
52Y,bird,truck,0.1670573055744171,0.018088607,0.077228785,0.114936925,0.09441617,0.10550984,0.05821927,0.16354844,0.10380917,0.09718549,0.1670573,bird,0.2892476320266723,0.029304247,0.12650128,0.28924763,0.08481949,0.10141624,0.061371837,0.15194026,0.07371666,0.04282253,0.038859796,bird,0.420545756816864,0.00019521908,0.0059807235,0.42054576,0.009888522,0.38291737,0.0044909767,0.16637972,0.008532969,0.0003450417,0.00072367274
530,cat,dog,0.2216624319553375,0.01248198,0.026793486,0.100380376,0.16997294,0.050255105,0.22166243,0.2179722,0.15226753,0.026251666,0.021962339,frog,0.4235999286174774,0.00046041384,0.0023949812,0.107942574,0.2834705,0.024540322,0.1241867,0.42359993,0.030225333,0.002284201,0.0008950138,dog,0.6475495100021362,3.347495e-08,9.626652e-06,0.017087048,0.1308061,0.004234669,0.6475495,0.15831426,0.04199872,6.445992e-09,2.5238068e-08
532,cat,truck,0.1785976737737655,0.06491072,0.08035031,0.12552835,0.08953007,0.07417371,0.05350681,0.09870801,0.1187021,0.11599217,0.17859767,bird,0.4573927223682403,0.045949895,0.031770866,0.45739272,0.11884672,0.040265292,0.04166635,0.056248285,0.010457781,0.17321827,0.024183856,bird,0.933233380317688,0.00026692296,6.3288484e-05,0.9332334,0.019748516,0.020219123,0.0050594513,0.016663479,0.0009663576,0.0037687684,1.0697649e-05
534,cat,frog,0.2687097787857055,0.008034668,0.032165855,0.08006185,0.1673637,0.05926666,0.19984971,0.26870978,0.12757212,0.030773966,0.026201643,frog,0.6306415796279907,0.0008093725,0.013693619,0.022617312,0.16589795,0.041653775,0.08897495,0.6306416,0.032739602,0.0012059858,0.001765795,frog,0.9605098366737366,2.3592281e-09,5.2170883e-05,0.0065043024,0.004685939,0.022998776,0.0051659723,0.96050984,8.300604e-05,2.0163186e-10,1.9179959e-08
536,automobile,truck,0.3900127410888672,0.056840993,0.09759176,0.06375478,0.04939506,0.06212456,0.025185497,0.045118928,0.054659065,0.15531658,0.39001274,truck,0.5228421092033386,0.008536038,0.42243558,0.0032298495,0.0026873644,0.0020095226,0.010239192,0.00018066293,0.000118391516,0.027721338,0.5228421,automobile,0.945536196231842,1.9494243e-08,0.9455362,3.0224259e-05,5.0062683e-09,7.381462e-07,1.0636201e-06,1.2036783e-10,1.4562277e-11,9.430136e-07,0.054430895
538,deer,truck,0.1538183987140655,0.0693743,0.09392904,0.12762783,0.07966051,0.09165453,0.07957844,0.096353084,0.095268086,0.11273583,0.1538184,bird,0.3557608723640442,0.15878114,0.07830415,0.35576087,0.017754203,0.10286965,0.08689971,0.030949745,0.052388962,0.09733519,0.018956376,deer,0.9002053737640381,0.0066286833,0.0011831904,0.07809686,0.00029878342,0.9002054,0.0025704585,0.0028152673,0.0011488656,0.0070465403,5.893871e-06
53A,ship,truck,0.2399017810821533,0.024047425,0.08615462,0.067580305,0.114907406,0.11203017,0.049228735,0.12027494,0.09301708,0.092857525,0.23990178,truck,0.3798896968364715,0.024033757,0.2288333,0.0029983872,0.22450486,0.030507075,0.018996866,0.022771686,0.010199262,0.0572651,0.3798897,deer,0.5653553605079651,0.09976916,0.0034920399,3.3696617e-06,0.17192847,0.56535536,0.049113996,0.036411073,0.0012345276,0.003303159,0.06938892
53C,cat,dog,0.3031297922134399,0.09133455,0.050748553,0.10859445,0.15007038,0.028505264,0.3031298,0.08798716,0.11978554,0.03417757,0.025666716,dog,0.5479599237442017,0.021454848,0.045469407,0.090847045,0.22034962,0.0017501035,0.5479599,0.0062878006,0.05154579,0.0013155233,0.013019997,dog,0.8222330808639526,4.664479e-09,1.6079636e-06,2.3783967e-05,0.1772231,7.3900845e-09,0.8222331,5.96656e-06,0.0005123701,1.3867059e-09,9.009403e-09
53E,frog,frog,0.2080719321966171,0.007532815,0.046629306,0.08416304,0.120950036,0.09723532,0.05255728,0.20807193,0.19408533,0.03891228,0.14986265,deer,0.2802485227584839,0.006259954,0.089462295,0.066955924,0.1602505,0.28024852,0.029103845,0.27607402,0.055453606,0.011402038,0.024789289,horse,0.4981933832168579,2.5797266e-07,0.001299221,0.0019431573,3.1197793e-05,0.3757582,0.00021920099,0.12255369,0.49819338,4.6424318e-09,1.7905605e-06
53G,truck,truck,0.3144294917583465,0.025879962,0.087541096,0.0511693,0.07383838,0.10455293,0.03338547,0.0869393,0.13327874,0.088985264,0.3144295,automobile,0.619063138961792,0.00045959148,0.61906314,0.00082846504,0.010078603,0.026325924,0.004161738,0.021329913,0.01807674,0.009439424,0.29023635,automobile,0.9961395859718324,4.663047e-08,0.9961396,1.01211434e-07,2.1134517e-06,2.7249565e-05,2.4488838e-05,3.92561e-05,0.002508427,1.4266588e-08,0.0012586968
53J,cat,horse,0.3021866679191589,0.026671376,0.050233535,0.061130214,0.10157041,0.06723108,0.04164231,0.11082272,0.30218667,0.04563398,0.19287767,truck,0.8816257119178772,0.00014208356,0.0165499,0.0002817736,0.06529871,0.0045139166,0.002434034,0.023516867,0.005271458,0.00036552353,0.8816257,cat,0.4937853515148163,3.2327239e-06,0.02088916,3.1661186e-06,0.49378535,0.01583267,0.0015542365,0.09693002,0.029819563,7.218415e-10,0.3411827
53M,frog,frog,0.3301557600498199,0.003116832,0.047058053,0.090197146,0.16248165,0.08194634,0.10051183,0.33015576,0.060694013,0.05428032,0.06955808,frog,0.4312421977519989,0.028798249,0.09794119,0.17291333,0.10742081,0.031190854,0.031706247,0.4312422,0.0054244497,0.055713225,0.0376495,frog,0.9845395684242249,0.0001539147,0.0009928591,0.009327506,0.0013021261,0.00329044,0.00031588267,0.98453957,1.3609124e-05,4.5582442e-07,6.3729254e-05
53P,automobile,truck,0.1663465499877929,0.02206711,0.09433061,0.089890495,0.10863257,0.10805889,0.08619689,0.1481936,0.07115188,0.10513137,0.16634655,automobile,0.4918265342712402,0.054458212,0.49182653,0.02297907,0.03417667,0.0090964055,0.021824852,0.030911345,0.01665821,0.0368757,0.28119308,automobile,0.997660994529724,1.031336e-05,0.997661,6.677087e-08,1.6978205e-05,6.6558904e-08,0.000769908,0.00048214843,1.0476206e-06,0.0005930553,0.00046531908
53R,ship,truck,0.342551440000534,0.056462295,0.10432963,0.055960234,0.04534872,0.06237976,0.020101478,0.0520436,0.029203663,0.23161921,0.34255144,ship,0.5213292241096497,0.1872398,0.021014286,0.0067057046,0.0017565228,0.004515766,0.00077503,0.0009978059,4.49239e-05,0.5213292,0.25562102,ship,0.9569490551948548,0.0012700178,0.00018347934,0.0002042371,6.81602e-09,0.00560188,5.965886e-08,6.798583e-07,1.3125304e-11,0.95694906,0.035790574
53T,bird,dog,0.1650001853704452,0.042975318,0.070960075,0.087714925,0.123452164,0.11805653,0.16500019,0.13631223,0.12163233,0.062083926,0.07181226,cat,0.3705426752567291,0.025420072,0.008604202,0.039338857,0.37054268,0.062688306,0.21012245,0.2506571,0.011731383,0.014354782,0.0065401825,cat,0.8565930724143982,0.00029740826,5.4636865e-07,0.00067926716,0.8565931,0.033643015,0.09464275,0.013927273,0.00011912934,9.738691e-05,8.529706e-08
53W,horse,airplane,0.3757660686969757,0.37576607,0.05048873,0.07646376,0.045699183,0.034791827,0.045658473,0.031015545,0.092230976,0.0927677,0.15511769,airplane,0.7928376793861389,0.7928377,0.00019182106,0.1488593,0.022972103,0.016698651,0.00036083467,0.007427156,0.00071783265,0.005729819,0.004204786,bird,0.9209859371185304,0.011327224,1.6964805e-08,0.92098594,0.047433052,0.02023401,2.1172258e-10,1.9656683e-05,1.10680354e-07,3.6981675e-08,5.278595e-10
53Y,deer,frog,0.186826154589653,0.022608828,0.061986666,0.1099417,0.13564779,0.10414375,0.088901184,0.18682615,0.12898694,0.059801072,0.10115592,frog,0.3302103281021118,0.007523092,0.01031955,0.12464567,0.1790112,0.26718763,0.032466743,0.33021033,0.025368163,0.012718807,0.010548813,deer,0.9834476709365844,2.8250744e-07,6.5446534e-07,0.0031481984,0.0030624573,0.9834477,3.1482792e-05,0.010282644,2.6172685e-05,4.559272e-07,3.726187e-09
540,dog,horse,0.1546600759029388,0.06337016,0.060983345,0.12090316,0.10926043,0.09857375,0.13126238,0.12531152,0.15466008,0.06234576,0.073329456,bird,0.3527418076992035,0.06512114,0.0018907656,0.3527418,0.16114108,0.1002375,0.15819038,0.1094813,0.032151923,0.017351547,0.0016925737,deer,0.5533162355422974,0.0005880482,2.216045e-07,0.3542977,0.060883798,0.55331624,0.009161758,0.021184027,0.00047902422,8.909981e-05,1.3514622e-08
542,cat,frog,0.2652929127216339,0.010882667,0.039257538,0.07686898,0.15685686,0.07548774,0.13675484,0.2652929,0.16224828,0.0327048,0.043645333,frog,0.5623558759689331,0.0036010444,0.0153939985,0.026023598,0.13676561,0.12419866,0.019992003,0.5623559,0.104331955,0.0011234634,0.0062138047,frog,0.5446913242340088,7.1117626e-08,0.00055613316,5.5589906e-05,0.0019900668,0.452658,9.545171e-07,0.5446913,4.789463e-05,1.7643087e-11,1.0062834e-08
544,bird,frog,0.185286670923233,0.018639551,0.07009997,0.09454273,0.12635659,0.1276463,0.09576324,0.18528667,0.102018036,0.06938009,0.11026679,frog,0.332983911037445,0.010660978,0.0043664575,0.21719559,0.09137518,0.23472357,0.054505557,0.3329839,0.036087196,0.0116713345,0.00643015,bird,0.6372950077056885,4.7947844e-07,1.6800614e-07,0.637295,0.0005563,0.35997042,2.8976861e-05,0.0021367217,1.1830036e-05,8.4431754e-08,1.8813981e-09
546,deer,truck,0.126581996679306,0.116640985,0.091523364,0.092980415,0.09042514,0.09094027,0.091212586,0.086396016,0.105668284,0.10763095,0.126582,ship,0.3014183342456817,0.11480867,0.016517274,0.10458125,0.032578856,0.1786839,0.048258428,0.15210085,0.0072283223,0.30141833,0.0438241,deer,0.9588910341262816,0.004614418,2.7147323e-06,0.008008572,0.001050095,0.95889103,0.0013638457,0.022438047,4.2473152e-06,0.0035886283,3.842331e-05
548,automobile,dog,0.1968845874071121,0.042415846,0.056515325,0.14368126,0.1515011,0.033359252,0.19688459,0.14008987,0.15392862,0.038526103,0.043098047,automobile,0.9109953045845032,0.040418755,0.9109953,0.005699335,0.00851094,0.00081009866,0.011982466,0.00018065078,0.017846359,0.0014823403,0.002073742,automobile,0.9978958368301392,1.9569467e-05,0.99789584,2.4411913e-05,2.1440976e-05,7.2342836e-08,5.3240107e-08,6.3268915e-09,0.0020386204,4.9788405e-08,2.5338647e-08
54A,frog,frog,0.2188137620687484,0.022744516,0.039424878,0.12188156,0.1793544,0.050556034,0.13175565,0.21881376,0.14940554,0.039121754,0.04694191,frog,0.3130930662155151,0.030636333,0.014652163,0.15212342,0.16715103,0.033911213,0.045882884,0.31309307,0.0034557923,0.19532068,0.04377341,frog,0.7908125519752502,0.002433849,2.2362718e-05,0.09555716,0.10350782,0.00159605,0.0040284325,0.79081255,4.0898754e-05,0.0019903227,1.0613343e-05
54C,dog,truck,0.2383345514535904,0.033644702,0.076145574,0.11442901,0.10071813,0.07338718,0.060583994,0.11922103,0.0929937,0.09054215,0.23833455,truck,0.8431070446968079,0.020638172,0.021179603,0.011228408,0.013520687,0.0043482557,0.00091416686,0.002040818,0.00074934296,0.08227351,0.84310704,truck,0.4481506645679474,0.05603852,0.0008966689,0.03879375,0.044332393,0.008304196,4.525023e-05,0.0012445739,0.00057594385,0.40161797,0.44815066
54E,horse,truck,0.2819105684757232,0.010335232,0.07911521,0.06755156,0.0732176,0.14718623,0.040286034,0.12995283,0.05931764,0.1111271,0.28191057,automobile,0.1816149055957794,0.098603316,0.1816149,0.033896804,0.15299763,0.08923544,0.1396443,0.038306993,0.00473059,0.09021669,0.17075332,cat,0.8764543533325195,0.007322956,0.0578571,0.0033170828,0.87645435,0.04421957,0.0047986154,0.0014408015,8.879081e-06,0.001414048,0.0031665578
54G,horse,dog,0.2889549434185028,0.0144761205,0.034294505,0.058666915,0.17323658,0.057507325,0.28895494,0.19844954,0.12849873,0.02531178,0.020603584,dog,0.4388305842876434,0.013252057,0.02961077,0.0024642777,0.10214834,0.07555335,0.43883058,0.12548737,0.18871659,0.0026190204,0.021317715,dog,0.8558565974235535,4.7184467e-06,0.004320072,1.5523074e-06,0.010678524,0.0012997577,0.8558566,0.046017464,0.08181545,1.7303529e-07,5.72912e-06
54J,deer,deer,0.1494003981351852,0.042725883,0.06541133,0.08916577,0.092220455,0.1494004,0.11888071,0.12073959,0.120582536,0.078904584,0.1219688,deer,0.3897178471088409,0.041954532,0.005020017,0.04364591,0.21374041,0.38971785,0.18452686,0.077616096,0.013558752,0.027468435,0.002751196,deer,0.9979612827301024,7.378095e-07,2.353596e-10,4.2290965e-05,0.00016606733,0.9979613,0.0017632853,2.8584924e-05,3.0104805e-09,3.7769685e-05,5.100161e-12
54M,truck,truck,0.3425837457180023,0.25493306,0.084246784,0.039152946,0.03597755,0.028031664,0.018060006,0.017921986,0.03950671,0.13958554,0.34258375,truck,0.756231427192688,0.2119577,0.020343378,0.00013574763,0.00067239476,0.00037264248,0.000109935354,3.5522662e-05,1.7371223e-05,0.010124026,0.7562314,truck,0.999171495437622,2.5391022e-05,0.00072436355,1.1383568e-08,5.762514e-08,1.0371012e-07,1.9674838e-10,1.05910996e-08,4.158122e-14,7.872695e-05,0.9991715
54P,deer,frog,0.2373890727758407,0.009278593,0.041173324,0.0854036,0.15612283,0.09272675,0.16139996,0.23738907,0.13288504,0.0294719,0.05414896,deer,0.379101037979126,0.0005920254,0.013843419,0.026431667,0.116066776,0.37910104,0.048423875,0.27146783,0.12535992,0.00036528107,0.018348163,deer,0.9965614676475524,1.6673135e-11,7.5478315e-06,5.8964684e-05,8.140355e-05,0.99656147,0.00042824756,0.002569407,0.00029306184,3.140586e-15,1.1037994e-09
54R,deer,dog,0.2625186741352081,0.01770908,0.029744858,0.09608832,0.15731467,0.05991346,0.26251867,0.18074863,0.15131594,0.022613486,0.022032876,deer,0.3259701728820801,0.0041670552,0.0069832196,0.08717939,0.19685744,0.32597017,0.109086,0.18551628,0.081663325,0.002105287,0.00047178118,deer,0.9813860058784484,7.274951e-09,4.160009e-07,0.00022442434,6.7992616e-05,0.981386,0.00072034873,0.006940908,0.01065986,8.4192424e-11,2.6427192e-13
54T,automobile,truck,0.4381032288074493,0.048398234,0.0974091,0.052577198,0.05761119,0.05547635,0.01612798,0.052617077,0.05610615,0.12557343,0.43810323,truck,0.488804817199707,0.051480416,0.44152287,0.0009037712,0.0037677018,0.0007094796,0.00031172583,0.00019356568,0.00029395852,0.012011742,0.48880482,automobile,0.9312065243721008,4.030761e-05,0.9312065,4.729464e-07,3.3597266e-07,8.484311e-09,6.5876893e-10,1.3462206e-07,2.0522168e-09,2.5900017e-06,0.068749644
54W,cat,frog,0.1747512221336364,0.012959411,0.06808902,0.106015585,0.109378986,0.13262801,0.09734293,0.17475122,0.0802827,0.084062345,0.1344898,frog,0.3043094575405121,0.004291207,0.03569689,0.23536775,0.13592818,0.09271785,0.09467211,0.30430946,0.002909551,0.054309595,0.039797444,deer,0.5094980001449585,7.467763e-08,3.3698376e-05,0.45078,0.002200006,0.509498,0.03733272,7.827974e-05,4.2981923e-05,3.3739052e-05,6.0707185e-07
54Y,deer,frog,0.2028480023145675,0.010710645,0.05843154,0.09091785,0.113141395,0.096061036,0.045693062,0.202848,0.11426346,0.089707635,0.17822537,cat,0.3215272128582001,0.041741528,0.06978364,0.10903408,0.3215272,0.062722854,0.037926156,0.16295072,0.024799405,0.04265009,0.12686427,cat,0.5701944828033447,0.001649474,0.010330886,0.00559586,0.5701945,0.020898983,0.000355111,0.3665938,0.00089235185,4.8935588e-05,0.023440111
550,horse,horse,0.3240125775337219,0.021635866,0.024157364,0.11814995,0.113580935,0.047906116,0.08467751,0.17051852,0.32401258,0.03760752,0.057753664,horse,0.3400474786758423,0.005360225,0.0001498132,0.33393812,0.10066769,0.009233339,0.16291144,0.030490575,0.34004748,0.008301675,0.008899726,horse,0.9955300688743592,1.2821076e-07,3.3808054e-10,0.003650134,0.00026120138,4.378066e-05,0.00051187613,2.7470296e-06,0.99553007,3.5581053e-08,9.670217e-08
552,deer,dog,0.2369946390390396,0.011754977,0.034999486,0.09567537,0.15826775,0.06076298,0.23699464,0.2242278,0.118319444,0.033096403,0.025901144,dog,0.4963188171386719,0.0072864303,0.03378452,0.09806113,0.115880266,0.06999709,0.49631882,0.089448996,0.07480529,0.011561039,0.0028563857,deer,0.9265379905700684,8.0304275e-08,8.7055785e-05,0.0061684893,5.8343412e-05,0.926538,0.06439196,0.001816411,0.00093953655,5.0854712e-08,7.162942e-08
554,airplane,airplane,0.3112410604953766,0.31124106,0.06520092,0.075672634,0.066678815,0.04991612,0.10422563,0.043082085,0.103018485,0.085514985,0.09544929,airplane,0.2725868225097656,0.27258682,0.0049007377,0.18435551,0.1416224,0.04365875,0.037915666,0.18689926,0.006549078,0.11221204,0.009299705,bird,0.6626193523406982,0.0019348966,5.1553307e-08,0.66261935,0.03184447,0.27930194,0.0044072513,0.019282816,0.00040511074,0.00020096287,3.0778929e-06
556,horse,frog,0.1567930579185485,0.024842298,0.0780928,0.09332063,0.14266272,0.085584484,0.10739644,0.15679306,0.10100722,0.09301902,0.11728137,cat,0.3308503031730652,0.11181359,0.059764635,0.038799595,0.3308503,0.008951566,0.11686289,0.030794738,0.17875728,0.06794305,0.055462316,cat,0.6697032451629639,0.00087311567,0.00094514823,0.0006979925,0.66970325,1.8495153e-06,0.07736819,0.00015108282,0.25014532,9.984602e-05,1.4120383e-05
558,horse,ship,0.1671428978443145,0.08067907,0.1270175,0.07582869,0.096155204,0.06215438,0.09534872,0.09103661,0.055064064,0.1671429,0.14957279,ship,0.5582813024520874,0.12799044,0.13310172,0.004242488,0.006695817,0.0022516735,0.010032526,0.0054966393,0.00080231234,0.5582813,0.15110506,ship,0.9999397993087769,4.7398193e-05,4.986993e-08,4.0009446e-08,1.2745758e-08,7.786735e-09,2.0706874e-07,1.8429345e-08,3.4376033e-11,0.9999398,1.2544009e-05
55A,cat,horse,0.1694508343935012,0.06802967,0.07088179,0.09720855,0.1009828,0.098409966,0.109950066,0.10507339,0.16945083,0.0697051,0.11030787,cat,0.3341460227966308,0.013407088,0.07147027,0.049230963,0.33414602,0.1022923,0.13197692,0.069128476,0.079533085,0.003532191,0.14528267,cat,0.3896534740924835,0.00010995465,0.006629031,0.0014551346,0.38965347,0.24263136,0.29826796,0.005447442,0.0038887684,5.5663935e-07,0.05191635
55C,dog,frog,0.2096348702907562,0.027405264,0.048675332,0.17870809,0.14467582,0.040481564,0.12779498,0.20963487,0.086260624,0.08211352,0.054249942,bird,0.5513083338737488,0.022730399,0.02621778,0.55130833,0.1520611,0.005140952,0.05984424,0.05286903,0.0016564014,0.12192917,0.0062425495,bird,0.9406571984291076,8.419685e-05,0.0004753,0.9406572,0.046313256,0.00061828765,0.0036521165,0.007444252,0.00057022297,0.00018471242,4.824429e-07
55E,cat,horse,0.2331450134515762,0.10671519,0.035320316,0.15648173,0.09587508,0.042591136,0.124976136,0.102812864,0.23314501,0.046715375,0.05536714,bird,0.355204701423645,0.11554506,0.00039733376,0.3552047,0.13401659,0.014370021,0.21083492,0.015643135,0.15016761,0.002259214,0.0015614764,cat,0.5174641013145447,0.0006705458,2.655451e-07,0.016783932,0.5174641,0.0004905308,0.055407494,0.0007107563,0.40847233,9.465522e-08,2.3706506e-09
55G,dog,horse,0.1596969962120056,0.13429677,0.058956187,0.08860514,0.0832233,0.07749745,0.13726023,0.08706668,0.159697,0.07793975,0.0954575,frog,0.7317636609077454,0.037792362,0.00068873185,0.06686957,0.09188282,0.01231998,0.051087614,0.73176366,0.0024714624,0.0037178185,0.0014058942,frog,0.9809426069259644,2.5998474e-06,7.9187705e-09,0.000112152,2.3855766e-06,6.3562526e-05,0.018876443,0.9809426,2.888102e-07,1.81303e-11,3.383599e-09
55J,automobile,bird,0.1460658460855484,0.059417482,0.088556446,0.14606585,0.13679263,0.04609923,0.09116884,0.13051027,0.07655535,0.10267033,0.1221636,automobile,0.3712567985057831,0.33878577,0.3712568,0.09552704,0.040906608,0.001863877,0.013878196,0.003901379,0.00075026724,0.0606642,0.07246592,automobile,0.7763091325759888,0.15239607,0.77630913,0.05121669,0.0033625662,2.317226e-06,4.518837e-06,0.00040842305,3.8953843e-08,0.0057638283,0.010536413
55M,truck,truck,0.5087725520133972,0.016553206,0.079170376,0.029943077,0.04569649,0.08034195,0.01160653,0.059820086,0.042625234,0.12547052,0.50877255,truck,0.8919804692268372,0.0016401126,0.051954012,0.00013966305,0.0009939062,0.0007669834,0.00011706693,0.0025065306,1.9473679e-05,0.04988188,0.89198047,truck,0.9995790123939514,7.150824e-09,0.00042088015,5.0076453e-12,3.0336313e-12,1.5239851e-10,5.153046e-11,8.4938385e-09,7.6680226e-14,1.0035413e-07,0.999579
55P,ship,truck,0.1505696773529052,0.0648072,0.081187814,0.10481431,0.10094607,0.090067044,0.0648524,0.116408855,0.13158795,0.09475861,0.15056968,airplane,0.2948314547538757,0.29483145,0.11507258,0.058487132,0.09935484,0.14241478,0.026470443,0.03780591,0.0052892333,0.15084511,0.06942848,ship,0.5122379064559937,0.040289976,0.0023384267,0.009001052,0.048448358,0.3640279,0.00031225738,0.023193164,7.040527e-06,0.5122379,0.00014384135
55R,airplane,truck,0.2976562678813934,0.09713963,0.07940856,0.058967564,0.066317834,0.08345567,0.037695907,0.05542415,0.11302181,0.11091254,0.29765627,ship,0.8492553234100342,0.025503438,0.008592886,0.005293638,0.02188975,0.00734032,0.0038167536,0.03224892,5.08923e-05,0.8492553,0.046008002,frog,0.5249142050743103,0.080110304,0.013717993,0.0048477803,0.3534056,0.0007093174,0.00062405673,0.5249142,2.616089e-08,0.016224649,0.005445991
55T,ship,truck,0.3112868964672088,0.06308275,0.09972352,0.056408867,0.0595134,0.09901502,0.033384036,0.06164965,0.07711271,0.13882308,0.3112869,ship,0.5973939895629883,0.05232675,0.10013536,0.0015368896,0.0063478225,0.024978437,0.003986848,0.0021690459,0.0004302951,0.597394,0.21069446,ship,0.989349126815796,0.0005029391,0.0030164695,1.6825861e-06,5.391163e-07,0.0015763285,4.961183e-06,4.577976e-08,6.395272e-10,0.9893491,0.005547917
55W,frog,truck,0.2530889511108398,0.043609016,0.078872345,0.08813077,0.07223368,0.091505006,0.034021117,0.09957229,0.13379337,0.105173506,0.25308895,ship,0.3052280843257904,0.12512523,0.03415028,0.12507749,0.047426153,0.0811461,0.05700079,0.070544474,0.064100996,0.30522808,0.090200394,ship,0.6016491055488586,0.005092056,0.00011128226,0.017528208,0.0008829199,0.054569144,0.056517504,0.25229502,0.009650555,0.6016491,0.0017042267
55Y,cat,truck,0.2570529282093048,0.013046756,0.0704642,0.07332053,0.07392617,0.13398774,0.037205,0.14614774,0.09326852,0.10158044,0.25705293,automobile,0.2357202321290969,0.046041075,0.23572023,0.082506955,0.1530041,0.09090636,0.045858633,0.08065033,0.1394877,0.021438228,0.10438642,horse,0.5731145143508911,2.2670627e-05,0.3427305,0.00030412475,0.004911645,0.076081455,0.00044147822,0.0021732806,0.5731145,4.0309754e-07,0.00022004248
560,ship,truck,0.3510473370552063,0.114119016,0.050866883,0.052599084,0.025388408,0.02116079,0.01045354,0.032000523,0.06465589,0.2777085,0.35104734,ship,0.8441410064697266,0.003653456,0.0011593801,0.0012950217,9.20377e-05,0.00025796614,8.354656e-05,0.00020546818,0.00018342044,0.844141,0.14892864,ship,0.997816562652588,7.092504e-10,2.0024176e-07,4.2160867e-08,6.629729e-14,2.1774564e-09,4.4776522e-13,5.9390153e-12,1.8735944e-12,0.99781656,0.0021832043
562,airplane,dog,0.2713854610919952,0.030328626,0.04870813,0.093206264,0.18470424,0.049225934,0.27138546,0.16171196,0.102476366,0.034473915,0.023779122,automobile,0.2854038178920746,0.007562699,0.28540382,0.023643766,0.23234041,0.084192134,0.188788,0.114807546,0.012193882,0.030606294,0.02046151,automobile,0.5219797492027283,0.00018921147,0.52197975,0.008951755,0.06672514,0.0018742748,0.14205381,0.23170039,0.01770219,0.008294182,0.00052920985
564,airplane,airplane,0.166867971420288,0.16686797,0.077352986,0.10730892,0.08774255,0.06825946,0.092094846,0.079100996,0.124834016,0.09372286,0.102715306,bird,0.2724179327487945,0.24580343,0.008835533,0.27241793,0.12964149,0.049373187,0.035002444,0.17051493,0.016549785,0.05917805,0.012683286,bird,0.4212954044342041,0.3777271,3.1108648e-06,0.4212954,0.016673977,0.0036761772,6.3755884e-05,0.17970188,0.0001325774,0.00067544455,5.070996e-05
566,airplane,airplane,0.4448588788509369,0.44485888,0.062152185,0.06237607,0.0429297,0.029054603,0.05385333,0.03127246,0.06861934,0.11062325,0.094260186,airplane,0.7593386769294739,0.7593387,0.0019094293,0.01280043,0.0010240088,0.014584161,0.0025049,0.006983137,0.00042640092,0.19365595,0.006772896,airplane,0.9899769425392152,0.98997694,1.4036564e-10,3.7402651e-06,7.6239935e-08,0.006690972,1.6552504e-09,4.2231757e-05,3.1003816e-13,0.0032858495,1.1704307e-07
568,ship,airplane,0.2597419917583465,0.259742,0.06397261,0.06804699,0.054652013,0.020958561,0.03736094,0.042369418,0.047630195,0.24720752,0.15805972,ship,0.7204578518867493,0.18961678,0.00085720804,0.0008231469,0.00026937822,0.00036254834,8.597058e-05,0.00022143418,1.107832e-05,0.72045785,0.087294556,ship,0.999959111213684,8.642735e-06,2.5549605e-08,6.7778984e-07,2.2536622e-11,1.4851507e-08,4.4110635e-13,7.177098e-11,3.9337595e-15,0.9999591,3.148729e-05
56A,dog,frog,0.1896108090877533,0.018937709,0.066051885,0.12189929,0.11396207,0.097933665,0.093082674,0.18961081,0.07663664,0.10483965,0.11704556,frog,0.3705939054489136,0.016674858,0.017427517,0.21013921,0.12583648,0.073796995,0.07722819,0.3705939,0.047286425,0.03515371,0.02586278,dog,0.5902141332626343,5.5298675e-05,0.00010056438,0.009992611,0.022038313,0.04212454,0.59021413,0.18950365,0.14589097,9.6854465e-06,7.029369e-05
56C,dog,horse,0.1333776861429214,0.1064399,0.07347184,0.092430346,0.09589603,0.09495803,0.121703975,0.083622135,0.13337769,0.07507767,0.123022445,cat,0.4475813806056976,0.039129317,0.0037734043,0.1630171,0.44758138,0.015547168,0.028687121,0.28898233,0.0013372618,0.008613331,0.0033316612,dog,0.5245183706283569,3.728508e-07,1.7098745e-06,0.008364842,0.4292611,0.00018431377,0.5245184,0.037469354,0.00019858903,1.2447184e-06,6.111866e-08
56E,automobile,truck,0.3592692613601684,0.018717304,0.08361362,0.070004314,0.05157042,0.083491966,0.027048377,0.08443803,0.037346087,0.18450066,0.35926926,truck,0.7097208499908447,0.0072495216,0.10061649,0.035858665,0.023965834,0.011695891,0.023772348,0.016019661,0.0043873563,0.0667134,0.70972085,truck,0.996727705001831,1.8295021e-06,0.001423679,0.0007032766,5.216115e-05,2.8509523e-06,0.00027387054,0.00056343206,1.3350306e-05,0.00023788297,0.9967277
56G,dog,truck,0.2160936146974563,0.08813811,0.08954602,0.10901043,0.074510224,0.079594664,0.055429444,0.070016645,0.13083082,0.08683001,0.21609361,bird,0.3870185911655426,0.05583699,0.08906435,0.3870186,0.1414303,0.04582365,0.0778603,0.06010216,0.012322982,0.014139287,0.11640138,bird,0.9391470551490784,5.709833e-05,9.114989e-07,0.93914706,0.04309128,0.00033608082,0.0018997081,0.014039841,0.0014265302,1.5815219e-07,1.3473368e-06
56J,frog,frog,0.2407870590686798,0.010590703,0.038923454,0.092772536,0.18328251,0.05727892,0.23050012,0.24078706,0.08261892,0.038038693,0.025207052,dog,0.3753215670585632,0.0020342486,0.017516559,0.037976403,0.30381215,0.028692486,0.37532157,0.19406901,0.019396596,0.010475945,0.010705024,cat,0.5535420775413513,2.7386002e-06,0.0056231003,0.01904967,0.5535421,0.022947771,0.33028913,0.0055810167,0.062736526,0.0001847096,4.3212633e-05
56M,bird,frog,0.2911490797996521,0.0065782056,0.056417048,0.09993017,0.15460895,0.077679,0.07606085,0.29114908,0.0708393,0.071127385,0.09561009,frog,0.458338975906372,0.033793602,0.102240935,0.10330261,0.14286304,0.021227285,0.020103777,0.45833898,0.0037176118,0.08250879,0.031903375,frog,0.9928088188171388,0.00024405663,0.00038902444,3.174215e-05,0.006502132,1.4471555e-05,8.332297e-06,0.9928088,1.134188e-07,1.5338087e-07,1.1126577e-06
56P,truck,truck,0.5418733358383179,0.03191604,0.08681128,0.031198405,0.03403553,0.06013528,0.0119809015,0.03148848,0.05014578,0.12041497,0.54187334,automobile,0.4406881332397461,0.040317822,0.44068813,0.00038313962,0.0007650299,0.00078453706,0.0019533432,8.1223865e-05,0.00038807135,0.118703865,0.39593482,truck,0.5961828827857971,0.014668098,0.38912782,6.6494914e-07,1.2638057e-07,8.060865e-08,8.630324e-06,2.0424012e-07,3.3311647e-07,1.11104455e-05,0.5961829
56R,ship,horse,0.1583682745695114,0.031377215,0.07430053,0.07943115,0.14631337,0.10023004,0.11193144,0.13892512,0.15836827,0.04235786,0.11676499,truck,0.6994936466217041,0.0033751945,0.13206087,0.0037190663,0.038531434,0.08077765,0.009700283,0.02118554,0.0037195573,0.007436799,0.69949365,deer,0.7431870102882385,2.006484e-06,0.19883813,4.4777844e-05,0.0028865898,0.743187,0.031141968,0.009788654,6.61773e-05,8.187317e-06,0.01403659
56T,truck,horse,0.3193638920783996,0.1022564,0.031993035,0.10902007,0.12765801,0.0298783,0.12464715,0.0867021,0.3193639,0.028741071,0.03973998,airplane,0.3415866792201996,0.34158668,0.0039121164,0.021792708,0.29426906,0.004766788,0.023034876,0.0057411757,0.2830036,0.004152907,0.017740099,cat,0.7889243960380554,0.010946065,4.3567826e-07,7.40971e-05,0.7889244,1.054946e-05,3.838321e-06,1.0733386e-05,0.20002928,1.1583376e-07,3.857967e-07
56W,frog,truck,0.1874569356441497,0.027389798,0.07794914,0.09360805,0.10251141,0.08159377,0.05143152,0.1432254,0.052571177,0.18226272,0.18745694,ship,0.6671885251998901,0.033493455,0.0046311375,0.07562131,0.039807893,0.009666393,0.029872581,0.084965505,0.0005733465,0.6671885,0.054179884,frog,0.3617404103279114,0.004639628,3.1584943e-05,0.051044144,0.03023394,0.01896142,0.21860474,0.3617404,7.5263205e-07,0.30979586,0.0049475627
56Y,airplane,truck,0.2363317012786865,0.14770524,0.06087817,0.09091665,0.04613035,0.045063354,0.030074097,0.052694146,0.08908686,0.20111945,0.2363317,ship,0.5536423325538635,0.35233104,0.0024400218,0.027962558,0.0035409965,0.0076011308,0.0056531597,0.0011037033,0.0021346095,0.55364233,0.043590426,ship,0.9942535758018494,0.0019222278,0.00041315885,0.0011340582,1.4877399e-07,0.00060248794,8.1555675e-07,1.0736478e-06,7.8470045e-08,0.9942536,0.0016723673
570,deer,truck,0.1383195966482162,0.063118115,0.080819964,0.10545754,0.10252526,0.080479555,0.07886174,0.11904243,0.11808113,0.113294736,0.1383196,airplane,0.448168396949768,0.4481684,0.08205588,0.014827328,0.12345983,0.032521524,0.13782258,0.013024762,0.035880655,0.08802227,0.024216814,airplane,0.8066518306732178,0.80665183,0.00085223216,4.9081427e-05,0.17133245,0.000705373,0.008446776,0.011336306,3.484885e-05,0.00058036175,1.0755704e-05
572,airplane,airplane,0.5278135538101196,0.52781355,0.04807965,0.056889083,0.039019708,0.020135337,0.04749629,0.026098693,0.05536947,0.102035984,0.07706234,airplane,0.9308182001113892,0.9308182,0.00028557176,0.0032508334,0.00066991616,0.002058067,0.00048414108,0.0007364554,4.579557e-05,0.055624112,0.0060269604,airplane,0.9998244643211364,0.99982446,4.455631e-12,7.079104e-08,3.639835e-08,9.211788e-07,1.8480766e-11,2.5689085e-08,7.66747e-16,0.0001745197,1.4073585e-08
574,truck,truck,0.2232562005519867,0.0147581,0.08060635,0.053296335,0.121313184,0.10981617,0.054556083,0.14916508,0.10234995,0.09088252,0.2232562,truck,0.773419201374054,0.003025765,0.19954067,0.0005034436,0.008304895,0.002167325,0.0039496585,0.004012195,0.0015467985,0.0035300767,0.7734192,truck,0.8046959042549133,5.1064692e-08,0.19530293,7.80181e-11,4.462264e-07,6.116985e-08,4.5208745e-07,3.0488515e-08,8.023707e-09,7.434983e-09,0.8046959
A8W,ship,airplane,0.2713174819946289,0.27131748,0.07648935,0.035926837,0.019738805,0.021116517,0.0129998475,0.015492156,0.020623755,0.2557612,0.27053404,ship,0.6672791838645935,0.27790138,0.0020160857,0.0007653188,7.095518e-05,0.0013202013,5.4471184e-05,0.00038931437,7.706418e-07,0.6672792,0.050202347,ship,0.9996932744979858,0.0002805335,2.7121812e-08,3.4768547e-08,3.792802e-12,7.486434e-07,1.09874126e-13,4.704245e-09,1.3476243e-20,0.9996933,2.5516776e-05
A8Y,bird,frog,0.2480097711086273,0.0035921615,0.05523608,0.0665175,0.13161016,0.14854792,0.091752075,0.24800977,0.081691414,0.044496663,0.12854631,frog,0.3842197358608246,0.0016426583,0.02281942,0.06057894,0.19062303,0.18827526,0.12257552,0.38421974,0.012048766,0.0019956215,0.01522099,deer,0.9959775805473328,1.08069734e-10,2.6127526e-07,0.0036753635,2.048674e-05,0.9959776,1.1046361e-05,0.0003150357,3.108484e-07,1.750885e-11,5.6230094e-12
A96,bird,airplane,0.2208214998245239,0.2208215,0.062980354,0.070638,0.075970575,0.047359545,0.06665873,0.05426214,0.14423251,0.10603424,0.15104243,airplane,0.4195643961429596,0.4195644,0.01213379,0.012377634,0.071534656,0.004444379,0.03583842,0.03711204,0.0009870926,0.2797792,0.12622835,airplane,0.9761790037155152,0.976179,0.0013916148,0.0009038797,0.0053599034,6.3243366e-05,8.613261e-05,0.013137934,3.0048975e-07,3.318291e-06,0.002874579
A9C,ship,truck,0.3391638696193695,0.016674023,0.08429888,0.061347347,0.07576397,0.10241015,0.0270065,0.10580892,0.08255684,0.104969494,0.33916387,truck,0.7286553978919983,0.0068530557,0.07678847,0.006869974,0.018942218,0.009282062,0.00526347,0.027905377,0.002920318,0.11651968,0.7286554,truck,0.99176424741745,3.4136043e-05,0.0032551335,0.00013747958,0.0005455692,3.6904334e-05,0.0001786526,0.00040542774,0.0020896308,0.0015528663,0.99176425
A9E,airplane,airplane,0.2243316620588302,0.22433166,0.08910639,0.07782782,0.076085754,0.060926802,0.10599011,0.049377576,0.09699237,0.09911498,0.120246574,airplane,0.2653208076953888,0.2653208,0.07665574,0.06792778,0.10193006,0.052149568,0.16867952,0.022359688,0.009614042,0.105009384,0.13035333,bird,0.4669102728366852,0.020594362,0.0025808148,0.46691027,0.020777598,0.21245372,0.26170307,0.0007149141,3.270853e-05,0.0029249638,0.011307564
A9J,cat,frog,0.2255795300006866,0.012678141,0.039556723,0.17515895,0.11166361,0.03294087,0.067455985,0.22557953,0.10376406,0.09980547,0.13139674,airplane,0.6253954768180847,0.6253955,0.0013790616,0.2505197,0.007032637,6.088236e-05,0.0030964897,0.0014915065,0.037613478,0.07124889,0.0021618563,airplane,0.9538440108299256,0.953844,0.0021751497,0.010232315,1.060951e-05,1.5689905e-09,1.1026628e-06,9.784313e-07,0.033563975,3.280945e-06,0.00016853526
A9M,cat,dog,0.2228711694478988,0.14155062,0.06049686,0.07543381,0.124203295,0.06161416,0.22287117,0.09172732,0.10212355,0.06930345,0.050675683,cat,0.4568333625793457,0.01600321,0.0016944467,0.005637315,0.45683336,0.03947124,0.11239214,0.33122447,0.009053024,0.018782469,0.008908391,frog,0.5591214895248413,0.0017329878,2.0397486e-06,0.00039654094,0.22418684,0.13972013,0.07444951,0.5591215,9.321765e-06,0.00037414746,7.071527e-06
A9P,ship,airplane,0.5501191020011902,0.5501191,0.04246473,0.033989143,0.015741933,0.015100812,0.01777647,0.011628403,0.026326183,0.1457727,0.14108053,airplane,0.8226149678230286,0.82261497,4.3436612e-05,0.0018491696,3.9383838e-05,0.0028117737,2.3112856e-05,0.0004296138,4.8384154e-06,0.16913623,0.0030474484,airplane,0.9775661826133728,0.9775662,5.1055823e-13,2.3313507e-07,9.030376e-12,0.00025979677,9.505528e-15,1.38211425e-08,1.3806456e-17,0.02217386,5.108245e-08
A9T,truck,truck,0.4253392219543457,0.0467868,0.08871949,0.035326958,0.06564784,0.0789144,0.01982259,0.049652673,0.10438019,0.085409895,0.42533922,truck,0.5437341332435608,0.0012522688,0.29481798,0.00029433554,0.040237114,0.003313148,0.00037530603,0.010627682,5.4617823e-05,0.10529344,0.54373413,automobile,0.7227630615234375,1.504214e-06,0.72276306,2.661036e-06,0.003508184,2.7665963e-06,5.6787045e-05,0.0029619958,6.6953294e-07,3.0137849e-06,0.2706993
A9Y,airplane,airplane,0.2278780788183212,0.22787808,0.046996765,0.09080071,0.07311003,0.04471431,0.069225974,0.045949623,0.21653017,0.052755203,0.13203913,airplane,0.5444545149803162,0.5444545,0.0018550312,0.03769824,0.31992358,0.013451823,0.009516995,0.011996104,0.013633044,0.0027976271,0.04467299,cat,0.9778431057929992,0.0011168638,8.0801357e-07,3.825412e-05,0.9778431,2.5356025e-05,2.2486045e-06,0.020903207,7.004743e-05,3.4077311e-12,1.4524666e-07
AA2,truck,truck,0.3519053161144256,0.25062442,0.07867653,0.033805735,0.029933082,0.030564943,0.017817501,0.016357096,0.030838149,0.1594772,0.35190532,truck,0.6003758907318115,0.31846613,0.0034632438,0.001465846,0.00026179384,0.009786227,0.00015865068,7.000039e-05,9.162582e-06,0.06594305,0.6003759,truck,0.6881681084632874,0.041207496,7.565522e-06,0.03394896,2.7099584e-05,0.2139232,2.4032238e-09,1.3500569e-10,4.28221e-12,0.022717616,0.6881681
AA6,deer,frog,0.1600656509399414,0.023527388,0.08275274,0.08712898,0.1199406,0.14351405,0.101670675,0.16006565,0.08070204,0.08271067,0.11798725,frog,0.3053935170173645,0.010203334,0.02197413,0.08512349,0.17570136,0.26127908,0.07049075,0.30539352,0.0063077644,0.042864326,0.020662308,deer,0.6450080275535583,1.3496294e-05,1.26250725e-05,0.13988335,0.009951478,0.645008,0.0043982747,0.20065008,3.897158e-08,8.1015925e-05,1.5603276e-06
AA8,horse,horse,0.2258219569921493,0.0573241,0.0666708,0.12711328,0.09964598,0.073468916,0.08550194,0.10160774,0.22582196,0.044841092,0.11800423,horse,0.3426772952079773,0.048811894,0.06208151,0.24685074,0.06726055,0.07668598,0.092505194,0.026859246,0.3426773,0.0047143344,0.031553246,horse,0.9603622555732728,1.4368743e-06,1.2380047e-05,0.0018118042,0.00071697036,0.036881723,0.00012882515,8.450743e-05,0.96036226,3.8815584e-10,2.0449678e-08
AAA,truck,truck,0.425227016210556,0.024149464,0.07374859,0.03699744,0.072294794,0.08517087,0.017424822,0.0712158,0.09885069,0.09492048,0.42522702,truck,0.957757294178009,0.00019483632,0.01842301,3.1447566e-05,0.00905269,0.0026868177,0.00063646026,0.0010486807,0.00018152155,0.009987305,0.9577573,truck,0.999958872795105,6.1350003e-10,3.2611766e-05,3.5757713e-10,3.6297706e-07,2.3790102e-08,7.071e-06,5.365492e-07,3.8059788e-08,4.7787705e-07,0.9999589
AAC,frog,horse,0.1790567487478256,0.07361363,0.065195486,0.1009228,0.10241545,0.09705281,0.11891183,0.099418685,0.17905675,0.06585192,0.09756067,cat,0.2754974663257599,0.04081812,0.0119761545,0.14249077,0.27549747,0.15585297,0.11881991,0.0772688,0.14202309,0.023555873,0.0116967885,horse,0.5680463314056396,0.0001698725,0.00020337728,0.01491394,0.09687681,0.27332273,0.044166394,0.0011050684,0.56804633,0.0011823631,1.302457e-05
AAE,deer,truck,0.4084675014019012,0.014109011,0.11613628,0.0389116,0.056306843,0.111788996,0.022222022,0.06917779,0.03781324,0.12506673,0.4084675,automobile,0.6457039713859558,0.060421556,0.645704,0.0004461322,0.0030199876,0.006685439,0.0038658436,0.0005106119,0.00044165656,0.06791869,0.21098602,automobile,0.5544222593307495,0.0042457934,0.55442226,9.709073e-07,2.2159962e-07,0.058144443,4.1791314e-05,1.7218272e-06,1.3297308e-08,0.00033110104,0.38281173
AAG,automobile,truck,0.2810593843460083,0.10859935,0.08581243,0.055314068,0.066554576,0.069213465,0.033756554,0.051923405,0.1349579,0.11280888,0.28105938,truck,0.6151921153068542,0.034078788,0.023057733,0.0022259373,0.0052870037,0.010449377,0.0015617127,0.0034524587,0.0030401666,0.30165467,0.6151921,truck,0.9226560592651368,0.0006872197,0.008582738,0.00012565352,9.6694575e-06,7.190725e-05,2.0349396e-06,1.5211683e-05,9.694998e-06,0.06783984,0.92265606
AAJ,airplane,airplane,0.1915725469589233,0.19157255,0.070611656,0.10818062,0.11953739,0.040777385,0.14982505,0.07036244,0.14423385,0.047895387,0.057003647,airplane,0.6872153282165527,0.6872153,0.067821346,0.05295235,0.0664401,0.020689994,0.011237665,0.014257293,0.035582,0.018930987,0.024872916,airplane,0.6876469850540161,0.687647,3.492917e-05,0.009794694,0.29888302,0.0010661922,1.5979748e-06,0.0024162931,0.00012367083,2.8877017e-05,3.8751045e-06
AAM,bird,truck,0.3226034641265869,0.033613678,0.060977854,0.05766218,0.07291936,0.09539056,0.026136462,0.09174891,0.124511875,0.114435665,0.32260346,truck,0.4929711520671844,0.011146257,0.016762229,0.0031260264,0.28725857,0.057664264,0.020096632,0.03223308,0.01595444,0.062787406,0.49297115,truck,0.8085336089134216,0.0007576132,0.0029304293,1.2739205e-05,0.0612513,0.039078783,0.07168613,0.008382132,0.0030290703,0.0043381895,0.8085336
AAP,deer,frog,0.2669288218021393,0.0067772837,0.04489547,0.13928662,0.11072098,0.09299532,0.0666985,0.26692882,0.07536931,0.081543796,0.11478389,frog,0.4006200134754181,0.0073500713,0.010657848,0.3819864,0.0967459,0.052502472,0.030440759,0.40062,0.0027536966,0.014927963,0.0020148885,frog,0.7930142879486084,1.2995196e-06,2.230696e-05,0.01450618,0.005776811,0.18659027,7.791428e-05,0.7930143,1.1010736e-05,2.3173343e-09,1.9225856e-09
AAT,truck,truck,0.3591838777065277,0.025426773,0.08662996,0.03836521,0.08315833,0.09467182,0.023502514,0.081494376,0.11835328,0.08921385,0.35918388,truck,0.8179241418838501,0.0005847344,0.14382662,9.0399444e-05,0.01587879,0.003938606,0.00076134247,0.0021709632,0.0027815476,0.01204289,0.81792414,truck,0.9766197800636292,1.7565787e-09,0.023372056,1.8129399e-09,8.2258e-08,6.878589e-09,3.4323628e-07,1.1248098e-07,7.508185e-06,8.8630685e-08,0.9766198
ABG,deer,horse,0.1218857765197753,0.07614847,0.0694709,0.095880605,0.10754434,0.09073634,0.10724939,0.118445165,0.12188578,0.10389085,0.10874819,frog,0.537338137626648,0.010141432,0.0026378592,0.061212566,0.16895936,0.034937296,0.07983825,0.53733814,0.0059271427,0.083540365,0.015467598,frog,0.6078698635101318,2.5755278e-05,1.1128105e-05,0.0009278702,0.017980559,0.0007025745,0.37218967,0.60786986,0.00010180709,0.00013398852,5.677328e-05
ABJ,horse,horse,0.1967506259679794,0.0287377,0.05949348,0.069459744,0.12829357,0.096407354,0.15461284,0.15097274,0.19675063,0.04394707,0.07132489,horse,0.439067929983139,0.00571503,0.054967433,0.0041218535,0.10550054,0.061709926,0.21455899,0.07537104,0.43906793,0.0007968916,0.038190324,horse,0.9546661972999572,6.478985e-07,0.00028050848,4.6221462e-07,0.03749411,0.0014369555,0.004761103,0.0013472319,0.9546662,3.248208e-11,1.2851319e-05
ABP,horse,truck,0.1938158273696899,0.05306904,0.07172106,0.09978251,0.0962126,0.078251176,0.08350847,0.108151965,0.14430037,0.07118701,0.19381583,truck,0.7805483937263489,0.01958194,0.031091804,0.020725185,0.0368993,0.017446002,0.029232074,0.02668508,0.03183408,0.0059561515,0.7805484,truck,0.805573046207428,0.00015192706,0.01838724,0.00035247608,0.0017257376,1.775644e-05,0.052663106,0.010163972,0.11096097,3.697188e-06,0.80557305
ABR,ship,frog,0.1540222316980362,0.03443055,0.09366313,0.12452641,0.13928929,0.05235137,0.095278375,0.15402223,0.067870535,0.11288055,0.12568745,automobile,0.7803024649620056,0.027745487,0.78030246,0.004240699,0.011290283,0.0017864135,0.003552933,0.0012738573,0.0012591762,0.047140434,0.121408224,automobile,0.9906869530677797,1.4464898e-05,0.99068695,0.00010807853,7.9433744e-07,7.6810835e-10,8.985807e-07,2.7693812e-08,1.7477049e-06,0.0036077355,0.005579186
ABY,airplane,airplane,0.4572456181049347,0.45724562,0.059614703,0.052675232,0.049320117,0.030505264,0.07379967,0.031416263,0.07440864,0.08806078,0.08295379,airplane,0.697556734085083,0.69755673,0.0030281805,0.021088041,0.00464554,0.015667487,0.002110898,0.021106113,0.0027583416,0.20421904,0.027819706,airplane,0.9435394406318665,0.94353944,9.139298e-07,0.017053904,4.639947e-06,0.012292415,2.6452798e-10,4.678823e-06,1.0479366e-08,0.026801838,0.00030206505
AC0,horse,horse,0.2544141709804535,0.02423034,0.034434192,0.12960693,0.13491994,0.04682309,0.13286446,0.17169844,0.25441417,0.028844103,0.04216436,cat,0.1745052486658096,0.0032479267,0.07468272,0.17032023,0.17450525,0.14120497,0.12636322,0.14099735,0.048878256,0.08975508,0.030045122,deer,0.5352676510810852,4.0210357e-06,0.003597603,0.08821088,0.028437667,0.53526765,0.067197956,0.026191885,0.24657741,0.0043348903,0.00017998584
ACA,deer,frog,0.2666772007942199,0.0068168156,0.016855586,0.094180234,0.15565193,0.03585568,0.11350827,0.2666772,0.26380178,0.018167026,0.02848541,frog,0.3656405806541443,0.0013290005,0.00067976385,0.086191,0.15974034,0.13307494,0.040350888,0.36564058,0.20605941,0.004468644,0.0024654968,deer,0.978416919708252,8.014933e-09,6.1571087e-10,0.0010368965,0.001632078,0.9784169,5.8045673e-05,0.00058049633,0.018275555,7.638783e-11,5.332516e-11
ACG,frog,frog,0.1607007980346679,0.031463612,0.06035632,0.09653769,0.12735462,0.11107351,0.1554697,0.1607008,0.13213877,0.055124328,0.06978064,cat,0.2827027440071106,0.0048343246,0.0045851967,0.12617265,0.28270274,0.099923566,0.14825092,0.2599407,0.062793754,0.0034204423,0.0073756767,bird,0.91703462600708,7.995306e-07,3.8712582e-07,0.9170346,0.03153448,0.04490741,0.0021372985,0.0037884826,0.00059635367,1.5715369e-07,6.0134617e-09
ACJ,automobile,frog,0.1675361841917038,0.015117557,0.106541775,0.098897316,0.12134848,0.074214466,0.12979536,0.16753618,0.047722343,0.11069333,0.12813321,automobile,0.8139753937721252,0.013845283,0.8139754,0.007455558,0.0038793965,0.0009191196,0.0527151,0.003681292,0.00026757142,0.013388686,0.08987264,automobile,0.988373339176178,6.74399e-07,0.98837334,2.125627e-07,2.1874139e-07,3.638642e-10,0.002211881,8.872589e-07,1.8100943e-08,6.790881e-06,0.009405991
ACM,dog,horse,0.2209878265857696,0.05955794,0.066835344,0.080852516,0.14219573,0.072694354,0.13411774,0.102076605,0.22098783,0.044375647,0.07630631,cat,0.8489571213722229,0.002066984,0.06505319,0.0054017855,0.8489571,0.001692014,0.032593034,0.037367295,0.00048075826,0.0012470508,0.0051407777,cat,0.9988002777099608,8.417047e-09,2.5331665e-06,8.071897e-06,0.9988003,3.745936e-07,0.00039634557,0.00079175615,5.8939435e-07,7.0350965e-12,8.33978e-09
ACP,bird,dog,0.1443893611431121,0.08369404,0.082986094,0.089482255,0.10820247,0.10826472,0.14438936,0.103404984,0.108905494,0.08265592,0.08801474,frog,0.5314013957977295,0.049343325,0.010885591,0.09648077,0.17272435,0.034127463,0.05623316,0.5314014,0.0036185242,0.03902204,0.0061634323,frog,0.9797771573066713,0.0027825579,6.083188e-06,0.01044831,0.004167819,0.0017592127,0.0009502594,0.97977716,1.0220075e-06,0.00010735868,1.4908792e-07
ACR,cat,frog,0.2226636260747909,0.0056631966,0.06418625,0.080098934,0.11110564,0.10254795,0.04490192,0.22266363,0.065848246,0.12146883,0.18151544,cat,0.2517708539962768,0.028049177,0.08704537,0.044408727,0.25177085,0.04452127,0.20311058,0.11963375,0.011326474,0.14921033,0.060923465,dog,0.5680705308914185,0.00021308029,0.06987525,0.008675681,0.25139865,0.0062282444,0.56807053,0.075936496,0.0016622926,1.6520005e-05,0.017923193
ACW,frog,frog,0.3043873310089111,0.004944592,0.016510932,0.097644255,0.16802834,0.04103627,0.2177845,0.30438733,0.113012135,0.019425856,0.017225875,frog,0.3927297294139862,0.0030062136,8.258557e-05,0.2869671,0.15125111,0.011927385,0.12506592,0.39272973,0.027359113,0.00087427755,0.0007365484,frog,0.6854934096336365,7.983263e-06,9.99698e-07,0.25439918,0.0023428705,0.026173715,0.029654788,0.6854934,0.0019269933,3.090059e-10,3.8070375e-08
ACY,truck,truck,0.1778022050857544,0.0851957,0.08929293,0.07828717,0.11087879,0.06169072,0.05787437,0.0989405,0.08481997,0.1552176,0.1778022,ship,0.5912663340568542,0.010789855,0.05155537,0.004690595,0.0919234,0.014980945,0.006959399,0.074065566,0.0032992985,0.59126633,0.15046923,frog,0.4227221310138702,0.00044428185,0.020182397,0.001380648,0.099268064,9.857485e-05,0.0019701177,0.42272213,0.0073571526,0.38615894,0.060417715
AD0,frog,truck,0.308390349149704,0.04658737,0.10201555,0.07090809,0.06666646,0.09602139,0.037680384,0.07690734,0.06897363,0.12584943,0.30839035,truck,0.4830010235309601,0.013303559,0.22438377,0.028536942,0.066720195,0.038341828,0.025727388,0.065822735,0.003608555,0.050554063,0.48300102,frog,0.7163681387901306,0.0001393913,0.0011467312,0.013744279,0.056361765,0.009437288,0.18054315,0.71636814,4.2499682e-06,4.768146e-05,0.022207329
AD2,truck,truck,0.4539244472980499,0.029793765,0.08942352,0.049259275,0.04323394,0.063937694,0.013646669,0.04888695,0.045080677,0.16281313,0.45392445,truck,0.5381344556808472,0.075043365,0.20361295,0.0056050215,0.0034675633,0.0022244786,0.0014827261,0.0005446395,0.0016227294,0.16826208,0.53813446,truck,0.833250880241394,0.00064077595,0.11382256,0.005836569,1.3924267e-06,4.1409716e-05,1.5641148e-06,1.3343364e-06,2.0584632e-05,0.046383057,0.8332509
AD4,bird,frog,0.2234431505203247,0.012475638,0.0379945,0.11629562,0.13629353,0.08192704,0.19473864,0.22344315,0.10621311,0.04742167,0.04319722,dog,0.5737555027008057,0.0010984349,0.0016039225,0.13287829,0.089868546,0.026734808,0.5737555,0.15937197,0.012071446,0.0019820838,0.00063508365,dog,0.9983086585998536,2.3972109e-09,6.444989e-08,2.4056137e-05,4.3246117e-05,2.7002984e-06,0.99830866,0.001620866,3.489668e-07,1.3532964e-10,5.0037835e-11
AD6,ship,truck,0.3598352670669555,0.054766573,0.074771814,0.06592506,0.045938615,0.07480663,0.022051318,0.06367496,0.066861235,0.17136845,0.35983527,truck,0.5850344896316528,0.10708083,0.028790494,0.010079258,0.004788755,0.010078196,0.0030164085,0.0035523428,0.0016337745,0.24594548,0.5850345,truck,0.87074214220047,0.0024237721,0.00067725073,3.9813196e-05,8.745651e-09,0.0012063587,6.802809e-06,7.942102e-06,3.9271513e-06,0.124892004,0.87074214
AD8,cat,frog,0.1585220992565155,0.019812943,0.059953623,0.121736445,0.11914909,0.09579693,0.09039641,0.1585221,0.15766221,0.055328593,0.12164167,cat,0.3371670246124267,0.015241421,0.038875196,0.17204367,0.33716702,0.061164968,0.11814191,0.050303563,0.19167107,0.011829464,0.0035617827,horse,0.973663330078125,2.3251264e-08,9.322866e-06,2.8842565e-05,0.023546109,0.0017232575,0.0010193598,9.738791e-06,0.97366333,9.5081295e-12,7.108426e-11
ADJ,airplane,truck,0.3596270978450775,0.06439973,0.09824216,0.044348743,0.06246553,0.087805,0.027766038,0.05006805,0.079216294,0.12606137,0.3596271,truck,0.7053451538085938,0.0037986413,0.067013025,0.00041738496,0.0134328,0.017148487,0.0029172017,0.002499856,0.00030270693,0.18712477,0.70534515,truck,0.994212567806244,2.7918726e-05,0.004104838,7.861219e-06,0.00028801957,0.00025369297,3.914498e-05,1.9697443e-06,6.3195466e-10,0.0010639244,0.99421257
ADM,airplane,horse,0.2567692101001739,0.12837158,0.03421907,0.1536909,0.104010835,0.03043612,0.14202096,0.06744528,0.2567692,0.028450573,0.05458546,cat,0.5958927273750305,0.011621306,0.00025839952,0.2881182,0.5958927,0.00071038393,0.025161635,0.013885302,0.031701196,0.00014309643,0.03250769,cat,0.9948739409446716,4.4369795e-08,2.2528314e-12,0.0024936628,0.99487394,2.7791234e-08,0.002129182,0.00017763524,0.00032543097,2.1865198e-12,6.7582824e-09
ADP,airplane,truck,0.2250217646360397,0.11687939,0.07152171,0.08507634,0.056524016,0.07367507,0.04062234,0.06509612,0.09702895,0.16855425,0.22502176,ship,0.7410843968391418,0.16022737,0.0016717731,0.019826923,0.0059448443,0.028098369,0.014188377,0.005984592,0.002497421,0.7410844,0.02047584,ship,0.9970840811729432,0.0027888382,4.1277872e-08,6.8817885e-06,1.0170512e-06,0.00010015268,1.4451815e-05,1.0623849e-06,3.912339e-08,0.9970841,3.513761e-06
ADT,deer,horse,0.1785196512937545,0.17284188,0.04325304,0.13614213,0.087653466,0.03600062,0.12620398,0.09091612,0.17851965,0.06951209,0.058956977,frog,0.4510010182857513,0.037094247,0.0004922322,0.27215806,0.038003415,0.025643392,0.03101219,0.45100102,0.0072692903,0.13431719,0.0030089766,frog,0.9773669838905334,0.009464604,5.671413e-11,0.0100175515,0.002264473,0.0006291859,0.000250347,0.977367,4.987569e-06,1.9602846e-06,5.003623e-10
ADW,frog,frog,0.1922764182090759,0.016266748,0.05679935,0.12077208,0.17505889,0.053254187,0.10359873,0.19227642,0.1410911,0.050663497,0.09021902,cat,0.3677948415279388,0.00841489,0.15669695,0.021200802,0.36779484,0.048991326,0.016464626,0.03626241,0.1474918,0.013839513,0.18284288,cat,0.752549946308136,2.41847e-06,0.01313784,4.7879526e-05,0.75254995,0.0006519674,0.00091721583,0.00016493275,0.23240775,3.889678e-06,0.00011610677
AE0,automobile,horse,0.2116709500551223,0.08185766,0.074577846,0.107354045,0.1256112,0.047486935,0.09120837,0.092711255,0.21167095,0.059174187,0.10834755,automobile,0.4282405376434326,0.035710253,0.42824054,0.012892087,0.045689564,0.0064892136,0.033325944,0.00040826903,0.31474152,0.0036182483,0.11888441,automobile,0.8173677921295166,1.0028164e-05,0.8173678,0.0117106475,6.223011e-05,0.0020855411,8.751306e-05,1.3990667e-08,0.13673186,3.5166686e-05,0.03190916
AE2,dog,dog,0.2393158078193664,0.04878221,0.02456875,0.12855999,0.14790708,0.037623487,0.23931581,0.14106621,0.18767296,0.02442358,0.020079862,cat,0.4018817543983459,0.041134648,0.0012826672,0.104310796,0.40188175,0.075635195,0.12066501,0.24121834,0.010284724,0.0021484618,0.0014384795,frog,0.4503760933876037,3.4058798e-05,3.333056e-08,0.014929908,0.4374611,0.0049474277,0.09210143,0.4503761,0.00014986229,2.1464681e-09,1.7705862e-10
AE4,deer,frog,0.2098363637924194,0.012615449,0.034807425,0.09230853,0.16108249,0.07139948,0.20707268,0.20983636,0.15298995,0.023713736,0.034173924,cat,0.3432271182537079,0.0050782207,0.04247776,0.069356084,0.34322712,0.13481657,0.06740967,0.26436967,0.024143023,0.0027125592,0.046409298,frog,0.5618908405303955,2.9405755e-06,0.0092200935,0.065020144,0.23679538,0.059853766,0.06090007,0.56189084,0.0062473286,5.5238996e-08,6.938054e-05
AEA,airplane,truck,0.2576541602611542,0.07660078,0.11879289,0.06189013,0.06950505,0.09216203,0.044743102,0.058074888,0.047996324,0.17258069,0.25765416,truck,0.2886710166931152,0.24379706,0.15927316,0.0027790528,0.012686894,0.026300758,0.012927551,0.0011320486,0.0015488918,0.25088355,0.28867102,airplane,0.8951015472412109,0.89510155,0.01670483,0.00016837113,1.7994338e-05,0.003819999,2.07318e-06,4.4691433e-08,4.7392805e-09,0.042052425,0.04213269
AEE,automobile,truck,0.4440658390522003,0.052219555,0.13048822,0.03955693,0.053994045,0.043605562,0.01514242,0.035831075,0.056806445,0.12828991,0.44406584,automobile,0.8527165055274963,0.0013989444,0.8527165,3.986293e-05,0.00068223756,5.8401965e-05,0.000102971375,5.638409e-06,6.7187306e-05,0.0018271358,0.14310116,automobile,0.9950419664382936,3.125705e-08,0.99504197,9.358679e-10,4.157545e-08,1.705938e-11,2.4911986e-11,1.0454518e-11,4.449221e-12,2.5291578e-07,0.004957777
AEG,dog,dog,0.2845480442047119,0.010525141,0.047810987,0.09206548,0.15960833,0.058460284,0.28454804,0.2130913,0.048745237,0.05440742,0.030737884,dog,0.6603418588638306,0.0015672046,0.010079824,0.020016514,0.16062246,0.01303606,0.66034186,0.116798535,0.0036379723,0.001520357,0.01237924,dog,0.9972350001335144,4.1905424e-10,9.166378e-08,1.0225903e-05,0.002359487,1.0135565e-06,0.997235,0.000392204,1.7529812e-06,2.744863e-09,2.6247127e-07
AET,frog,truck,0.2273574769496917,0.020242698,0.07176774,0.112365715,0.081857234,0.092918254,0.0391862,0.15098202,0.07584731,0.12747526,0.22735748,bird,0.3669295012950897,0.018830974,0.0074852896,0.3669295,0.055191237,0.039310984,0.014597674,0.3659107,0.010511352,0.105239205,0.015993113,frog,0.9932211637496948,1.9918873e-06,3.7223307e-07,0.006343195,6.8934954e-05,0.00029276893,5.8062393e-05,0.99322116,8.473727e-07,1.2526696e-05,1.1338997e-07
AFC,airplane,airplane,0.2590515613555908,0.25905156,0.067932434,0.07580786,0.051128533,0.058531485,0.060951013,0.04518101,0.10288675,0.11324575,0.16528359,bird,0.3281964063644409,0.19258036,0.0065078423,0.3281964,0.026805647,0.057837736,0.016827028,0.213122,0.005683944,0.13985181,0.012587252,bird,0.959643542766571,0.0009152608,4.363811e-05,0.95964354,2.268206e-06,0.018039424,0.0007516688,0.02006773,1.1118281e-05,0.00049845816,2.6846688e-05
AFE,cat,frog,0.2304241508245468,0.012289779,0.04291763,0.08364785,0.16338484,0.09808634,0.12686493,0.23042415,0.13261762,0.042867508,0.06689929,deer,0.3068006932735443,0.0031672558,0.004881382,0.025212295,0.21490166,0.3068007,0.14722224,0.24208638,0.024650877,0.005131747,0.025945514,deer,0.9994584918022156,1.4679551e-09,2.5047031e-09,5.3125856e-05,0.00010315357,0.9994585,0.00023802227,0.00013118303,1.6040638e-05,8.304096e-11,2.977583e-08
AFG,deer,frog,0.2233503311872482,0.012084745,0.04069096,0.1423007,0.13001895,0.07627889,0.09230247,0.22335033,0.1558216,0.044782117,0.08236919,bird,0.6305429935455322,0.0056055477,0.0021726063,0.630543,0.08928566,0.04130899,0.030187884,0.11646152,0.08079889,0.0026694336,0.0009664084,bird,0.7211408615112305,1.2800652e-07,3.0519794e-07,0.72114086,0.015094743,0.25656435,0.00019741581,0.004861623,0.0021406356,6.6999556e-10,4.1085105e-10
AFJ,truck,frog,0.2544657289981842,0.008548473,0.036774877,0.13730621,0.15380223,0.059004076,0.14392713,0.25446573,0.08875147,0.055430315,0.06198947,cat,0.6430805921554565,0.0018962792,0.0062539177,0.17333756,0.6430806,0.0043163267,0.08384125,0.06650281,0.0049699624,0.0022156877,0.0135856345,cat,0.66849285364151,1.5426738e-07,0.00022964632,0.31580588,0.66849285,2.0342031e-06,0.010648777,0.0018030064,0.00012111214,3.6361323e-06,0.0028928712
AFP,cat,truck,0.3217271864414215,0.0077523715,0.07728665,0.06467672,0.07234324,0.10884934,0.025628576,0.14256476,0.054503463,0.12466759,0.3217272,truck,0.4552231431007385,0.00631758,0.1600862,0.010453186,0.091511525,0.01512164,0.007018991,0.21003926,0.00039422116,0.043834276,0.45522314,frog,0.9849923849105836,9.5441e-06,0.0016535601,3.7343525e-06,0.0014537881,1.6525755e-05,8.877595e-06,0.9849924,6.3269845e-06,3.4440922e-07,0.01185483
AFW,cat,frog,0.2677727937698364,0.00628849,0.039517947,0.10718318,0.17590073,0.07912913,0.1716415,0.2677728,0.07098859,0.04186478,0.039712835,cat,0.3923968374729156,0.0060122856,0.009011525,0.1320401,0.39239684,0.16522104,0.077713884,0.15870425,0.043686375,0.013926304,0.0012873646,deer,0.929844617843628,1.4061182e-07,2.7665874e-07,1.979793e-05,0.06872154,0.9298446,0.00018741773,1.5994137e-05,0.0012102923,8.477123e-09,1.8608745e-12
AG4,dog,truck,0.1460634171962738,0.0870042,0.09132481,0.11781558,0.09820975,0.07281526,0.08106788,0.08608365,0.085696585,0.13391882,0.14606342,dog,0.644418478012085,0.04485557,0.038590636,0.041090596,0.083546646,0.03921155,0.6444185,0.0038390218,0.020215767,0.035169303,0.04906247,dog,0.8695580959320068,6.3950284e-07,3.1113618e-06,0.00889571,0.0041590533,0.117347926,0.8695581,4.5198267e-06,1.3172997e-05,1.0031805e-05,7.784316e-06
AG8,ship,truck,0.3285981118679046,0.118913755,0.12224308,0.04870645,0.042851936,0.06373888,0.03952569,0.031608958,0.03922367,0.16458945,0.3285981,truck,0.7208154201507568,0.0038765883,0.240322,0.0011172136,0.001084746,0.0019020754,0.0016016767,0.00025624112,9.414789e-05,0.02892987,0.7208154,truck,0.9706145524978638,1.1181572e-08,0.02790055,3.1359107e-06,3.9740136e-09,5.3378803e-06,2.7610677e-06,3.0269884e-11,1.2573841e-12,0.0014736584,0.97061455
AGG,deer,truck,0.2784586548805237,0.052329607,0.084634736,0.070486955,0.06733185,0.10464416,0.03621315,0.08010114,0.09377972,0.13201997,0.27845865,truck,0.3273512721061706,0.047636725,0.05872872,0.007907039,0.044918146,0.16060486,0.04011549,0.019440975,0.011479735,0.281817,0.32735127,deer,0.9175475835800172,0.0028331133,0.0009542799,0.00021248379,0.0002190695,0.9175476,0.00075475074,0.00010196367,7.015486e-06,0.066513196,0.010856466
AGM,ship,truck,0.2304850816726684,0.06243631,0.09634622,0.0993656,0.092626795,0.054844383,0.03728939,0.092186734,0.0808627,0.1535568,0.23048508,ship,0.2998225390911102,0.15976718,0.17464773,0.016338147,0.05682057,0.009220111,0.005420794,0.0041042776,0.0064821416,0.29982254,0.26737645,ship,0.3983229398727417,0.043830935,0.1339687,0.060401578,0.081856325,0.015758004,0.00025415834,0.00031761176,0.03533266,0.39832294,0.22995706
AGP,bird,truck,0.2595812380313873,0.026228677,0.060607806,0.116308786,0.091380425,0.06117281,0.039139614,0.11766046,0.13037498,0.09754514,0.25958124,cat,0.3593495190143585,0.011321489,0.12438156,0.08892941,0.35934952,0.025244033,0.024848465,0.020943927,0.11224349,0.033507183,0.19923083,horse,0.936985194683075,1.2857541e-07,2.7562946e-05,0.00080059026,0.060483217,0.0015795641,3.7078753e-05,8.5695e-05,0.9369852,7.1031475e-10,1.0025718e-06
AGW,airplane,frog,0.2156891822814941,0.0101348935,0.057662766,0.08095658,0.1281292,0.1251258,0.08559012,0.21568918,0.11734715,0.06047376,0.11889052,deer,0.253658652305603,0.07928921,0.03065559,0.044630513,0.10195508,0.25365865,0.13634534,0.15450713,0.08382616,0.096161455,0.018970843,deer,0.8011465668678284,0.0146978535,0.0065754023,0.0009320947,0.00011677285,0.80114657,0.00049020274,0.17415491,0.0016214625,0.0002460371,1.85971e-05
AH0,airplane,horse,0.1726245433092117,0.109043434,0.049203508,0.14989685,0.109102294,0.043090213,0.12720557,0.11066891,0.17262454,0.06867371,0.06049104,ship,0.3062327802181244,0.26488858,0.0070809885,0.17820053,0.039781366,0.042269733,0.09841854,0.018748607,0.03339142,0.30623278,0.010987428,bird,0.3889515399932861,0.29375356,1.0322567e-05,0.38895154,0.007339256,0.0013051779,0.00020011171,0.00019943803,0.00015431806,0.30808297,3.3053655e-06
AH2,deer,truck,0.1525780856609344,0.027048122,0.06865409,0.14418079,0.09243847,0.10097373,0.10192528,0.13218409,0.08271048,0.09730682,0.15257809,bird,0.5589208602905273,0.038144346,0.004810568,0.55892086,0.043269303,0.022587731,0.2574219,0.0077087097,0.04690282,0.0085582435,0.01167552,bird,0.9154539108276368,3.5325138e-05,1.7367827e-07,0.9154539,0.07272479,0.002002957,0.009225661,1.633501e-05,0.00053842604,2.274423e-06,1.2425491e-07
AH8,deer,truck,0.1347794830799102,0.041838497,0.07968633,0.092306666,0.109236,0.12874144,0.084620215,0.12610362,0.12959479,0.07309299,0.13477948,cat,0.287245512008667,0.1537571,0.028136848,0.079734676,0.2872455,0.21943463,0.098605566,0.051537503,0.040165093,0.028474275,0.012908788,bird,0.4209319055080414,0.00034778882,1.33324e-05,0.4209319,0.22009154,0.34304976,0.00531128,0.009710458,0.00050041964,4.323988e-05,3.3169073e-07
AHA,dog,frog,0.2544778287410736,0.0077292,0.05758954,0.09520644,0.1439398,0.10284717,0.09185662,0.25447783,0.09298663,0.059175745,0.09419092,frog,0.4450698494911194,0.013208235,0.04505197,0.17344868,0.13901623,0.08974041,0.029478671,0.44506985,0.022747342,0.020588556,0.021650061,frog,0.8623621463775635,5.566299e-05,0.009484442,0.023758547,0.014491556,0.08859569,0.0010816604,0.86236215,0.00013179418,2.5339472e-07,3.8297712e-05
AHG,airplane,airplane,0.6263797283172607,0.6263797,0.038888406,0.04561619,0.029656129,0.015762765,0.04704988,0.019323701,0.04239137,0.08027398,0.054657742,airplane,0.9642314314842224,0.96423143,0.00017140238,0.009206255,0.00037932114,0.0030239434,0.00049808115,0.0011795777,0.00010533683,0.01981606,0.0013884798,airplane,0.9998584985733032,0.9998585,1.306867e-12,3.6534757e-07,3.8066092e-10,0.00013422641,5.219092e-13,7.466247e-08,2.7897777e-16,6.7876726e-06,1.898251e-09
AHJ,deer,horse,0.1908421665430069,0.03796271,0.045073863,0.1336934,0.122198485,0.07814371,0.14225487,0.15382855,0.19084217,0.03933406,0.056668177,bird,0.2915398478507995,0.023836516,0.0029138098,0.29153985,0.06701787,0.22829555,0.12215583,0.055668388,0.19927043,0.0073168497,0.001984929,deer,0.5817642211914062,2.8892424e-07,7.472588e-08,0.38662764,0.0003242588,0.5817642,0.0007656731,0.0006330662,0.029884487,2.835062e-07,1.6807801e-10
AHR,deer,frog,0.1348512917757034,0.04441405,0.07846226,0.09086759,0.11401201,0.13113783,0.11674239,0.13485129,0.109659344,0.07921904,0.10063418,frog,0.319213718175888,0.033564325,0.0060559856,0.10560711,0.1691662,0.20932306,0.10346037,0.31921372,0.007387614,0.041198723,0.0050228653,deer,0.9381266236305236,0.003449151,2.1433387e-07,0.043042004,0.005863909,0.9381266,0.00035100305,0.008669879,1.9296533e-07,0.0004970346,7.142255e-09
AHW,automobile,airplane,0.4326563477516174,0.43265635,0.06905189,0.05371387,0.045074914,0.011118106,0.026839102,0.019595962,0.08565439,0.114940315,0.14135507,truck,0.4936004281044006,0.012426154,0.48923147,0.0002494031,0.001152063,0.000104519415,0.00039383685,1.8671422e-05,0.00015070602,0.002672764,0.49360043,truck,0.9555387496948242,7.6019825e-07,0.044440474,1.8695107e-06,2.937803e-08,8.31027e-10,3.010696e-12,6.5100784e-14,1.1484721e-11,1.8152168e-05,0.95553875
AJ4,dog,bird,0.1758655309677124,0.04029316,0.058121655,0.17586553,0.09414118,0.0774395,0.11409939,0.10622721,0.16212645,0.04719712,0.1244888,bird,0.6434298753738403,0.003923815,0.0035105227,0.6434299,0.076605015,0.10919271,0.052080356,0.04868002,0.017167777,0.0032829882,0.042126913,bird,0.8449016809463501,3.620565e-09,7.025211e-11,0.8449017,0.0017795378,0.10965307,0.00021938457,3.00091e-07,0.04344602,1.2972811e-09,1.3905535e-09
AJ6,ship,truck,0.4551134705543518,0.041541535,0.100898705,0.03315605,0.04595905,0.07445232,0.015811512,0.045316376,0.043678217,0.14407264,0.45511347,truck,0.7657240629196167,0.004416581,0.12253165,0.000155538,0.0022391803,0.0038423936,0.00032785028,0.0009647849,0.0002884652,0.099509515,0.76572406,truck,0.5788930058479309,2.2993196e-05,0.008937257,1.973774e-08,1.2997178e-07,8.447023e-05,2.2162553e-06,2.1699522e-07,8.225785e-08,0.4120596,0.578893
AJA,truck,truck,0.4778445959091186,0.02337784,0.06735303,0.04372406,0.049259026,0.08236903,0.013747703,0.056391913,0.09713482,0.088797905,0.4778446,truck,0.9016036987304688,0.002942963,0.056492593,0.00093326473,0.010783736,0.0056762192,0.0012026645,0.001560089,0.0026975826,0.016107287,0.9016037,truck,0.994694173336029,1.0052623e-06,0.003092131,0.0002926866,7.2558956e-05,0.0001357422,2.8573682e-05,9.627744e-06,0.0016629794,1.06250045e-05,0.9946942
AJC,ship,truck,0.2265943735837936,0.19006294,0.0617192,0.059632577,0.056124754,0.046013266,0.028976677,0.047564685,0.1417717,0.1415398,0.22659437,ship,0.8676784038543701,0.00843288,0.0014966995,0.00063755235,0.002940385,0.009872797,0.0006491168,0.0054712333,0.00016610457,0.8676784,0.102654874,ship,0.9992233514785768,5.5665264e-06,9.0097005e-09,2.8310687e-08,9.340125e-10,0.00074873556,7.912194e-10,8.89382e-07,1.1653187e-13,0.99922335,2.1373564e-05
AJE,bird,truck,0.3835591077804565,0.021450207,0.09782959,0.07020007,0.052656326,0.073897004,0.020921564,0.064313784,0.030995404,0.18417698,0.3835591,airplane,0.3280802071094513,0.3280802,0.19195133,0.027008343,0.019058943,0.0008042646,0.008219479,0.0007168107,8.8145636e-05,0.16188009,0.26219234,airplane,0.7423241138458252,0.7423241,0.013715863,0.041181862,0.0025122392,1.0177718e-06,1.2512353e-07,3.3573192e-06,4.428727e-11,0.17933826,0.020923063
AJG,frog,frog,0.2321979999542236,0.014109365,0.051621784,0.11732898,0.1410348,0.08222573,0.08363968,0.232198,0.12864983,0.058939617,0.090252236,frog,0.4637995958328247,0.009507421,0.029960569,0.07902136,0.2282651,0.09393141,0.028291322,0.4637996,0.011727434,0.045035128,0.010460625,frog,0.984302282333374,8.900621e-06,7.028294e-05,0.00016353544,0.0049071023,0.010304691,0.00011635303,0.9843023,0.00012521203,1.2367256e-06,4.1837345e-07
AJJ,automobile,truck,0.2831945121288299,0.08451314,0.10503191,0.06104081,0.04294364,0.056739192,0.02456747,0.045146905,0.02494609,0.27187634,0.2831945,ship,0.7967773079872131,0.08027637,0.022999302,0.009121142,0.0014342073,0.0067260405,0.000359593,0.0023569756,2.740871e-05,0.7967773,0.07992162,ship,0.9885287880897522,0.0024685776,0.008585505,0.00022024108,2.5360084e-08,4.0597854e-05,1.102042e-10,1.0525366e-07,3.5007408e-13,0.9885288,0.00015613977
AJR,dog,truck,0.3511065542697906,0.03399987,0.06275293,0.108676106,0.06961787,0.0710674,0.028905837,0.075361386,0.095363975,0.10314812,0.35110655,cat,0.494000107049942,0.044156585,0.005332884,0.2529534,0.4940001,0.0138991205,0.031218752,0.0100417305,0.007495825,0.08165338,0.059248235,cat,0.8001176118850708,6.7936408e-06,3.9725045e-09,0.1960766,0.8001176,0.00010065071,0.0033648144,1.1026937e-05,0.0003222961,1.4669814e-07,2.3807982e-09
AJT,deer,truck,0.2975247502326965,0.01735798,0.09329796,0.053690508,0.07526561,0.15079999,0.03690309,0.109246835,0.07044444,0.095468745,0.29752475,truck,0.4288090169429779,0.012988729,0.18401228,0.0064871376,0.06689026,0.20307855,0.024527218,0.043616034,0.004664387,0.024926435,0.42880902,deer,0.96322500705719,1.0510849e-05,1.9394345e-05,2.4608715e-05,0.030946994,0.963225,0.0012853089,0.003531643,3.9513895e-07,1.1345034e-05,0.0009446719
AJW,dog,dog,0.2511370778083801,0.051093813,0.04273007,0.12967029,0.13586417,0.04852911,0.25113708,0.16225111,0.08535602,0.062074613,0.031293646,dog,0.3149173557758331,0.01101444,0.0008105467,0.17691079,0.18791044,0.008494439,0.31491736,0.24126135,0.002897195,0.040721264,0.015062156,dog,0.9881746768951416,5.3844553e-07,2.887073e-09,0.0005100115,0.008191079,5.946168e-07,0.9881747,0.003067918,1.4225723e-06,5.3667227e-05,7.3619205e-08
AK0,deer,dog,0.2778794765472412,0.019147426,0.03215813,0.10075268,0.13243946,0.08334718,0.27787948,0.18630567,0.10408673,0.035195716,0.028687514,frog,0.272528737783432,0.0018608255,0.00019218406,0.0630826,0.109158434,0.19996427,0.24537711,0.27252874,0.10595362,0.0011998705,0.0006823001,deer,0.9207431077957152,4.2684082e-06,4.538212e-09,0.01762646,0.023448873,0.9207431,0.026644198,0.011395582,0.00013732644,7.5141855e-08,1.2469119e-10
AK2,cat,dog,0.2105160802602768,0.022634951,0.047507726,0.13994132,0.15936014,0.06488123,0.21051608,0.17631647,0.09295733,0.046885762,0.03899896,dog,0.586161732673645,0.004494215,0.0015137275,0.21044701,0.15447937,0.012046853,0.58616173,0.014332668,0.014116976,0.0013405352,0.0010669515,dog,0.9731823205947876,2.4023525e-09,8.814063e-09,0.017901456,0.008175002,3.4297347e-05,0.9731823,1.3168925e-06,0.0007055133,2.8028673e-08,1.5021377e-10
AK6,ship,ship,0.3187699913978576,0.085146,0.09955412,0.07147969,0.044872478,0.03594797,0.02589144,0.04343173,0.022279302,0.31877,0.25262734,ship,0.7901872992515564,0.02200776,0.12456636,0.004795245,0.0038017167,0.0007978226,0.0017697591,0.0013538791,4.682584e-05,0.7901873,0.050673317,ship,0.6987878084182739,1.0471141e-05,0.30003685,0.00072534726,4.2817385e-07,7.662745e-09,7.536493e-06,1.4967137e-05,6.5538774e-10,0.6987878,0.00041652788
AKC,dog,truck,0.3365002572536468,0.022742283,0.06993894,0.10493441,0.057341088,0.086046465,0.02316191,0.08864973,0.099611305,0.11107363,0.33650026,bird,0.2984663546085357,0.13780226,0.041137844,0.29846635,0.049112447,0.0513413,0.0714767,0.02400922,0.01756763,0.2771913,0.031894986,bird,0.5352217555046082,0.1286019,9.6361226e-05,0.53522176,0.07136889,0.07890853,0.0008196924,0.0032478909,0.021031545,0.1606934,9.991874e-06
AKG,deer,horse,0.2242477089166641,0.0436163,0.03205821,0.12568232,0.14117564,0.042580485,0.19017915,0.13895063,0.22424771,0.026788035,0.034721516,bird,0.6081776022911072,0.03238546,0.004142509,0.6081776,0.14033619,0.025457079,0.04592622,0.09774043,0.03643838,0.0049173296,0.004478836,horse,0.920869767665863,5.7178422e-05,2.228276e-08,0.015632302,0.022738038,0.0042326953,0.004136954,0.032332916,0.92086977,2.7590197e-09,4.5290183e-10
AKM,deer,frog,0.2568886280059814,0.009384342,0.04157839,0.12170342,0.13494197,0.08218872,0.11054022,0.25688863,0.122811526,0.051071182,0.06889154,frog,0.498092919588089,0.003047744,0.0031294492,0.22310594,0.104109876,0.05920279,0.039234612,0.49809292,0.062376287,0.006709307,0.0009910101,frog,0.7247257828712463,6.0841103e-06,9.489462e-05,0.022449244,0.040630516,0.10020281,0.0489442,0.7247258,0.06294604,4.1251548e-07,9.885704e-09
AKP,dog,frog,0.1429777890443802,0.0343001,0.071372226,0.0874507,0.11744815,0.123092756,0.12001123,0.14297779,0.1303168,0.07234935,0.10068093,dog,0.487377792596817,0.030432424,0.0142812515,0.057578027,0.14011297,0.08192817,0.4873778,0.074406154,0.03897942,0.012787897,0.06211593,deer,0.6145447492599487,0.006266192,1.30890285e-05,0.024526782,0.17745814,0.61454475,0.17431639,0.0006161147,0.0017688896,8.4165404e-05,0.0004055705
AKT,automobile,truck,0.423668771982193,0.047864676,0.08567692,0.07195067,0.057981875,0.052903853,0.018832644,0.054100577,0.071379885,0.11564013,0.42366877,truck,0.8608947992324829,0.00316379,0.09072547,0.0015928437,0.005979619,0.0010275452,0.00024487564,0.0004340779,0.00021855532,0.035718456,0.8608948,truck,0.9508799910545348,4.1318817e-05,0.014187946,0.0031288436,0.0005821696,5.852304e-05,1.8457992e-07,3.1353488e-07,1.8514311e-06,0.031118903,0.95088
AKW,frog,frog,0.2450854480266571,0.008516947,0.048289143,0.1102901,0.15084054,0.079731666,0.14911558,0.24508545,0.10501936,0.041733876,0.06137744,frog,0.2350365072488784,0.010474912,0.10469976,0.2032073,0.14335908,0.090244934,0.1387934,0.2350365,0.036298856,0.0053677135,0.032517567,frog,0.7990871667861938,2.2490062e-06,0.010192185,0.033498928,0.0065692943,0.031270612,0.11895657,0.79908717,0.00034269874,1.9996942e-07,8.0095786e-05
AM0,cat,truck,0.213903933763504,0.10231283,0.10468857,0.062241904,0.07976102,0.09756602,0.07056611,0.06346498,0.08023394,0.1252607,0.21390393,automobile,0.3566060960292816,0.023739178,0.3566061,0.0072119306,0.092818856,0.07775973,0.028441122,0.06066363,0.002947977,0.12856837,0.22124313,automobile,0.4160758852958679,0.00016504762,0.4160759,0.0020065063,9.9083314e-05,0.21332186,0.16918902,0.013380414,2.1206553e-07,0.0012039015,0.18455805
AM2,horse,airplane,0.2361814081668853,0.23618141,0.055484455,0.07635113,0.062448774,0.057265993,0.085793436,0.053565472,0.17360933,0.0831136,0.1161865,frog,0.2185460776090622,0.1620278,0.00715512,0.111871734,0.15814492,0.06951953,0.15899126,0.21854608,0.06147724,0.031408988,0.020857412,frog,0.6615975499153137,0.00043555655,2.3032184e-05,0.088597864,0.006078066,0.12069655,0.10292762,0.66159755,0.019622969,8.150836e-09,2.0862646e-05
AM4,cat,airplane,0.1863709986209869,0.186371,0.065073475,0.08480873,0.11674668,0.045684233,0.12662919,0.069982596,0.14383078,0.07205005,0.08882328,cat,0.3464090228080749,0.27000228,0.004620595,0.019626604,0.34640902,0.006279731,0.048742056,0.021145515,0.03652741,0.0765622,0.17008457,cat,0.9862193465232848,0.000715207,1.9970386e-07,0.00077966606,0.98621935,4.8757738e-05,0.0041584726,1.5296488e-05,0.00780019,0.00023275863,3.0080913e-05
AM8,truck,truck,0.5047986507415771,0.09562876,0.08810033,0.028368818,0.026356217,0.042225298,0.0102994675,0.018043963,0.029642927,0.1565356,0.50479865,truck,0.7525068521499634,0.037953563,0.09067995,0.00016565264,0.0007805399,0.004568463,0.0002358183,7.573007e-05,1.9354635e-05,0.113014065,0.75250685,truck,0.7122136354446411,0.001365104,0.2848432,8.671606e-06,1.0336528e-08,0.00017753751,4.460028e-10,4.5901936e-09,1.357514e-12,0.0013918171,0.71221364
AMA,horse,frog,0.157855823636055,0.038279727,0.06983549,0.10995322,0.13799423,0.08081058,0.07875912,0.15785582,0.10183493,0.08364258,0.14103433,cat,0.3308698534965515,0.12037658,0.013941248,0.08456519,0.33086985,0.0502336,0.025469223,0.132374,0.04773426,0.067536145,0.12689988,horse,0.7554330825805664,0.004295874,1.36368635e-05,0.0022927446,0.017976297,0.00060864707,0.00036254333,0.21868554,0.7554331,0.00017589201,0.00015577493
AMG,horse,dog,0.319066435098648,0.06551702,0.017449858,0.16489886,0.10451751,0.025648773,0.31906644,0.10074174,0.16278744,0.023236092,0.016136315,dog,0.4402802288532257,0.059520077,0.00048021975,0.32312155,0.13061482,0.01373136,0.44028023,0.0071456726,0.021976579,0.00022128389,0.0029082573,bird,0.4681479334831238,0.00045029007,0.00032809103,0.46814793,0.061467085,8.709161e-06,0.46761495,0.00052650867,0.0014430075,1.8017297e-06,1.1587516e-05
AMJ,deer,horse,0.2345427721738815,0.014725106,0.038192358,0.10927772,0.15062733,0.05932315,0.12763439,0.18459241,0.23454277,0.026536454,0.054548297,horse,0.6589500904083252,0.031734515,0.033030104,0.030482009,0.07251813,0.06717231,0.08254077,0.010069516,0.6589501,0.0066193645,0.0068831746,horse,0.9998993873596193,1.945951e-08,6.06663e-08,5.907828e-07,3.0336e-06,3.5137677e-05,6.177173e-05,2.3200156e-08,0.9998994,6.760583e-10,2.522129e-10
AMP,horse,truck,0.164892315864563,0.041140202,0.07619964,0.066366054,0.10159727,0.10844037,0.07300284,0.11849372,0.15020743,0.09966004,0.16489232,cat,0.3367414772510528,0.0018213812,0.13958934,0.015483716,0.33674148,0.023621788,0.05552043,0.115377344,0.095279604,0.05916812,0.15739681,dog,0.9168692231178284,5.5959917e-09,5.295835e-05,1.4183895e-06,0.00060157134,3.9228573e-05,0.9168692,6.240155e-05,0.08010135,1.0043821e-05,0.0022617823
AMR,automobile,frog,0.1800882965326309,0.011814388,0.11791989,0.09603987,0.13223726,0.095291264,0.10103577,0.1800883,0.049059007,0.091733225,0.12478104,automobile,0.941867172718048,0.010000492,0.9418672,0.008856655,0.007352196,0.0015321422,0.0064742593,0.0030656026,0.0013823322,0.0034000163,0.016069151,automobile,0.9999961853027344,1.3075933e-06,0.9999962,6.1237586e-07,5.7917896e-07,1.2978029e-09,2.2012598e-08,2.3360408e-07,6.3318577e-09,3.714061e-08,1.0634105e-06
AMT,dog,horse,0.253478854894638,0.021223169,0.040233556,0.13888767,0.117664084,0.061174158,0.07355804,0.16273251,0.25347885,0.036983185,0.0940648,bird,0.4979293048381805,0.050965253,0.0046355044,0.4979293,0.13049336,0.022766305,0.11275939,0.048861966,0.09578157,0.029106777,0.006700591,horse,0.8876807689666748,0.0064658257,2.2412425e-05,0.040707935,0.020965483,0.030767191,0.013011119,0.00019689905,0.88768077,0.00018193314,4.6560598e-07
AMW,dog,dog,0.1708203554153442,0.089667775,0.08796688,0.09915215,0.13121158,0.06724059,0.17082036,0.094349325,0.111739874,0.07008684,0.077764615,dog,0.3873847723007202,0.04870335,0.11567649,0.028690234,0.21365911,0.047250923,0.38738477,0.00843132,0.054315135,0.008435584,0.087453015,cat,0.5131384134292603,1.757192e-07,1.659662e-05,4.0233157e-05,0.5131384,0.00023137298,0.3913566,1.1966844e-06,0.09519416,3.117717e-06,1.814895e-05
AN0,dog,frog,0.1662126034498214,0.022001226,0.06031308,0.09253563,0.123971015,0.12599005,0.15147658,0.1662126,0.12978788,0.05154591,0.07616602,dog,0.5924294590950012,0.007238792,0.005579336,0.014395473,0.11261656,0.21413149,0.59242946,0.0408844,0.008630906,0.0032243438,0.00086925575,deer,0.994440734386444,1.5645968e-08,4.323343e-09,0.0040225214,0.00058402336,0.99444073,0.0009022794,5.038215e-05,1.7857353e-08,4.741946e-09,1.3955548e-12
AN2,frog,frog,0.3083817958831787,0.0037850554,0.05131432,0.07839543,0.16137874,0.093946055,0.10435745,0.3083818,0.0718346,0.05528123,0.071325235,frog,0.4348987340927124,0.018808112,0.13747428,0.061224572,0.14370137,0.07710229,0.06684734,0.43489873,0.0074312054,0.03282103,0.019690998,frog,0.8825724720954895,5.6531997e-05,0.10830414,0.00074228,0.0027611575,0.0046621826,0.0008613539,0.8825725,8.044473e-06,5.504353e-08,3.1689902e-05
AN4,bird,truck,0.2048897594213485,0.014382684,0.06939991,0.11342845,0.0971613,0.07923383,0.043224275,0.18751568,0.06647236,0.124291755,0.20488976,ship,0.3438362181186676,0.09002624,0.03355522,0.30838534,0.039198603,0.008870723,0.014141304,0.0724856,0.0021500618,0.34383622,0.08735068,bird,0.923423707485199,0.0010441077,0.0012301458,0.9234237,0.0054147975,2.7299786e-05,0.00046468605,0.039242566,6.788034e-07,0.0118984645,0.017253568
AN6,cat,dog,0.1458560675382614,0.09793679,0.073604256,0.11942644,0.10338361,0.08045723,0.14585607,0.1076604,0.11593454,0.07888533,0.07685536,bird,0.453277051448822,0.073013104,0.0076142717,0.45327705,0.042941105,0.06900298,0.075935684,0.23921876,0.008018001,0.021302717,0.009676252,bird,0.6434454917907715,0.012109214,5.853214e-07,0.6434455,0.008219059,0.06464333,0.0016704752,0.26980144,7.7438366e-05,3.291466e-05,8.5606864e-08
AN8,cat,dog,0.2429652959108352,0.00898382,0.04025466,0.08693753,0.18449272,0.04467376,0.2429653,0.24025126,0.08561702,0.038116574,0.0277074,dog,0.4864490032196045,0.0026004124,0.044327307,0.0284785,0.20635636,0.020315347,0.486449,0.1191387,0.068535335,0.0052896934,0.018509261,dog,0.5439907312393188,1.6071439e-09,8.888842e-06,7.565235e-05,0.3895968,0.00016889944,0.54399073,0.042723104,0.023435706,1.1607108e-07,6.406821e-08
ANE,ship,truck,0.3961769044399261,0.10843178,0.097445324,0.035230286,0.04433089,0.05927727,0.018789466,0.032248557,0.07449676,0.13357276,0.3961769,ship,0.6123901009559631,0.047601447,0.12587863,0.00010968418,0.0013668415,0.0058989855,0.00032744897,0.00031320192,8.273855e-05,0.6123901,0.2060308,ship,0.8267768621444702,0.0019332959,0.06495201,1.4141508e-06,4.456896e-08,7.37001e-05,1.2668304e-08,9.774283e-08,2.0516429e-11,0.82677686,0.106262594
ANJ,automobile,airplane,0.2467033267021179,0.24670333,0.08383376,0.11604068,0.07785915,0.021274317,0.07054261,0.06320046,0.08548229,0.12278724,0.11227618,automobile,0.4773178994655609,0.32238206,0.4773179,0.015740843,0.001875827,0.0012144131,0.020455837,0.004638952,5.414784e-05,0.056551777,0.09976824,automobile,0.5254971385002136,0.08635475,0.52549714,0.0020507507,2.2854814e-05,2.847712e-07,2.8960516e-05,0.0020238555,3.852434e-10,0.0024569405,0.38156444
ANP,horse,frog,0.2464935928583145,0.006446877,0.06036844,0.10605773,0.1587728,0.059216388,0.10155042,0.2464936,0.0555937,0.10583526,0.099664785,airplane,0.2555137276649475,0.25551373,0.13864249,0.09381085,0.032172285,0.001700821,0.21330245,0.019828768,0.0019440886,0.22206177,0.021022735,dog,0.986735463142395,0.0004489376,0.003718281,0.0007843705,0.0035390279,7.029844e-08,0.98673546,0.003721889,0.0009196328,2.8845845e-05,0.00010348069
ANR,dog,truck,0.2574144005775451,0.0413159,0.06849423,0.08079682,0.08102912,0.08545526,0.03846921,0.094581805,0.16572236,0.086720884,0.2574144,truck,0.3185597956180572,0.05064774,0.084810205,0.017754957,0.16615756,0.14747672,0.13081346,0.025851553,0.04143007,0.016497878,0.3185598,dog,0.9815689325332642,2.3100263e-07,9.074145e-06,2.870276e-06,0.011552286,0.0004978359,0.98156893,0.0014347611,0.0049229506,3.7054476e-06,7.3753145e-06
ANT,cat,frog,0.3186803162097931,0.0042238175,0.019140504,0.13765725,0.17824306,0.038645115,0.12534583,0.31868032,0.115918666,0.026499776,0.03564568,cat,0.4774581789970398,0.0043527675,0.00045656887,0.42591783,0.47745818,0.005714328,0.010896681,0.05078618,0.015046429,0.0031461206,0.0062248264,cat,0.684113621711731,3.777205e-05,5.3575714e-05,0.20528987,0.6841136,0.0074522574,0.0010300605,0.0014256791,0.10059344,3.5522984e-08,3.6979336e-06
AP2,deer,frog,0.2671988308429718,0.006684317,0.0414347,0.1295075,0.12652741,0.06648371,0.053698722,0.26719883,0.118567884,0.06683268,0.123064294,bird,0.3620881736278534,0.03635407,0.018818183,0.36208817,0.19637604,0.035607263,0.012552953,0.2182627,0.02125094,0.07515575,0.023533925,cat,0.9132885336875916,0.004205354,0.00016187028,0.0053492105,0.91328853,0.019906027,2.5111673e-05,0.05142705,0.00557147,1.9982428e-05,4.5420526e-05
AP4,ship,truck,0.1777459233999252,0.021640249,0.096380904,0.072482355,0.10232791,0.15902095,0.07672906,0.12797448,0.0998675,0.06583069,0.17774592,deer,0.3656248450279236,0.08204705,0.23266484,0.01695216,0.046154372,0.36562485,0.071805574,0.026565865,0.013084902,0.09105188,0.054048467,deer,0.981040894985199,5.829517e-05,0.017149745,0.00039382183,0.00010277258,0.9810409,0.000724939,7.5356795e-05,1.1867759e-05,0.00043029833,1.2093649e-05
APA,dog,frog,0.3540509939193725,0.0030941705,0.02895588,0.06446785,0.1767049,0.06691945,0.17594248,0.354051,0.070885964,0.033633556,0.025344778,frog,0.7660877704620361,0.00014954705,0.0059269764,0.007077731,0.14146286,0.019953266,0.054293342,0.7660878,0.0024454526,0.0012497127,0.0013532978,frog,0.9901375770568848,3.6762582e-09,0.0021777917,1.9057925e-05,0.001113353,0.0028238783,0.003726361,0.9901376,1.8484252e-06,8.6343106e-11,2.6000572e-07
APC,ship,airplane,0.8177108764648438,0.8177109,0.015697304,0.015648771,0.008777242,0.0023830114,0.011192397,0.004206285,0.012790692,0.067303434,0.04429007,airplane,0.6711180806159973,0.6711181,5.9097994e-05,0.0013030382,4.4243738e-05,0.00022547012,1.7677312e-05,0.00082189345,5.8027103e-07,0.21993859,0.10647139,airplane,0.7017126083374023,0.7017126,4.4478534e-15,5.871042e-08,1.06665926e-10,1.3673227e-07,1.8948367e-12,2.8061794e-07,1.0577531e-21,0.2982867,1.8944655e-07
APE,ship,truck,0.2761988341808319,0.11765795,0.124078155,0.056945167,0.077756174,0.05806989,0.038956843,0.041239247,0.1351826,0.07391507,0.27619883,truck,0.6009259223937988,0.04022954,0.34612483,0.0003119375,0.0021207188,0.0010877819,0.00058620796,9.209825e-05,0.001544987,0.006976037,0.6009259,truck,0.6925861835479736,0.0037454672,0.30347764,1.1900946e-05,0.00015426437,1.185793e-05,2.3660702e-09,3.493267e-08,1.669898e-07,1.25399e-05,0.6925862
APJ,ship,truck,0.3477183878421783,0.039783295,0.09494002,0.08395744,0.05055942,0.05558412,0.024232881,0.06324097,0.03531032,0.20467317,0.3477184,ship,0.5630009770393372,0.31118348,0.064588405,0.00875084,0.0014470274,0.00052120246,0.0020217001,0.00022239794,8.717197e-06,0.563001,0.048255187,ship,0.7270822525024414,0.20410427,0.0685629,3.137154e-05,5.765799e-08,3.6595147e-09,1.434256e-10,1.870811e-07,2.8603615e-14,0.72708225,0.0002189837
APM,truck,truck,0.2494742274284362,0.04141024,0.12733494,0.061437663,0.08973624,0.079183884,0.0524796,0.08777019,0.100177534,0.11099554,0.24947423,automobile,0.8743937015533447,0.029119227,0.8743937,0.00020704132,0.0009963595,0.0014604371,0.005882467,0.0004918049,0.0008195494,0.022544274,0.064085096,automobile,0.97291100025177,8.033695e-05,0.972911,2.236856e-09,3.4018342e-06,8.915101e-09,3.4864992e-05,1.0281854e-05,5.327889e-07,7.2353123e-06,0.02695231
APP,horse,horse,0.2311261743307113,0.07059749,0.05421517,0.09806165,0.11730685,0.069829755,0.1596733,0.097602144,0.23112617,0.03975763,0.06182976,cat,0.282967060804367,0.07288691,0.010777761,0.078153335,0.28296706,0.14632943,0.061800454,0.1461696,0.17227452,0.023333527,0.005307381,horse,0.7245230674743652,2.9564424e-05,8.7912385e-06,6.668701e-05,0.015474524,0.23874798,0.007978195,0.013170087,0.72452307,1.0379529e-06,4.0464943e-08
APR,airplane,airplane,0.3145131170749664,0.31451312,0.06388673,0.07627723,0.060663864,0.05114601,0.09024377,0.04765192,0.107246384,0.09533122,0.09303979,airplane,0.644234299659729,0.6442343,0.0019337039,0.060066562,0.056707364,0.03083765,0.03043918,0.050554615,0.004546664,0.118880555,0.0017993926,deer,0.7346336245536804,0.16468938,1.6243857e-06,0.042616017,0.0027213348,0.7346336,0.028722247,0.021777052,0.0002958668,0.0045335903,9.291506e-06
APW,cat,frog,0.2122053503990173,0.01532617,0.05334288,0.12262038,0.11733025,0.058807597,0.0622914,0.21220535,0.18750453,0.049342774,0.121228725,automobile,0.3404438495635986,0.013118515,0.34044385,0.072057694,0.057683498,0.12196878,0.030518088,0.28310853,0.015333087,0.027482677,0.038285214,deer,0.9669622182846068,2.491287e-05,0.0029454394,9.5727744e-05,9.527682e-05,0.9669622,1.2252204e-05,0.029837452,2.6713004e-05,4.0075943e-08,5.2918715e-08
AQ0,horse,frog,0.1973833590745926,0.019532997,0.041046523,0.08893685,0.12037976,0.12636033,0.13398904,0.19738336,0.15115117,0.047031846,0.07418821,frog,0.432888388633728,0.0037872994,0.00037031688,0.036501106,0.16240016,0.290204,0.056388713,0.4328884,0.01459248,0.0022566586,0.0006108568,deer,0.9904744029045104,6.774652e-09,1.1017418e-09,0.0057609845,3.4589086e-06,0.9904744,6.99803e-06,0.0036793356,7.477512e-05,7.857021e-10,5.824982e-14
AQ4,automobile,truck,0.3818171918392181,0.016638223,0.069574274,0.0688025,0.06841508,0.099963434,0.032296937,0.08658926,0.07510384,0.10079916,0.3818172,truck,0.6318360567092896,0.00078573177,0.282394,0.0015423412,0.034918133,0.0049245935,0.002113848,0.002468897,0.00011595758,0.03890046,0.63183606,automobile,0.6965162754058838,9.349856e-11,0.6965163,5.9474935e-08,1.5429618e-08,4.1231907e-08,2.2889028e-05,4.1106643e-09,8.0427117e-07,0.0003287306,0.30313122
AQ6,deer,frog,0.1394966691732406,0.037859503,0.0785429,0.10098483,0.116800606,0.124690525,0.10284095,0.13949667,0.10858413,0.07902084,0.111179024,deer,0.263934314250946,0.015535053,0.008755158,0.14571263,0.12968513,0.2639343,0.11665519,0.25206545,0.03358549,0.018192528,0.015879018,bird,0.8711848855018616,8.209785e-06,1.5803396e-08,0.8711849,0.00040242667,0.12708503,0.00013845348,0.0011675915,1.1225791e-05,2.1288906e-06,1.2199043e-08
AQC,bird,dog,0.2440846115350723,0.015261265,0.028339101,0.091857396,0.1719795,0.05603883,0.24408461,0.22026183,0.12377344,0.026849505,0.021554466,dog,0.3954678177833557,0.013623795,0.00086180214,0.14560884,0.11359875,0.046291884,0.39546782,0.25434098,0.01582369,0.011343971,0.0030384236,deer,0.3583196997642517,5.8258584e-06,9.5177064e-08,0.29780886,0.002942549,0.3583197,0.26825646,0.028970337,0.04369565,5.359787e-07,1.3022586e-08
AQJ,airplane,frog,0.3420416116714477,0.0031975536,0.037355818,0.12832,0.16385183,0.043038912,0.067937,0.3420416,0.07650132,0.056068987,0.081687,airplane,0.3500752449035644,0.35007524,0.18035543,0.14648713,0.051893204,0.0025414797,0.0074801855,0.01482169,0.00041633364,0.20575193,0.040177293,airplane,0.9944802522659302,0.99448025,0.0025218988,0.00038258533,0.002307965,1.9054335e-06,3.9232795e-08,0.00010405249,6.313037e-08,0.00016363418,3.7661634e-05
AQR,automobile,truck,0.1650670617818832,0.06698857,0.0735465,0.10047524,0.13005921,0.046387065,0.069739856,0.11942352,0.1353984,0.09291452,0.16506706,truck,0.6540948152542114,0.04176477,0.23128843,0.008724887,0.02925346,0.0007575861,0.014867566,0.0038863719,0.0038144134,0.011547755,0.6540948,automobile,0.8352584838867188,8.070052e-06,0.8352585,9.458054e-06,0.00069106126,1.2281893e-08,0.00068318244,0.003022369,8.6656755e-06,2.6289024e-06,0.1603161
AQW,frog,frog,0.1765587031841278,0.01905197,0.07372695,0.09535993,0.13298085,0.12911703,0.1132555,0.1765587,0.0952311,0.056789003,0.10792891,frog,0.4576154947280884,0.0078414725,0.017530847,0.106884144,0.15074742,0.15238741,0.03849248,0.4576155,0.023948902,0.012975438,0.031576317,frog,0.8549954891204834,5.8985056e-06,1.3545032e-05,0.018761113,0.037529033,0.08705512,0.0015827126,0.8549955,4.914107e-05,4.057751e-06,3.7671998e-06
AQY,horse,frog,0.2731186151504516,0.0061533465,0.03678485,0.15088136,0.15467322,0.05925497,0.10121432,0.27311862,0.10579878,0.04238514,0.0697354,bird,0.3556868433952331,0.0039840355,0.016649293,0.35568684,0.32880193,0.021729464,0.012856862,0.2163047,0.007093384,0.03049093,0.006402589,cat,0.9065471291542052,3.573445e-05,2.7386199e-05,0.07384036,0.9065471,0.015455174,7.676505e-05,0.0025083437,0.001508626,4.6818784e-07,1.1517106e-08
AR2,dog,frog,0.3371874690055847,0.00315674,0.0329996,0.06573528,0.1798653,0.07205747,0.1411053,0.33718747,0.09862856,0.028458795,0.040805433,frog,0.4349783957004547,0.017387843,0.15018414,0.03436883,0.16114171,0.044571027,0.06722494,0.4349784,0.016987208,0.009220012,0.06393584,automobile,0.8729128837585449,7.1606996e-06,0.8729129,9.038465e-06,6.303526e-06,5.2532716e-05,0.00050057034,0.12647413,5.8522683e-06,3.046612e-09,3.1492902e-05
AR6,automobile,truck,0.1941021978855133,0.07441497,0.085650794,0.074013814,0.089648396,0.08644562,0.06373161,0.09264548,0.116770715,0.12257641,0.1941022,truck,0.4469043910503387,0.05421873,0.12929027,0.0032608518,0.12695037,0.007399815,0.08157804,0.011520414,0.0071931384,0.13168399,0.4469044,cat,0.5799822211265564,0.053773854,0.00026292788,4.24961e-07,0.5799822,7.376459e-06,0.25628066,0.00033562438,5.87449e-06,0.048617244,0.06073384
AR8,bird,airplane,0.5530115365982056,0.55301154,0.038497232,0.045454577,0.022467868,0.016345914,0.029893266,0.018643735,0.04554168,0.12268377,0.10746032,airplane,0.547829270362854,0.5478293,5.6393394e-05,0.014032422,0.00026623497,0.01204348,0.000798186,0.029119864,2.160128e-05,0.36621305,0.029619548,airplane,0.9896560907363892,0.9896561,7.0566103e-16,5.833401e-08,3.9612875e-11,0.009589432,5.146439e-11,4.9709095e-05,2.294267e-18,0.0007046996,2.3902882e-10
ARA,cat,frog,0.2338583171367645,0.017006027,0.031905886,0.13820201,0.16712226,0.052000113,0.16440625,0.23385832,0.12473186,0.03741132,0.03335595,bird,0.4975023567676544,0.004673448,0.0008713865,0.49750236,0.14635661,0.015805878,0.037090212,0.23771258,0.054581586,0.0042095063,0.0011964528,bird,0.5813146233558655,0.00011950412,3.2830133e-06,0.5813146,0.011140965,0.35074463,0.0008870737,0.01500111,0.04078876,1.4590884e-07,5.297756e-09
ARC,truck,truck,0.4734700918197632,0.053799123,0.10173726,0.028530061,0.035043404,0.055169802,0.011711691,0.029065484,0.031953998,0.17951912,0.4734701,truck,0.5481241345405579,0.033065367,0.1028693,0.0001807848,0.00086337887,0.0034938513,0.00014943785,0.00020714947,0.00024673334,0.3107999,0.54812413,truck,0.8817645311355591,0.0011385047,0.0015011025,5.316112e-06,4.3756007e-10,3.066157e-05,2.5235625e-12,9.903827e-10,1.3185886e-10,0.115559794,0.88176453
ARE,airplane,frog,0.1513541638851165,0.025044067,0.08426663,0.08690698,0.11709525,0.11463465,0.08423827,0.15135416,0.09664506,0.095702395,0.14411265,dog,0.2160180062055587,0.11646165,0.11302569,0.07778596,0.100766264,0.13685253,0.216018,0.038535625,0.12609182,0.04290843,0.03155411,deer,0.5648319721221924,0.002604502,0.097301334,0.15986487,0.08089847,0.564832,0.044816054,0.00086055027,0.048726946,2.341861e-05,7.182446e-05
ARG,horse,truck,0.1901009976863861,0.050647654,0.08900392,0.07932272,0.0922111,0.11274423,0.06657253,0.09960622,0.124782085,0.09500857,0.190101,truck,0.2367569953203201,0.03242292,0.22967228,0.019312378,0.18374105,0.08151966,0.12166222,0.028046442,0.03674852,0.030117545,0.236757,cat,0.6866516470909119,0.0148763815,0.060957648,0.0019743247,0.68665165,0.011615138,0.044908684,0.0005252501,0.0017715244,0.00047644795,0.17624296
ARM,automobile,truck,0.5503742694854736,0.06476088,0.09401464,0.023515701,0.030903768,0.026808605,0.0076486915,0.021807129,0.033615537,0.14655074,0.55037427,truck,0.8484426736831665,0.008031795,0.123718284,9.313907e-06,6.1393985e-05,2.8429973e-05,1.7931432e-05,7.098274e-06,3.6930517e-06,0.01967935,0.8484427,truck,0.998474657535553,5.9227453e-08,0.0015205569,2.308295e-11,1.1870192e-11,1.6572866e-11,1.6965744e-12,4.0109957e-11,3.136058e-15,4.6820523e-06,0.99847466
ARY,automobile,frog,0.3294614851474762,0.0056052236,0.024182603,0.13328563,0.15847774,0.040896576,0.13583311,0.3294615,0.09277565,0.04342321,0.03605878,bird,0.5141049027442932,0.092799425,0.0050570667,0.5141049,0.11551787,0.0045800935,0.091717534,0.091671824,0.0023034695,0.072913155,0.009334573,frog,0.6405961513519287,0.14424126,0.0058972845,0.15277204,0.04570879,0.00011785669,0.010128122,0.64059615,5.2178177e-05,0.00031349392,0.00017286777
AS0,automobile,truck,0.2397515922784805,0.027094604,0.110319644,0.06260174,0.09602427,0.117396645,0.048439868,0.11310724,0.06629007,0.11897434,0.23975159,automobile,0.7218710780143738,0.06691693,0.7218711,0.0017449057,0.018839143,0.014470275,0.009194994,0.004121736,0.0024516208,0.035536014,0.124853365,automobile,0.9031676650047302,0.00087908655,0.90316767,1.7664527e-07,0.00029988814,1.8095385e-05,1.2659317e-05,7.97444e-05,1.2463586e-07,0.0031924162,0.09235009
AS2,truck,truck,0.3095307052135467,0.08721865,0.09706662,0.059820004,0.06814296,0.05359956,0.032076016,0.052007694,0.04295211,0.1975857,0.3095307,truck,0.7195538878440857,0.015633931,0.029859014,0.0008171295,0.009473148,0.0004062396,0.0017548848,0.0004215302,5.4031756e-05,0.22202614,0.7195539,ship,0.5721514225006104,0.0024178901,0.047515962,0.00066576374,0.009053899,1.3558063e-06,4.7033058e-07,4.228305e-07,1.2416945e-10,0.5721514,0.36819285
ASC,truck,truck,0.4301087856292724,0.07359772,0.06699987,0.06257643,0.038736183,0.040699273,0.014985211,0.043632604,0.10323447,0.12542944,0.4301088,truck,0.6522611975669861,0.05664146,0.02127349,0.004623178,0.002187767,0.0121738585,0.00021431614,0.002489093,0.0008884894,0.24724711,0.6522612,truck,0.4298737645149231,0.031344946,0.19376945,0.0021556658,9.324658e-06,0.0010949195,3.2443955e-07,3.48299e-05,2.6398973e-05,0.3416904,0.42987376
ASE,airplane,truck,0.3938934206962585,0.022707481,0.07577583,0.049504284,0.051998515,0.089208856,0.020418158,0.071121156,0.046589047,0.17878327,0.39389342,truck,0.4875516593456268,0.041421283,0.021094076,0.0015914526,0.020741615,0.014637235,0.006545488,0.0031608231,0.0030334615,0.40022293,0.48755166,ship,0.4107741415500641,0.05020604,0.0008276719,8.298212e-05,0.00048101248,0.13342999,0.0029625616,1.4539607e-05,8.542313e-05,0.41077414,0.40113556
ASM,airplane,truck,0.3700907826423645,0.038017854,0.06226323,0.09317991,0.05310511,0.06706288,0.027329972,0.0749098,0.0895455,0.12449495,0.37009078,truck,0.5213606953620911,0.09954885,0.021406407,0.10218385,0.014707774,0.027907956,0.015789295,0.01432602,0.056171447,0.12659764,0.5213607,automobile,0.8312917351722717,2.4675214e-06,0.83129174,6.9127724e-05,1.2401761e-08,2.5318843e-07,3.7577895e-05,2.1170348e-05,0.0050240345,1.2485326e-05,0.16354111
ASP,ship,truck,0.5048148036003113,0.021041343,0.10678315,0.026321452,0.035501994,0.07448752,0.010111028,0.03342021,0.017495474,0.17002293,0.5048148,truck,0.6567208766937256,0.008203317,0.14957805,0.00013080359,0.00050320395,0.0012872305,9.250955e-05,0.00014146707,2.3702235e-06,0.18334025,0.6567209,truck,0.8763815760612488,1.0776413e-05,0.11306463,6.1321735e-08,2.5477104e-10,5.110128e-07,1.5544307e-11,1.3517092e-10,1.786247e-15,0.010542345,0.8763816
ASR,ship,truck,0.3132071793079376,0.034156952,0.09057438,0.07072423,0.078497075,0.09090455,0.03279459,0.08809412,0.11028597,0.09076097,0.31320718,truck,0.6700799465179443,0.0034818065,0.2381315,0.0034993729,0.023244442,0.009611344,0.001809497,0.010995478,0.0016523241,0.037494328,0.67007995,truck,0.900837540626526,9.7494456e-05,0.08026495,0.000111782,0.009354346,0.000110207984,2.3009778e-05,0.0014127247,0.00253226,0.005255764,0.90083754
ASW,horse,frog,0.1336343735456466,0.049749073,0.07154052,0.09818851,0.10811658,0.10925636,0.09958129,0.13363437,0.12702762,0.0836544,0.11925122,frog,0.4825160503387451,0.0090567535,0.0054319613,0.112767674,0.097817585,0.14964962,0.06643031,0.48251605,0.0030696627,0.060902797,0.01235757,frog,0.4650455117225647,1.9511294e-06,9.90829e-07,0.15462,0.018773098,0.21553141,0.14589128,0.4650455,6.4235785e-05,7.030097e-05,1.2440408e-06
AT4,horse,dog,0.3276655077934265,0.012241828,0.024838144,0.07672825,0.17044172,0.042042084,0.3276655,0.19201224,0.11979167,0.01856563,0.01567295,dog,0.7460426092147827,0.006374571,0.0026053628,0.05086975,0.106326856,0.007826124,0.7460426,0.011526164,0.057521235,0.00043038817,0.010477042,dog,0.9727343320846558,4.903048e-09,1.2834587e-07,0.00013210134,0.012770734,0.0042957272,0.97273433,0.0001558657,0.009911074,5.7486047e-12,7.960483e-09
ATA,ship,truck,0.4446748197078705,0.030496847,0.1169044,0.0358115,0.040936656,0.092257224,0.017845958,0.039213814,0.02384519,0.15801363,0.44467482,truck,0.6801895499229431,0.010160672,0.21564382,0.00029522748,0.0007220018,0.0025902793,0.00030798677,0.000161088,2.3649009e-05,0.08990569,0.68018955,truck,0.8130322098731995,0.00025944505,0.06711003,6.2658404e-07,1.8744972e-08,3.9922914e-05,8.111825e-09,1.3335713e-10,4.532918e-13,0.11955775,0.8130322
ATE,cat,cat,0.1515168249607086,0.029142218,0.07506249,0.066782184,0.15151682,0.11335233,0.1269724,0.14323057,0.14198042,0.04845615,0.10350451,cat,0.3883183300495147,0.0021672158,0.14693269,0.0017858035,0.38831833,0.053120725,0.0072185965,0.18034682,0.0066758194,0.0057179695,0.20771594,frog,0.8957278728485107,3.9227975e-06,0.09761717,2.2125889e-07,0.0031439227,3.6652913e-05,0.00029583112,0.8957279,1.853883e-07,4.615001e-08,0.0031742759
ATG,bird,frog,0.1809361428022384,0.009519655,0.07449654,0.091980636,0.10525664,0.1273865,0.06063582,0.18093614,0.08313143,0.08605839,0.18059818,bird,0.3213737905025482,0.046342865,0.04782364,0.3213738,0.124964476,0.10111248,0.15522014,0.10283967,0.02822901,0.033833485,0.038260486,bird,0.9031095504760742,5.2766045e-05,7.246094e-05,0.90310955,0.031499226,0.060207248,0.0036983213,0.0013481848,7.466857e-06,9.2502205e-08,4.661081e-06
ATJ,dog,horse,0.1877346634864807,0.050130207,0.06695373,0.093607515,0.1261091,0.098330975,0.09933525,0.10596222,0.18773466,0.04932559,0.12251076,cat,0.7811927795410156,0.0053337174,0.015517345,0.03074393,0.7811928,0.018649178,0.006090806,0.08836015,0.008071308,0.0028192326,0.043221597,cat,0.9930852651596068,3.319817e-07,1.122995e-06,2.5959469e-05,0.99308527,1.1578181e-07,0.00017805044,0.0065989816,0.00010877499,8.716467e-09,1.4049746e-06
ATM,truck,truck,0.3312616050243377,0.021797061,0.06584238,0.09383495,0.069772795,0.052911416,0.021915799,0.11494939,0.092415765,0.13529888,0.3312616,truck,0.490640789270401,0.023331326,0.069570966,0.055359732,0.022561995,0.0053624148,0.002182906,0.017768001,0.0029720438,0.3102498,0.4906408,truck,0.5765874981880188,0.00018862874,0.0035042374,0.30492687,0.00023526304,0.00021229427,0.0006741784,0.007504432,0.0003892179,0.10577732,0.5765875
ATW,bird,frog,0.3034549057483673,0.0066470923,0.038771365,0.091359966,0.2001853,0.056506246,0.11539527,0.3034549,0.0984736,0.04452365,0.044682574,cat,0.4535130858421325,0.0060656373,0.015433029,0.06424444,0.4535131,0.018877601,0.023896592,0.37563625,0.026584238,0.0072933813,0.00845585,cat,0.7724032998085022,1.0255179e-06,9.661658e-06,0.00020995154,0.7724033,0.00039951573,9.44636e-05,0.2268037,7.820583e-05,4.3766604e-09,1.6315676e-07
AV2,bird,dog,0.1806118339300155,0.04671199,0.055343144,0.116780244,0.14272752,0.07822189,0.18061183,0.15402098,0.12932318,0.050859667,0.045399502,frog,0.3202245235443115,0.023243,0.008925593,0.2014243,0.17076617,0.07582459,0.12186658,0.32022452,0.058501787,0.012347445,0.006875954,frog,0.6866706013679504,0.0014990676,0.00014435715,0.17885037,0.055731345,0.022170538,0.016620027,0.6866706,0.038273495,3.8686892e-05,1.5132525e-06
AV4,frog,truck,0.1721715778112411,0.018384624,0.06912054,0.07024827,0.11156963,0.14440796,0.06953054,0.15364796,0.12479114,0.06612772,0.17217158,deer,0.2261738181114196,0.013755564,0.11570851,0.02422396,0.18305963,0.22617382,0.08274782,0.17303781,0.030767018,0.05369096,0.09683486,frog,0.3194206655025482,1.6292626e-05,0.0064558396,8.899057e-05,0.000554996,0.13842109,0.29667524,0.31942067,0.2360136,1.7863922e-05,0.002335404
AVA,horse,truck,0.3379266262054443,0.030151919,0.07307137,0.06644755,0.06258078,0.10262745,0.02788985,0.0867773,0.10118646,0.11134075,0.33792663,truck,0.4658858478069305,0.043630134,0.026640568,0.017456762,0.05028001,0.07982613,0.055516563,0.026459591,0.13188104,0.102423385,0.46588585,horse,0.8468468189239502,0.00018015479,5.129578e-06,0.0028279447,0.00063829316,0.054718506,0.057633597,5.719062e-05,0.8468468,0.0013540137,0.035738356
AVC,deer,frog,0.1691433787345886,0.03188442,0.044827186,0.1355429,0.15329495,0.06235514,0.15638004,0.16914338,0.15914397,0.039275113,0.048152838,cat,0.4245584309101105,0.005844803,0.0051580626,0.12042447,0.42455843,0.07095231,0.094697185,0.16580445,0.10234696,0.0048175114,0.0053958194,cat,0.6929566264152527,7.9102574e-07,1.5620826e-06,5.4124925e-05,0.6929566,0.0019784002,0.23314966,0.02261755,0.049241092,7.100612e-08,5.745106e-09
AVE,airplane,truck,0.2267344295978546,0.12124122,0.06403495,0.10433817,0.056743935,0.05295062,0.038763974,0.06128162,0.11511873,0.15879238,0.22673443,ship,0.5003058314323425,0.01910581,0.009948004,0.24142854,0.026967501,0.017695773,0.011835441,0.02664158,0.0029552998,0.50030583,0.14311616,bird,0.8259912729263306,3.1101074e-06,7.2009434e-06,0.8259913,1.1413008e-05,1.0672206e-05,9.341136e-06,5.8770337e-07,1.4509853e-05,0.17282967,0.0011222188
AVJ,automobile,truck,0.1888902336359024,0.020955818,0.07853548,0.08306393,0.12546714,0.100687005,0.076186575,0.14270958,0.13047782,0.053026307,0.18889023,automobile,0.873361349105835,0.00073674857,0.87336135,0.0007291982,0.021505842,0.0020658842,0.0013667983,0.004591103,0.0001475795,0.00027315208,0.09522234,automobile,0.999848484992981,1.4106382e-07,0.9998485,1.3199923e-10,4.7312887e-09,8.278037e-07,4.659925e-10,0.00012968438,3.8770598e-11,1.3864139e-11,2.089376e-05
AVM,airplane,airplane,0.2257670015096664,0.225767,0.081438616,0.07367062,0.088189036,0.06499362,0.13412666,0.0610487,0.082708985,0.09962134,0.08843532,cat,0.2723592817783355,0.10487186,0.0060865344,0.034533326,0.27235928,0.026615184,0.09883106,0.2632203,0.0016559149,0.17553079,0.016295787,dog,0.3321518898010254,0.009844975,5.0870626e-06,0.02403708,0.15541248,0.20361231,0.3321519,0.22260548,5.9999266e-08,0.052219555,0.0001111327
AVP,bird,dog,0.1405535787343979,0.060150556,0.06953076,0.09914581,0.11219175,0.11632291,0.14055358,0.11607892,0.12608753,0.07181492,0.08812327,cat,0.2337894290685653,0.02786646,0.0018464095,0.11859525,0.23378943,0.21012463,0.18433924,0.19180113,0.008595781,0.020602027,0.0024395417,deer,0.9300518035888672,4.5078104e-05,2.2941118e-11,0.06490071,0.0046741012,0.9300518,0.00021096667,6.76838e-05,1.5378419e-08,4.95447e-05,6.404852e-12
AVW,truck,truck,0.4434268772602081,0.034061994,0.10511167,0.03884395,0.048709787,0.09040416,0.01801273,0.047407158,0.051961713,0.12206002,0.44342688,truck,0.6592966318130493,0.012595055,0.20649025,0.00057130214,0.004834014,0.007004542,0.0014845857,0.000879088,0.0009788501,0.10586567,0.65929663,truck,0.969253420829773,0.00013498355,0.019414142,5.8944784e-06,7.3801166e-06,1.21731755e-05,2.0819355e-06,1.7747449e-06,7.917373e-07,0.0111673325,0.9692534
AW2,dog,frog,0.2512770891189575,0.014007096,0.034687784,0.119122244,0.16188061,0.03989777,0.13950315,0.2512771,0.15655409,0.04548684,0.037583362,dog,0.4782181978225708,0.006273034,0.024477439,0.059888225,0.21887828,0.003507144,0.4782182,0.16629288,0.033192165,0.008051171,0.0012215205,dog,0.601991593837738,1.7944838e-05,3.489879e-05,6.8568966e-06,0.013045979,0.00058495195,0.6019916,0.36717346,0.017144345,1.4973695e-09,1.6035141e-08
AW6,frog,truck,0.148283451795578,0.06070775,0.08702423,0.080581725,0.10184588,0.10818245,0.06941632,0.11738628,0.12405832,0.10251356,0.14828345,frog,0.3682697713375091,0.021712009,0.04563966,0.035083923,0.21383184,0.102890804,0.029272886,0.36826977,0.009788585,0.107459635,0.06605081,frog,0.9034954905509948,0.00031484902,5.9715236e-05,0.0016596039,0.07127617,0.0030403272,0.018519197,0.9034955,5.5729557e-05,0.0013039917,0.00027483626
AWA,automobile,frog,0.1691794693470001,0.018829493,0.108629435,0.08758263,0.15425369,0.08635998,0.11965337,0.16917947,0.06363609,0.082071066,0.109804764,automobile,0.8664160370826721,0.023040589,0.86641604,0.0025543324,0.003468008,0.0012151669,0.01035274,0.002398922,0.0006524822,0.045810178,0.044091552,automobile,0.9979819059371948,8.715051e-05,0.9979819,2.8137501e-09,9.4327464e-07,5.6335867e-11,1.5546537e-05,1.1969021e-06,8.15268e-07,0.0012999482,0.0006123947
AWE,ship,truck,0.2171480059623718,0.050541136,0.07716564,0.10297552,0.076813474,0.07649144,0.035989128,0.10921752,0.08680547,0.16685268,0.217148,ship,0.6768248677253723,0.044494398,0.006566831,0.088436596,0.02896711,0.020226322,0.007987348,0.07765458,0.0023498207,0.67682487,0.04649221,ship,0.9900709986686708,0.0009621814,6.648029e-07,0.0042007286,0.000115291936,0.0021258686,4.1558964e-05,0.0024387853,2.4907484e-07,0.990071,4.36573e-05
AWG,cat,airplane,0.2180475890636444,0.21804759,0.09903453,0.11550178,0.088367276,0.02308716,0.09039409,0.05277433,0.042115565,0.16783385,0.1028438,automobile,0.283594936132431,0.21151203,0.28359494,0.03822319,0.05034888,0.0016790165,0.0062703164,0.0024327193,0.00011074816,0.1785129,0.22731534,ship,0.5992030501365662,0.0006253242,0.31890666,0.0005581967,0.009481569,6.8387576e-06,0.00031788487,1.1207761e-05,1.0749901e-09,0.59920305,0.070889235
AWJ,deer,truck,0.1815134137868881,0.05740363,0.06862378,0.10239614,0.10965998,0.0712879,0.07833718,0.111877315,0.15174884,0.06715183,0.18151341,truck,0.7926802635192871,0.09475961,0.021735508,0.013502372,0.022336274,0.012677611,0.0054810774,0.010272656,0.0069955788,0.019558994,0.79268026,truck,0.5827658772468567,0.11733531,0.017215095,0.0027558827,0.054567732,0.00027107797,0.015116005,0.1296443,0.06655093,0.013777853,0.5827659
AWM,cat,ship,0.1339095085859298,0.06452301,0.09392642,0.082515895,0.105853945,0.09446655,0.08984159,0.12078341,0.08877745,0.13390951,0.12540224,cat,0.3016771674156189,0.012419494,0.11798732,0.010026516,0.30167717,0.034564514,0.085631296,0.08918656,0.004709637,0.20015559,0.14364196,cat,0.9268962740898132,0.00068018265,0.00027965827,0.00017988308,0.9268963,0.036009956,0.016516022,0.0024913158,4.7194785e-06,0.016856082,8.5762804e-05
AWR,frog,frog,0.2655759155750274,0.00976454,0.031529807,0.08520446,0.17277655,0.050657436,0.23152956,0.26557592,0.09995612,0.03329303,0.01971262,frog,0.3974664807319641,0.0045630764,0.004539188,0.028765306,0.14959395,0.008723113,0.3783878,0.39746648,0.008947656,0.016311893,0.0027015656,dog,0.5087562203407288,1.5467365e-06,7.9976735e-06,3.0010402e-05,0.018637251,9.467286e-06,0.5087562,0.47254616,1.0815703e-05,4.0063603e-07,3.462687e-08
AWT,truck,truck,0.5199934244155884,0.017077202,0.070679724,0.035411358,0.046523597,0.08149762,0.013281048,0.054896932,0.054181065,0.106457986,0.5199934,truck,0.966525375843048,0.00039010932,0.018509082,4.230554e-05,0.0019582305,0.00094064325,0.00015055366,0.00027664952,9.47558e-05,0.0111122215,0.9665254,truck,0.9993423819541932,1.0454156e-08,0.0006371931,3.4807874e-09,9.9038004e-09,8.690773e-08,1.7893407e-06,1.2335764e-07,1.6734755e-07,1.829655e-05,0.9993424
AWW,frog,frog,0.3834692537784576,0.002244729,0.033127643,0.09700706,0.15372929,0.0654016,0.07700297,0.38346925,0.061984457,0.055563666,0.07046939,frog,0.5580930113792419,0.006025286,0.0050602527,0.17902306,0.20894207,0.006063733,0.019846031,0.558093,0.004238425,0.008119872,0.0045882333,frog,0.988728642463684,1.108037e-05,0.00025494257,0.005738884,0.005098154,3.2962787e-05,0.00011507843,0.98872864,4.1092057e-06,1.4817814e-09,1.6165983e-05
AX2,deer,frog,0.2452785819768905,0.008749473,0.043464337,0.08734561,0.1435055,0.112806655,0.124261335,0.24527858,0.12451616,0.03891793,0.071154356,frog,0.6238507628440857,0.000828532,0.0018025578,0.09881712,0.096857466,0.13746616,0.019591486,0.62385076,0.01799245,0.00080033037,0.0019931025,deer,0.6106266975402832,8.9509805e-10,1.1140086e-06,0.37401444,9.791283e-06,0.6106267,5.4840325e-06,0.015331058,1.1436738e-05,2.7450875e-11,1.299411e-11
AX4,airplane,airplane,0.6794808506965637,0.67948085,0.036533494,0.034530755,0.024346147,0.009189062,0.031408284,0.012677841,0.032247253,0.08138974,0.05819657,airplane,0.9806892275810242,0.9806892,0.00014030398,0.00029529163,5.701193e-05,0.00046088634,3.3786633e-05,0.00010970761,5.5578735e-06,0.013690531,0.004517718,airplane,0.9981369972229004,0.998137,7.958192e-12,1.7627572e-09,1.381015e-09,2.173826e-06,2.3636168e-13,1.003331e-07,2.440913e-16,0.0018605614,1.08056604e-07
AX6,dog,horse,0.247989997267723,0.0119145755,0.0297227,0.08872365,0.14927502,0.060989343,0.11759348,0.21409306,0.24799,0.024510555,0.055187553,horse,0.4537118077278137,0.029717643,0.003901554,0.04166362,0.1369669,0.05154422,0.17537682,0.08757396,0.4537118,0.00039636577,0.019147083,deer,0.8108614087104797,2.1004077e-08,1.3878672e-05,0.00087869464,5.8686164e-05,0.8108614,0.0002891553,0.03663767,0.15126054,8.902353e-14,1.1987906e-09
AX8,truck,truck,0.318251371383667,0.117076695,0.06754816,0.06141988,0.061810512,0.040345777,0.0266024,0.050241716,0.15410529,0.102598175,0.31825137,truck,0.9709722399711608,0.0017250092,0.013381378,0.000835476,0.003656964,0.0007780333,8.324291e-05,0.00068368204,0.003570345,0.004313545,0.97097224,truck,0.9995657801628112,1.611067e-06,0.0002089649,9.877659e-05,2.2258786e-05,3.1199746e-05,3.1257418e-08,1.8492741e-06,5.1569506e-05,1.7917071e-05,0.9995658
AXC,frog,frog,0.2087304145097732,0.006242735,0.048491932,0.088567145,0.10924446,0.098626,0.038542695,0.20873041,0.13222174,0.06608967,0.20324314,frog,0.3681362867355346,0.0010092697,0.01650135,0.046049457,0.3202531,0.07196524,0.005103979,0.3681363,0.12248676,0.0046935338,0.043801103,horse,0.9750633835792542,2.1353133e-09,0.0069351555,1.9970485e-05,0.011060976,0.0016635653,9.1751845e-06,0.005151639,0.9750634,1.3949922e-10,9.6133794e-05
AXE,frog,dog,0.2611744999885559,0.009751159,0.052746434,0.08152433,0.18168844,0.069490366,0.2611745,0.21114261,0.07063516,0.03335123,0.028495688,automobile,0.324396938085556,0.015487776,0.32439694,0.017923808,0.14240246,0.039719325,0.27670586,0.13888305,0.0065998635,0.010399027,0.02748194,dog,0.6432860493659973,0.000103793514,0.16014558,2.6028285e-05,0.019069858,0.00017795028,0.64328605,0.17667107,0.00010906844,0.00020746997,0.0002031605
AXG,bird,horse,0.1741550713777542,0.0991155,0.06302626,0.14576699,0.07721865,0.07309815,0.085342355,0.07741518,0.17415507,0.06328455,0.14157729,bird,0.3243229985237121,0.05701645,0.0064269593,0.324323,0.081188224,0.06302697,0.111175865,0.005472509,0.3155033,0.0011591591,0.034707516,horse,0.9117598533630372,1.6673992e-07,1.13892874e-07,0.0064993678,0.0005791898,0.07228682,0.008872678,1.5799685e-06,0.91175985,5.8533307e-09,2.4396985e-07
AXP,ship,truck,0.2159116417169571,0.091784775,0.08671991,0.11026028,0.05736618,0.06294656,0.054598317,0.07339075,0.05041757,0.19660401,0.21591164,ship,0.4944875836372375,0.2065145,0.017379858,0.08897744,0.0028712896,0.031630244,0.0046748766,0.01285319,0.0003524356,0.49448758,0.14025854,airplane,0.5075260400772095,0.50752604,0.00051891815,0.25063133,3.5432492e-06,0.03156867,9.2448376e-05,0.0016838871,2.689763e-10,0.20692581,0.0010493617
AXT,bird,truck,0.1955184489488601,0.05509656,0.07282747,0.126339,0.08561358,0.08148504,0.04959757,0.10448649,0.14061874,0.0884171,0.19551845,bird,0.2704762518405914,0.05594905,0.078685805,0.27047625,0.09412183,0.07371119,0.07097679,0.09952631,0.0077336226,0.119469866,0.12934926,ship,0.3177322447299957,0.016815472,0.00024371981,0.2954394,0.015022198,0.0026897725,0.03498558,0.3102187,0.0031148319,0.31773224,0.0037381155
AXW,automobile,truck,0.3691267073154449,0.07797904,0.078307755,0.0706409,0.03597654,0.026365029,0.014660769,0.040758017,0.028983988,0.2572013,0.3691267,airplane,0.6728725433349609,0.67287254,0.016365116,0.003049167,0.0002192609,0.0002107405,0.00013999747,9.5825635e-05,6.098723e-06,0.19494621,0.112095065,airplane,0.9268644452095032,0.92686445,0.04314817,4.3998725e-06,3.6274792e-09,3.310421e-08,2.847325e-11,2.1234552e-08,7.407032e-13,0.025299596,0.0046833097
AXY,dog,truck,0.2231614887714386,0.021132635,0.08428606,0.11294255,0.081699,0.105917506,0.06555993,0.124514356,0.06503512,0.11575139,0.22316149,bird,0.2989844679832458,0.04200909,0.044672918,0.29898447,0.10939041,0.051663645,0.2467905,0.06840006,0.01067217,0.05151815,0.07589867,cat,0.575332760810852,0.00022094524,1.0173657e-06,0.03823123,0.57533276,0.04258709,0.34249008,0.0011002971,3.0219466e-05,1.5404147e-06,4.803416e-06
AY4,deer,frog,0.1528227031230926,0.029655762,0.06087074,0.11087981,0.11543929,0.09005099,0.07381571,0.1528227,0.13005942,0.10112338,0.13528223,cat,0.5234636664390564,0.0021742939,0.0153691955,0.030825432,0.52346367,0.030722456,0.21020362,0.07223464,0.06724003,0.01725096,0.030515753,dog,0.8941727876663208,8.4938414e-08,4.519983e-05,0.003197595,0.06370646,0.00024118683,0.8941728,0.007984224,0.030641878,2.21037e-07,1.0376458e-05
AY8,horse,dog,0.2847393453121185,0.019079793,0.034902826,0.091847494,0.14215393,0.06828377,0.28473935,0.15697034,0.15264407,0.023780355,0.025598036,dog,0.4557395279407501,0.019541698,0.023634933,0.14496432,0.09357158,0.10673859,0.45573953,0.12412087,0.019558007,0.01013238,0.0019981067,dog,0.9087339639663696,1.8145114e-05,0.00021289881,0.032441307,0.00018368065,0.0008004885,0.90873396,0.054822538,0.002786655,2.7021625e-07,1.1921527e-07
AYJ,frog,frog,0.1964361071586609,0.027850876,0.05923003,0.12307003,0.113598764,0.088737816,0.09711303,0.1964361,0.12734497,0.073802084,0.09281632,frog,0.3577640950679779,0.06546119,0.026308404,0.15533313,0.07647216,0.056864973,0.14599662,0.3577641,0.030560208,0.07425509,0.010984093,frog,0.9701889753341676,4.736117e-05,0.00010716913,0.0041451273,0.00093786477,9.761899e-05,0.024356743,0.970189,9.3475996e-05,2.5444657e-05,1.6467143e-07
AYM,cat,horse,0.1937842071056366,0.027014712,0.06994722,0.08803368,0.13125385,0.09241858,0.071195476,0.14305319,0.1937842,0.054039717,0.12925935,truck,0.2071703672409057,0.003445982,0.17299882,0.03820356,0.185644,0.13624132,0.022205511,0.14916597,0.07135009,0.013574502,0.20717037,cat,0.5697810649871826,3.1373868e-06,0.00026106797,0.0007411782,0.56978106,0.26590937,0.04229735,0.070614465,0.036195446,2.8465407e-05,0.014168486
AYR,horse,dog,0.2062824368476867,0.028074455,0.03058932,0.10756576,0.1496318,0.052831214,0.20628244,0.16527154,0.20597768,0.025561107,0.028214756,horse,0.3017224669456482,0.017446231,0.0064501013,0.17617616,0.15287842,0.0910677,0.09926532,0.14006254,0.30172247,0.002701502,0.01222957,horse,0.7295591831207275,4.2190695e-06,7.140256e-05,0.028785752,0.0014691016,0.13188286,0.003878467,0.10434859,0.7295592,1.4148631e-08,3.7569097e-07
AYT,ship,truck,0.3334957361221313,0.04978687,0.11536348,0.053396285,0.054029223,0.08679297,0.03314097,0.04949911,0.040575184,0.18392009,0.33349574,ship,0.3458013534545898,0.05275742,0.2846236,0.0015292366,0.0024606807,0.011557386,0.007940015,0.00028034026,0.00031227202,0.34580135,0.2927377,ship,0.757349967956543,0.029462295,0.030688459,0.0047490974,9.944562e-06,0.12645338,5.268405e-07,3.6891823e-10,8.724186e-11,0.75734997,0.051286396
AYY,horse,truck,0.2766260802745819,0.034676746,0.0939554,0.08519331,0.07165799,0.09991702,0.04382442,0.0865056,0.09563824,0.11200524,0.27662608,truck,0.4468516707420349,0.010112991,0.28821382,0.04809436,0.057513505,0.016910303,0.016405618,0.010479735,0.079886004,0.025531992,0.44685167,horse,0.8724402189254761,5.489035e-09,0.0071904417,0.1188959,0.00011649137,0.00050393067,0.000112044356,1.3922619e-06,0.8724402,4.4312776e-07,0.00073917344
AZ6,airplane,airplane,0.4811911880970001,0.4811912,0.02794358,0.113639966,0.037470944,0.018081516,0.06590217,0.030870268,0.13300383,0.04764563,0.04425095,airplane,0.8402756452560425,0.84027565,2.9662342e-05,0.14304759,0.0016468067,0.0035583442,0.005055115,0.0019234915,0.00079924136,0.0034693053,0.00019465557,airplane,0.999630331993103,0.99963033,4.0059647e-13,0.0002472981,4.432599e-06,8.79803e-05,8.531946e-09,2.7556871e-05,4.198251e-11,2.3721288e-06,2.1158504e-11
AZ8,cat,frog,0.2222449481487274,0.014649964,0.034273077,0.10197572,0.18162248,0.052071426,0.13628057,0.22224495,0.18660088,0.03216335,0.03811756,cat,0.5104151368141174,0.0027104374,0.013178152,0.07301864,0.51041514,0.040961273,0.090907305,0.18773256,0.062133424,0.007287954,0.011655196,cat,0.5667675733566284,1.9602264e-07,0.0005626018,0.012818234,0.5667676,0.046513215,0.09180455,0.031524304,0.25000674,2.3589143e-07,2.4065769e-06
AZA,dog,frog,0.1913566887378692,0.013063811,0.050908916,0.076113686,0.12104322,0.11650541,0.092358045,0.19135669,0.18655485,0.040623635,0.11147174,horse,0.3606944680213928,0.018970419,0.054427087,0.02643151,0.1044932,0.20944959,0.13974893,0.04529255,0.36069447,0.00048138015,0.04001083,deer,0.6165850758552551,2.3743382e-08,0.3516759,0.0086329095,1.28097145e-05,0.6165851,0.00013077301,0.020619329,0.0023425315,6.2921375e-13,6.624416e-07
AZE,horse,frog,0.3285814225673675,0.0054623364,0.037034165,0.08623827,0.1973111,0.06558384,0.11421842,0.32858142,0.067219734,0.05071456,0.047636222,frog,0.4679000675678253,0.013585952,0.003855911,0.03246317,0.40120143,0.021231635,0.024747608,0.46790007,0.003557015,0.02155169,0.009905531,frog,0.8544921278953552,2.1805186e-05,1.5611779e-06,3.040511e-06,0.13753293,0.007828364,9.894836e-05,0.8544921,2.1108974e-05,7.90603e-09,7.354953e-08
AZJ,ship,truck,0.1817875653505325,0.10534394,0.11709358,0.07967186,0.075277425,0.08102898,0.061372224,0.06842571,0.057966493,0.17203225,0.18178757,ship,0.6397541165351868,0.060285125,0.060221657,0.01670615,0.029891195,0.03783095,0.028931139,0.022293938,0.0033647113,0.6397541,0.10072108,ship,0.9996055960655212,6.784303e-05,6.3699595e-08,1.5934464e-05,1.32811e-05,0.00018286497,8.547421e-05,8.4358686e-07,1.7062655e-09,0.9996056,2.8039614e-05
AZP,automobile,frog,0.3080952763557434,0.0034892561,0.04624437,0.0850347,0.17326452,0.07293933,0.10830344,0.30809528,0.08659934,0.0411222,0.07490752,automobile,0.7164252996444702,0.027876325,0.7164253,0.00466081,0.031249955,0.017665,0.011600031,0.02410682,0.004382436,0.008035199,0.15399814,automobile,0.9785524010658264,3.858388e-05,0.9785524,2.918933e-08,1.2007403e-06,1.3287961e-05,7.756644e-07,0.00014829088,1.3875493e-06,5.7640808e-08,0.021243999
AZR,bird,airplane,0.4226280748844147,0.42262807,0.05338124,0.064804405,0.041765112,0.03484271,0.057689495,0.034804765,0.07519726,0.10639645,0.10849046,airplane,0.5007964968681335,0.5007965,0.00065046415,0.11061735,0.0040929457,0.016444806,0.0062925587,0.14010102,0.0003756292,0.2128323,0.0077964016,airplane,0.9868853092193604,0.9868853,4.9393103e-09,0.004109793,2.2341155e-08,0.0005716814,7.796658e-07,0.00833797,1.4240039e-12,9.306841e-05,1.3762452e-06
AZT,cat,frog,0.2013274133205413,0.016432649,0.060856897,0.08835905,0.11776015,0.13887544,0.09585206,0.20132741,0.09751579,0.07287219,0.110148355,frog,0.5675716400146484,0.0068295947,0.0036098573,0.10640654,0.10757839,0.1361643,0.03175887,0.56757164,0.01792325,0.01384369,0.008313765,frog,0.9816858768463136,2.5656116e-06,1.2142528e-06,0.005438395,0.00036422067,0.012259844,0.00023837807,0.9816859,5.857252e-07,8.845956e-06,5.57417e-08
AZY,automobile,dog,0.172835499048233,0.03892846,0.0607575,0.10743437,0.14746557,0.06415522,0.1728355,0.14880855,0.14188191,0.051129032,0.0666039,dog,0.3042004406452179,0.116302796,0.06592856,0.09638148,0.04942976,0.049857534,0.30420044,0.0323038,0.06486412,0.04798061,0.17275079,automobile,0.4800213277339935,0.005707395,0.48002133,0.054100145,0.014897595,0.00089819764,0.23084494,0.018725663,0.007358972,0.0024486152,0.18499722
B02,dog,frog,0.2951295971870422,0.0053199576,0.031483084,0.10791848,0.1769792,0.064872265,0.13989739,0.2951296,0.10373085,0.030937804,0.043731406,cat,0.3685641884803772,0.012772,0.00793913,0.18849602,0.3685642,0.058110528,0.040265143,0.28701034,0.024084292,0.0036541899,0.009104108,frog,0.7171306610107422,0.0007406315,0.0043952474,0.009230185,0.105063826,0.15760908,0.0037776146,0.71713066,0.002044018,2.8468532e-08,8.631494e-06
B04,dog,frog,0.2352758795022964,0.013125056,0.05175098,0.122885324,0.15701011,0.062024385,0.14570446,0.23527588,0.10062384,0.0529969,0.05860309,ship,0.408923864364624,0.0723285,0.16684686,0.039753977,0.023726799,0.074736156,0.1231313,0.0627229,0.004166385,0.40892386,0.023663277,frog,0.5383872389793396,0.0059614833,0.025219152,0.0025548649,0.0030460476,0.15274611,0.17382917,0.53838724,0.09393678,0.004315191,4.030559e-06
B0J,truck,truck,0.2482518851757049,0.21823488,0.102506354,0.04986146,0.05476011,0.05379403,0.0407084,0.03391101,0.064592205,0.13337961,0.24825189,truck,0.4949479699134826,0.095890634,0.15132642,0.0016902239,0.0066749062,0.01284749,0.0020864662,0.001736518,0.0006206599,0.23217869,0.49494797,truck,0.6452107429504395,0.009777145,0.24229555,0.00011321522,3.3702e-06,0.00088524324,9.338286e-08,2.0681887e-07,3.5426138e-11,0.10171438,0.64521074
B0T,truck,truck,0.4563501179218292,0.039074477,0.09112183,0.056968335,0.04098192,0.080369465,0.020778498,0.049396828,0.06547114,0.099487305,0.45635012,truck,0.792083203792572,0.0100365495,0.17631637,0.00343453,0.0060221627,0.0014417776,0.0014697955,0.0010657795,0.0001281176,0.0080016265,0.7920832,truck,0.9702736139297484,1.638769e-05,0.019563146,0.009854784,5.4908487e-06,2.893184e-06,5.421361e-07,0.00010327838,7.3720936e-09,0.00017978191,0.9702736
B0W,deer,horse,0.2271443009376526,0.117975324,0.059065904,0.10042819,0.0799589,0.07115656,0.07221734,0.07578959,0.2271443,0.06399784,0.13226599,horse,0.3109827041625976,0.086772345,0.0042434298,0.10588802,0.19421546,0.1212359,0.04030652,0.118349984,0.3109827,0.009943809,0.008061821,horse,0.8617624044418335,0.0001164281,5.139819e-07,0.00034358018,0.014485414,0.0046642087,0.026670935,0.09195591,0.8617624,1.41515315e-08,5.475673e-07
B0Y,deer,frog,0.1979881972074508,0.010118156,0.071535975,0.08589942,0.11968003,0.13967578,0.09056507,0.1979882,0.086005986,0.06639321,0.13213821,bird,0.291055291891098,0.05727162,0.06045093,0.2910553,0.116214715,0.12676351,0.14806603,0.12971476,0.035558254,0.009828642,0.025076194,bird,0.9131014347076416,5.2023075e-05,0.007752118,0.91310143,0.0018026253,0.05272243,0.003247239,0.021278264,4.1804666e-05,3.888983e-07,1.6770623e-06
B12,dog,frog,0.2211855053901672,0.01554713,0.06995426,0.08682063,0.15111727,0.06890849,0.06951428,0.2211855,0.086989276,0.11991617,0.11004697,cat,0.3636514246463775,0.013211378,0.10238735,0.06164374,0.36365142,0.011542889,0.038597636,0.1986327,0.00569421,0.15300712,0.051631548,cat,0.9939258694648744,7.166417e-07,1.0578241e-05,0.00028445493,0.99392587,7.6976066e-05,0.0005791364,0.004924806,0.0001631577,5.238432e-06,2.917322e-05
B14,truck,truck,0.2364711314439773,0.030089559,0.107646205,0.05867191,0.08103456,0.1329475,0.06288161,0.08725133,0.05497847,0.14802773,0.23647113,automobile,0.4741683006286621,0.13166903,0.4741683,0.000963623,0.020258147,0.03798262,0.06088222,0.00084543135,0.00599657,0.1849647,0.08226935,deer,0.4706628620624542,0.20274739,0.2947349,3.248016e-08,3.970339e-05,0.47066286,0.0037784954,8.378125e-09,2.1022229e-06,0.0277845,0.00025003316
B16,frog,frog,0.3417585790157318,0.0038359028,0.044793673,0.09708601,0.17194621,0.06240544,0.079772964,0.34175858,0.05395524,0.070493005,0.073953025,frog,0.4226090610027313,0.03528681,0.03381103,0.097654544,0.14327268,0.011631313,0.012038666,0.42260906,0.0012441247,0.20420244,0.038249362,frog,0.9974886178970336,0.0008734135,0.00017265705,7.585309e-05,0.0012271899,0.0001004618,2.1830318e-05,0.9974886,2.1038056e-06,2.4549015e-06,3.531212e-05
B18,horse,frog,0.2455202490091323,0.0137354415,0.05140493,0.11108227,0.13970798,0.07722549,0.10782264,0.24552025,0.070142776,0.096233785,0.08712442,dog,0.3310874104499817,0.027003728,0.002454475,0.089626744,0.23814428,0.009144164,0.3310874,0.218002,0.023984887,0.04595831,0.01459395,dog,0.8587720990180969,7.072074e-05,3.1451256e-07,0.00063001935,0.10102464,0.00030801666,0.8587721,0.037885197,0.0013043988,2.1683202e-06,2.3851637e-06
B1C,horse,airplane,0.1637741923332214,0.16377419,0.08736913,0.11565302,0.08818352,0.055667397,0.16352956,0.066645585,0.07841666,0.09110927,0.08965162,dog,0.2630273103713989,0.19404715,0.0128239095,0.22091785,0.023798812,0.036445603,0.2630273,0.018560171,0.002283023,0.09374694,0.13434924,dog,0.976812183856964,0.00018598718,1.0261289e-06,0.01801893,0.00088357006,0.0021096817,0.9768122,0.0002847478,3.068629e-07,0.0015826371,0.00012088009
B1G,dog,frog,0.1859940141439438,0.025184497,0.056794398,0.103951365,0.14350575,0.08809869,0.16657698,0.18599401,0.1213854,0.053539384,0.05496962,dog,0.4073473513126373,0.01583279,0.008912009,0.072627164,0.14709018,0.046031043,0.40734735,0.10809776,0.17660287,0.0042318534,0.013227025,horse,0.5455161333084106,2.9825978e-05,0.0013203102,0.053042274,0.060699802,0.023654763,0.28716806,0.028508047,0.54551613,3.07543e-07,6.042103e-05
B1T,bird,frog,0.2028838247060775,0.016351743,0.049552865,0.10133206,0.12079538,0.10426902,0.11927701,0.20288382,0.15340272,0.055377834,0.076757535,horse,0.2838340103626251,0.006123986,0.0053379145,0.10652397,0.07424915,0.16234854,0.25337452,0.103433065,0.283834,0.004081464,0.00069337554,deer,0.9927865862846376,3.409034e-07,1.4194411e-06,0.0053175264,6.395086e-05,0.9927866,3.6928428e-05,0.0004142941,0.0013788044,8.4514575e-08,5.8624767e-12
B1W,truck,truck,0.4234396815299988,0.034081735,0.07985379,0.055935487,0.056429513,0.080240265,0.021275574,0.06206999,0.07966268,0.10701128,0.42343968,truck,0.9166878461837769,0.00028342265,0.042496175,0.001103127,0.012114592,0.006038231,0.0009109951,0.01036762,0.001979598,0.008018298,0.91668785,truck,0.9576990008354188,8.1693386e-08,0.032306403,0.0021514571,0.00045191447,0.00027246523,0.00016625441,0.0061338576,0.0008177419,8.4833255e-07,0.957699
B1Y,deer,truck,0.1447829008102417,0.059271816,0.09533547,0.102050126,0.11187596,0.069524094,0.07142874,0.12280758,0.08078194,0.1421413,0.1447829,ship,0.5852553844451904,0.13430701,0.10616674,0.037391722,0.031080455,0.020709502,0.0130416285,0.039214846,0.0034331575,0.5852554,0.02939947,ship,0.92404705286026,0.0026024613,0.00014833227,0.00031493322,0.0046241647,0.0029220937,0.00019310765,0.06512659,2.9630246e-06,0.92404705,1.8289613e-05
B20,cat,dog,0.2984996140003204,0.06584118,0.028763808,0.12830083,0.1458884,0.027705183,0.2984996,0.1294206,0.12901217,0.030490115,0.016078116,bird,0.3647685050964355,0.005515088,0.0012436374,0.3647685,0.22610898,0.002973255,0.1333322,0.25604025,0.0051416005,0.0032597752,0.0016167659,cat,0.6330503225326538,7.633273e-06,1.3311685e-09,0.13057368,0.6330503,4.426531e-05,0.14146724,0.094855234,1.022495e-06,5.9437076e-07,1.4070887e-09
B22,bird,frog,0.2203417122364044,0.0072845747,0.03943046,0.1278787,0.11428564,0.0743148,0.05979233,0.22034171,0.18783166,0.04501977,0.12382032,bird,0.4888848960399627,0.0015350237,0.043921094,0.4888849,0.0737567,0.057780918,0.0634043,0.17607456,0.052174233,0.02186328,0.02060506,bird,0.4841752350330353,8.212485e-06,0.047056425,0.48417524,0.0004942394,0.07939083,0.0061299587,0.051293097,0.33087435,5.0343275e-05,0.000527296
B26,cat,airplane,0.1917522698640823,0.19175227,0.06243252,0.089752115,0.07539321,0.05815689,0.0967219,0.065390795,0.15749232,0.086184904,0.11672302,frog,0.4236655235290527,0.09621703,0.0072662607,0.142295,0.16563894,0.006783889,0.058834128,0.42366552,0.0016953077,0.019969618,0.07763436,frog,0.7916096448898315,0.0046438174,4.098162e-05,0.20179626,0.00085046043,2.9290798e-06,0.00025909435,0.79160964,3.20423e-08,6.476477e-08,0.00079670816
B28,airplane,airplane,0.2823235392570495,0.28232354,0.062203154,0.12561335,0.06780246,0.016193042,0.053106643,0.053976215,0.07367753,0.15948762,0.105616406,airplane,0.6894007921218872,0.6894008,0.00639754,0.01078645,0.0024164864,0.0023167096,0.0016035178,0.00046887028,1.3353508e-05,0.25839996,0.028196318,ship,0.9984728693962096,0.0013291176,3.3877336e-07,0.00014023554,1.6348113e-05,3.3618286e-05,1.3425376e-06,3.047292e-06,5.904225e-12,0.99847287,3.0294686e-06
B2A,bird,airplane,0.2203303128480911,0.22033031,0.08082403,0.09039837,0.0619963,0.036625948,0.07098918,0.054249622,0.05296438,0.19004549,0.14157633,airplane,0.341292142868042,0.34129214,0.0375046,0.04965097,0.006342444,0.02036416,0.078124724,0.012186301,0.0020432163,0.27132726,0.18116418,dog,0.9681467413902284,0.00071883656,0.013186906,0.0046656528,0.0006077172,0.009239803,0.96814674,0.0025201445,2.1314221e-05,0.00048960664,0.00040339562
B2C,deer,truck,0.1885399669408798,0.048350606,0.056487564,0.08699961,0.07662698,0.09928811,0.06498516,0.10758116,0.18416336,0.08697746,0.18853997,horse,0.3547035157680511,0.009335336,0.0042450223,0.0144754425,0.025584245,0.2929392,0.14706509,0.06822229,0.35470352,0.023495506,0.059934385,horse,0.8930459022521973,5.24269e-09,5.773805e-09,4.2016146e-07,1.4682904e-06,0.0055241385,0.10138241,4.2543623e-05,0.8930459,2.271668e-06,7.7957935e-07
B2E,frog,truck,0.2521017789840698,0.018313218,0.081592664,0.0920054,0.077141196,0.1298544,0.042221207,0.11878299,0.09459632,0.093390875,0.25210178,deer,0.346889317035675,0.04459307,0.0212524,0.22776076,0.053094007,0.34688932,0.104253486,0.107001185,0.027984887,0.056451533,0.010719364,deer,0.9171700477600098,2.550688e-05,3.896344e-07,0.080872536,0.00021329986,0.91717005,0.00014831587,0.0015162653,3.8634684e-05,1.5041556e-05,9.972033e-09
B2G,dog,bird,0.1465704143047332,0.05488363,0.08015011,0.14657041,0.1005387,0.072535746,0.08828589,0.117309846,0.09830354,0.10253522,0.13888696,bird,0.2277838885784149,0.045666512,0.13428986,0.22778389,0.1619063,0.035173792,0.086395495,0.045892544,0.03733461,0.090798676,0.13475835,dog,0.544135570526123,0.00039765425,0.060593378,0.117636584,0.077098526,0.00018572812,0.5441356,0.0049971743,0.17249365,0.015099154,0.0073626447
B2M,bird,horse,0.2447588443756103,0.053070083,0.04273568,0.13352904,0.09649054,0.06848219,0.15657246,0.11559819,0.24475884,0.036825858,0.05193711,horse,0.3975398540496826,0.019276993,0.002417285,0.179432,0.030264378,0.07654416,0.28346825,0.009131791,0.39753985,0.0016511733,0.00027409327,horse,0.723235011100769,4.6132746e-07,2.588602e-07,0.08063027,0.0021772226,0.0087577645,0.18477516,0.0004233758,0.723235,5.690905e-07,5.2131063e-11
B2P,bird,horse,0.2167879343032837,0.02764034,0.028876355,0.11904846,0.1429774,0.053105887,0.1866845,0.17012548,0.21678793,0.024573643,0.03018004,deer,0.2385496497154235,0.010036267,0.0028850664,0.16408382,0.12221868,0.23854965,0.081278905,0.21604657,0.15534507,0.0069985203,0.0025574975,deer,0.7299262881278992,6.362474e-07,4.3728434e-09,0.037734922,5.5444187e-05,0.7299263,4.7255664e-05,0.0003777071,0.23185761,4.479594e-08,3.8685086e-11
B2R,horse,frog,0.2399679571390152,0.012318118,0.0345513,0.118941896,0.11778233,0.092828944,0.15966181,0.23996796,0.12134235,0.047484796,0.055120524,frog,0.2899077236652374,0.0013251452,0.00015264966,0.27799416,0.06483055,0.06851393,0.12807184,0.28990772,0.16726333,0.0005420444,0.0013986597,bird,0.6540389060974121,3.3367094e-08,2.208436e-08,0.6540389,0.0010601343,0.02973393,0.0076755565,0.0026464057,0.304845,5.534725e-10,2.6248294e-08
B2Y,airplane,truck,0.3921409547328949,0.059234474,0.051637016,0.058511674,0.047067013,0.05461885,0.0140617285,0.05813885,0.15058847,0.11400093,0.39214095,airplane,0.5136410593986511,0.51364106,0.030765751,0.003075063,0.02012846,0.008905893,0.0077551194,0.0029137775,0.0034222004,0.14055073,0.26884195,airplane,0.5796495079994202,0.5796495,0.3634324,1.3383191e-06,0.00611545,0.002955713,5.486179e-05,0.00857642,5.7947367e-05,0.0009858449,0.038170513
B30,truck,truck,0.4431897103786468,0.019974448,0.07524597,0.051170904,0.05153502,0.08617779,0.018271528,0.06905759,0.054571886,0.13080508,0.4431897,truck,0.8507776260375977,0.0044098548,0.08370395,0.001330833,0.0038250976,0.0032105497,0.0015080149,0.0012067811,0.0005802341,0.049447082,0.8507776,truck,0.7948817610740662,1.1285506e-08,0.20493974,1.7072196e-06,7.606802e-10,7.0750167e-07,1.3879617e-07,1.7262609e-07,4.816811e-07,0.00017529617,0.79488176
B34,horse,truck,0.2158817797899246,0.04420253,0.060789697,0.06473696,0.08453574,0.09773011,0.04379727,0.11834289,0.15186238,0.11812061,0.21588178,cat,0.2837022840976715,0.034391318,0.0126123065,0.016260676,0.28370228,0.05407288,0.016348459,0.16830216,0.03863071,0.11240812,0.26327115,frog,0.4793318808078766,0.0008718283,0.06627534,0.0008335101,0.04299992,0.031622022,0.04343249,0.47933188,0.10653684,0.0011245478,0.22697164
B38,cat,horse,0.2033108621835708,0.025812566,0.04145051,0.09407269,0.15076657,0.06703792,0.14570509,0.18577324,0.20331086,0.03917936,0.046891127,cat,0.3942441046237945,0.006956459,0.009549243,0.044059347,0.3942441,0.02569863,0.13002776,0.33970234,0.04025636,0.005298887,0.0042068567,frog,0.710936427116394,6.050937e-05,0.0020566897,0.0001259746,0.0046483898,0.05330072,0.0014188325,0.7109364,0.22745237,4.05464e-10,2.2554165e-07
B3A,truck,truck,0.5256789922714233,0.019701976,0.06440468,0.039029155,0.040148165,0.080682695,0.011734386,0.04938843,0.072997585,0.09623383,0.525679,truck,0.921857476234436,0.0033184318,0.041494377,0.00032333046,0.007406961,0.0041791243,0.00106467,0.00050078065,0.0012766583,0.018578218,0.9218575,truck,0.9993409514427184,2.5556554e-07,0.0006035228,4.84157e-07,1.5153473e-05,2.876156e-05,4.4157955e-06,6.758503e-08,4.107959e-06,2.2922459e-06,0.99934095
B3J,truck,truck,0.2497867345809936,0.057843298,0.09689893,0.07845703,0.093538344,0.08431021,0.05343978,0.091392525,0.097468935,0.09686415,0.24978673,truck,0.789268434047699,0.027526861,0.12764598,0.0033206136,0.0067024534,0.004794515,0.0022968615,0.0032455332,0.0014084561,0.033790313,0.78926843,truck,0.958911120891571,0.0024219025,0.03804458,0.000112409,1.2072888e-06,1.1864945e-06,1.3867149e-06,5.8716647e-05,1.0735314e-05,0.0004368249,0.9589111
B3M,frog,truck,0.260323017835617,0.044080608,0.07655414,0.071520075,0.07971646,0.1027972,0.038117565,0.09171042,0.15391743,0.08126312,0.26032302,frog,0.3635897934436798,0.0023293924,0.120456696,0.012194756,0.17321603,0.06064325,0.0042067566,0.3635898,0.018603541,0.051059783,0.19370002,frog,0.9943972826004028,6.222096e-07,0.001562141,0.0002793149,0.0019384775,0.0003028851,7.1551374e-05,0.9943973,0.0013507141,4.1981085e-07,9.6662865e-05
B3P,cat,dog,0.2807543873786926,0.009248005,0.0350686,0.10422283,0.19274296,0.041782226,0.2807544,0.22429876,0.049825188,0.04098682,0.02107019,dog,0.543544352054596,0.026284695,0.005651581,0.041785926,0.30884114,0.0065880166,0.54354435,0.033313166,0.0096910475,0.023290286,0.0010097767,dog,0.9950106143951416,1.208933e-08,9.3673185e-09,1.1873532e-07,0.0035195372,0.0011064839,0.9950106,0.00014590946,0.00021725504,2.3175623e-08,7.0099775e-13
B3W,frog,truck,0.2041917890310287,0.00873337,0.0725668,0.10740347,0.08901228,0.08443662,0.04372605,0.18912117,0.042005554,0.15880288,0.20419179,ship,0.5364476442337036,0.06197343,0.033062175,0.17360115,0.018257339,0.0040707076,0.02737576,0.10832726,0.00022572873,0.53644764,0.036658816,frog,0.8701028227806091,0.009117812,0.012969508,0.07251602,0.00014863751,1.3731437e-05,0.014246854,0.8701028,1.0281483e-06,0.0014303555,0.019453289
B3Y,bird,dog,0.1577177196741104,0.11829905,0.059533555,0.09097949,0.09415573,0.08378654,0.15771772,0.09701673,0.14016464,0.077917695,0.08042886,frog,0.5800157189369202,0.032616716,0.002130566,0.10755715,0.20011328,0.027881645,0.032949906,0.5800157,0.005952555,0.008957345,0.0018250429,frog,0.8780205845832825,0.024952088,0.00020622142,0.070726424,0.009680163,0.013196963,0.0031463401,0.8780206,4.1307227e-05,1.620687e-05,1.3633686e-05
B40,horse,frog,0.1725999861955642,0.019004738,0.06192771,0.104766846,0.10634478,0.118818775,0.071075685,0.17259999,0.13299018,0.07242516,0.14004616,horse,0.2185265868902206,0.068380155,0.014214529,0.18802224,0.048461694,0.20289302,0.09261942,0.101266965,0.21852659,0.053635355,0.011980031,deer,0.7890176773071289,0.0010224956,0.00063365226,0.019320548,8.628274e-05,0.7890177,0.012076409,0.008012686,0.16978455,4.043628e-05,5.23327e-06
B42,horse,frog,0.2938231229782104,0.0036340384,0.041476626,0.07676561,0.1743326,0.0690758,0.11515613,0.29382312,0.121074446,0.031827897,0.072833695,dog,0.273352175951004,0.074060954,0.20772563,0.029283864,0.08353601,0.029063063,0.27335218,0.08423675,0.048394386,0.018189594,0.15215762,frog,0.6540945172309875,0.00046507258,0.02977696,0.0004255693,0.00030060724,0.00083694386,0.2911594,0.6540945,0.020629395,8.837389e-07,0.0023106502
B46,truck,truck,0.3884142339229584,0.08702224,0.07982064,0.042177167,0.05128546,0.0562684,0.018290723,0.04340361,0.098260894,0.1350566,0.38841423,truck,0.931728184223175,0.0051233126,0.0146826655,0.00012363655,0.0012888693,0.0011768317,0.0002831767,0.00027480946,0.0003237394,0.044994727,0.9317282,truck,0.9871901869773864,2.9102242e-05,0.0011184762,2.4935555e-06,4.242249e-07,3.855555e-06,4.045661e-08,4.0331102e-08,1.5817892e-07,0.011655177,0.9871902
B48,cat,airplane,0.2129530161619186,0.21295302,0.075729266,0.07137582,0.05283026,0.06561996,0.05962052,0.04247443,0.11457993,0.103008546,0.20180817,ship,0.5424787998199463,0.23809981,0.024962328,0.03162825,0.027131889,0.04489707,0.024499582,0.014716388,0.0010739769,0.5424788,0.050511952,ship,0.9633738994598388,0.006753636,0.004724867,0.00087519607,0.0007090417,0.018983249,0.0018484661,0.00017272052,7.379883e-08,0.9633739,0.002558786
B4E,automobile,frog,0.297868937253952,0.0026255245,0.0495093,0.10400671,0.13851938,0.08732362,0.07162394,0.29786894,0.07919142,0.05045092,0.11888024,automobile,0.3726899325847626,0.053192172,0.37268993,0.21263614,0.10786712,0.015800698,0.022360126,0.11262615,0.009435003,0.033427723,0.059964936,automobile,0.9962791800498962,3.2755936e-05,0.9962792,4.438472e-05,0.00033396398,8.673327e-06,3.9603456e-06,0.0020574022,3.308508e-05,5.312763e-07,0.0012061021
B4M,cat,horse,0.3309623301029205,0.075037934,0.035917442,0.121797144,0.09311697,0.04846325,0.08768298,0.106500775,0.33096233,0.042228248,0.05829292,horse,0.2776255905628204,0.20519081,0.0024772794,0.24255767,0.06819809,0.053905163,0.11034968,0.026766833,0.2776256,0.011661911,0.0012669689,deer,0.3707823455333709,0.028277757,3.158915e-05,0.17781074,0.0018416136,0.37078235,0.0007199513,0.15858074,0.26190245,5.2518273e-05,2.815326e-07
B4P,airplane,horse,0.1579630672931671,0.08001557,0.07164179,0.12947105,0.11072629,0.07538779,0.103923775,0.11722502,0.15796307,0.067886084,0.08575956,bird,0.3334757089614868,0.12610409,0.023903599,0.3334757,0.071795106,0.08227585,0.16422957,0.11196324,0.03356264,0.037152283,0.015537908,frog,0.6788723468780518,0.09018752,0.000133074,0.17878379,0.0066369483,0.032866143,0.0114368955,0.67887235,0.0008670922,0.0002115057,4.6615755e-06
B4R,airplane,truck,0.2973715364933014,0.047112536,0.12984718,0.05070773,0.07050601,0.11669688,0.0423607,0.058048304,0.039783545,0.1475656,0.29737154,ship,0.3713056147098541,0.06399064,0.15919952,0.0010969959,0.0083264895,0.0503649,0.006747628,0.0010724356,0.00023179373,0.3713056,0.33766404,ship,0.8510352969169617,0.006785747,0.0005549915,8.429918e-06,5.170157e-06,0.12704034,1.7271987e-06,1.4782285e-09,2.556906e-11,0.8510353,0.014568399
B4T,ship,truck,0.2652271091938019,0.045565903,0.0983487,0.09145121,0.066690475,0.06493348,0.033687603,0.090333246,0.05270213,0.19106016,0.2652271,ship,0.7042654752731323,0.06574196,0.064465724,0.019769507,0.0062675383,0.0018539259,0.004402902,0.01657172,0.0009326625,0.7042655,0.11572861,ship,0.9936293959617616,0.0037480944,6.518375e-05,8.110617e-05,7.8715135e-07,4.2812168e-08,4.4333274e-06,0.0003806815,2.0233811e-07,0.9936294,0.0020900767
B50,automobile,airplane,0.2916291356086731,0.29162914,0.093727864,0.057388157,0.03953807,0.023816528,0.02488376,0.02034728,0.045513406,0.14445543,0.25870037,airplane,0.8655242323875427,0.86552423,0.023862584,0.000836138,9.831797e-05,0.00032766658,0.0003537444,2.0251693e-05,1.1789445e-05,0.027384475,0.081580795,airplane,0.9942581653594972,0.99425817,0.003938629,1.5983647e-05,2.5810136e-09,2.2900942e-06,7.1993787e-12,3.4456435e-10,1.2752085e-13,3.985995e-05,0.0017451586
B54,frog,truck,0.2592291235923767,0.010625321,0.08385394,0.059222165,0.09504591,0.108752936,0.031059545,0.15583082,0.06999536,0.12638488,0.25922912,ship,0.3691616654396057,0.08837202,0.1823369,0.018379679,0.08589856,0.045645576,0.013752608,0.07104043,0.006674299,0.36916167,0.118738286,frog,0.9456538558006288,0.0047443896,0.00034654402,0.00042513025,0.009561122,0.00033746037,0.001196624,0.94565386,0.00051411486,0.004502689,0.03271799
B58,deer,dog,0.3066386580467224,0.01089739,0.025320776,0.08859583,0.13890357,0.07400073,0.30663866,0.21322986,0.09586424,0.024513025,0.022035949,frog,0.7315648198127747,0.00025208216,8.827924e-05,0.06788769,0.046228737,0.059782933,0.06921815,0.7315648,0.02403985,0.00018120772,0.000756284,frog,0.9092673659324646,1.5981772e-08,1.7893822e-08,0.03395091,9.253661e-05,0.046945084,0.009723565,0.90926737,2.0577296e-05,1.06445616e-10,7.113839e-10
B5C,ship,ship,0.2708804011344909,0.10710617,0.083147444,0.08339895,0.049756914,0.040847134,0.02669118,0.05320335,0.041962367,0.2708804,0.24300608,ship,0.7967506647109985,0.08519933,0.010738176,0.031134844,0.0029041173,0.0025847878,0.0011539723,0.0029635883,0.00026591984,0.79675066,0.066304594,ship,0.9983339905738832,6.9499336e-05,0.00033753703,0.00017386279,4.061334e-08,1.6499133e-07,9.01039e-09,5.9861225e-07,3.3013325e-11,0.998334,0.0010843547
B5G,cat,airplane,0.2037369459867477,0.20373695,0.08015445,0.08014697,0.08662324,0.06941141,0.114433646,0.07051277,0.091278285,0.10987681,0.09382548,ship,0.3039874732494354,0.232639,0.0030983945,0.059022818,0.07442723,0.03587698,0.030772002,0.24517708,0.0021610083,0.30398747,0.012837994,deer,0.8738307356834412,0.016830947,5.2687973e-08,0.001087952,0.00049087976,0.87383074,0.0010017562,0.0038135229,3.4390094e-08,0.10293517,8.946139e-06
B5P,automobile,airplane,0.3407725095748901,0.3407725,0.0965918,0.07229459,0.049850192,0.028301945,0.07084493,0.029597525,0.041247025,0.14434503,0.12615453,airplane,0.395943284034729,0.39594328,0.021091744,0.02381867,0.0010430426,0.00239375,0.0049606888,0.004095129,0.00015275815,0.3298612,0.21663974,ship,0.9415989518165588,0.017196896,0.00011846641,0.0016003792,1.7813932e-07,8.6553837e-07,1.2493415e-05,6.8715286e-05,1.5332742e-11,0.94159895,0.039403018
B5R,truck,ship,0.1808051168918609,0.05017175,0.10049709,0.097903505,0.099672064,0.06737877,0.07618499,0.112626135,0.048505433,0.18080512,0.16625512,ship,0.3519587814807892,0.1057773,0.26879075,0.0094896555,0.009350412,0.013187155,0.0056436867,0.0050582397,0.0011649644,0.35195878,0.22957912,automobile,0.8124334216117859,0.0039671566,0.8124334,0.0003245964,2.27799e-05,0.00013479813,3.9646304e-05,7.925744e-06,2.4951987e-05,0.17068504,0.012359796
B5W,truck,truck,0.2870832085609436,0.062331535,0.10159785,0.08523772,0.06649243,0.06705439,0.035514794,0.06937458,0.06517867,0.16013478,0.2870832,truck,0.4154468178749084,0.06428327,0.33083186,0.038632646,0.02269016,0.0056201587,0.012835508,0.0045225313,0.007183495,0.09795356,0.41544682,truck,0.5832444429397583,0.00047142612,0.3554775,0.02050882,0.0041627954,0.00018247475,0.00018158404,0.0003870454,0.0001723279,0.035211645,0.58324444
B62,automobile,airplane,0.1941747963428497,0.1941748,0.069788836,0.10573935,0.062397122,0.053080145,0.05464515,0.053396747,0.10549159,0.12593393,0.17535236,airplane,0.8718229532241821,0.87182295,0.009864267,0.0135963345,0.006829876,0.012943848,0.009858385,0.0005321903,0.002378057,0.057941604,0.014232518,airplane,0.9398899674415588,0.93988997,0.038500164,0.0002940038,0.00058265054,0.0046683373,8.611004e-06,6.473015e-05,8.688809e-06,0.0155806085,0.0004023123
B66,horse,truck,0.1618183702230453,0.07034658,0.0713636,0.10319834,0.08844462,0.10580726,0.090822086,0.09046623,0.13451016,0.08322273,0.16181837,deer,0.2374393343925476,0.029743535,0.015746253,0.14136118,0.20979683,0.23743933,0.16248485,0.03740937,0.04696002,0.008882776,0.110175945,horse,0.9076382517814636,1.7282472e-06,5.2103055e-06,0.0021660544,0.01731806,0.035697933,0.037140604,3.019685e-05,0.90763825,2.7073199e-08,1.94929e-06
B68,frog,truck,0.2227942645549774,0.015684031,0.062031925,0.08960271,0.09290637,0.110585004,0.055122726,0.14552894,0.11848133,0.08726268,0.22279426,dog,0.2680042088031769,0.0042451057,0.011632602,0.09735688,0.08985178,0.07968846,0.2680042,0.11899096,0.089711405,0.020913638,0.2196049,dog,0.9341798424720764,4.1963442e-08,8.389608e-07,0.00040117424,9.047933e-05,0.0006544766,0.93417984,0.016695568,0.042009816,3.2267194e-06,0.0059644445
B6A,airplane,airplane,0.8050930500030518,0.80509305,0.017820084,0.015846295,0.008279158,0.0045866473,0.011590437,0.004561828,0.01448402,0.067281224,0.050457276,airplane,0.8891220688819885,0.88912207,9.934923e-06,0.0019225073,2.8831038e-05,0.0017718518,1.0797595e-05,0.0008792123,1.449719e-06,0.104770474,0.0014829438,airplane,0.9998511075973512,0.9998511,1.3566816e-16,1.5082856e-09,5.185624e-13,3.0048783e-05,4.646191e-17,8.934426e-09,1.7933607000000002e-22,0.00011880864,2.7151587e-10
B6C,cat,horse,0.1822849959135055,0.111016564,0.059263114,0.15635426,0.08377095,0.066812895,0.08671816,0.08526107,0.182285,0.072282106,0.09623596,bird,0.4223707616329193,0.13554962,0.0031082141,0.42237076,0.058287233,0.041552488,0.24344632,0.005756427,0.08194106,0.0069198906,0.0010679149,bird,0.7619801163673401,0.0014427876,1.623626e-07,0.7619801,0.20756833,0.011609322,0.013185499,0.0002256497,0.0036933601,0.00029473973,3.0194485e-08
B6E,ship,frog,0.2594231367111206,0.0070226407,0.05749291,0.07356288,0.15991218,0.085184924,0.057861324,0.25942314,0.07675408,0.095124684,0.1276612,cat,0.4621085226535797,0.043734357,0.0349388,0.023045968,0.46210852,0.019804403,0.073677815,0.15037876,0.023496969,0.10800933,0.060805015,cat,0.7250007390975952,0.00057128654,7.644669e-05,5.9726517e-05,0.72500074,0.0026778125,0.19720168,0.021111423,0.05319241,2.204851e-06,0.00010625248
B6G,automobile,truck,0.1987629234790802,0.019950489,0.07785132,0.10205829,0.08746297,0.09316604,0.06127288,0.15412705,0.07070365,0.13464442,0.19876292,truck,0.3820592164993286,0.045828056,0.2398963,0.1127744,0.011082453,0.011881739,0.09240254,0.0067093107,0.004335396,0.09303065,0.38205922,automobile,0.9754009246826172,2.1039372e-05,0.9754009,0.008507821,1.2223502e-06,1.5057636e-06,2.6364696e-06,6.4651374e-07,2.6030586e-06,3.7486745e-05,0.016024064
B6M,frog,truck,0.1969382464885711,0.022375125,0.092603825,0.112015784,0.10385739,0.09116895,0.061169304,0.14284068,0.07320057,0.10383017,0.19693825,automobile,0.3899649381637573,0.038594786,0.38996494,0.046375353,0.033224344,0.030916944,0.03685978,0.034464076,0.0008650879,0.31915972,0.06957498,automobile,0.6217659115791321,0.00053110707,0.6217659,0.03261504,0.14438307,0.009539687,0.010926769,0.16997205,2.5987369e-05,0.0059266146,0.0043137767
B6P,automobile,truck,0.2152460813522339,0.018765038,0.08881259,0.059282422,0.110772006,0.13137169,0.065405004,0.122610666,0.11429746,0.073437065,0.21524608,automobile,0.720265805721283,0.001969359,0.7202658,0.0007499377,0.016725158,0.010778829,0.007734697,0.006067192,0.0002563113,0.0313548,0.20409806,automobile,0.8931592702865601,2.7773498e-05,0.8931593,4.2038995e-09,1.0820524e-05,0.0065882495,3.3653305e-05,4.779216e-06,1.02324904e-07,3.4246437e-05,0.100141056
B6R,horse,frog,0.2043382376432418,0.0096243555,0.04135573,0.13277476,0.10195982,0.085825436,0.062491644,0.20433824,0.1439282,0.06890948,0.14879234,bird,0.5040985345840454,0.014491823,0.0010147147,0.50409853,0.09732923,0.0087238,0.29983896,0.020764014,0.04978733,0.0027268138,0.0012248764,bird,0.7307740449905396,2.6594182e-06,1.3388983e-06,0.73077404,0.022109795,0.0011681666,0.1826652,0.004762626,0.058516,2.9449947e-09,8.2924686e-08
B6W,dog,frog,0.2203164547681808,0.0092236595,0.04701309,0.1049144,0.1373803,0.08282431,0.08229394,0.22031645,0.1794303,0.036385432,0.100218154,bird,0.2344901114702224,0.02294208,0.07966945,0.23449011,0.15088692,0.1406054,0.100088425,0.14615275,0.069551796,0.016435375,0.03917771,frog,0.3613108694553375,0.00011433547,0.00068598206,0.08628865,0.045630302,0.19776016,0.25211808,0.36131087,0.05531471,2.899328e-06,0.0007739907
B72,frog,frog,0.1671365797519683,0.035469037,0.055300746,0.1405637,0.11779496,0.04628166,0.055747654,0.16713658,0.14785604,0.10018248,0.13366717,ship,0.4957670271396637,0.03743445,0.040195838,0.16157146,0.096863195,0.012596303,0.008698957,0.051396146,0.03158313,0.49576703,0.063893534,ship,0.585446834564209,0.07624336,7.935395e-06,0.049212284,0.20151985,0.00023167857,0.0002746383,0.084060855,0.0018596351,0.58544683,0.0011428382
B74,deer,horse,0.3341028094291687,0.10860797,0.037982225,0.121147946,0.07556391,0.048036244,0.07803383,0.07195129,0.3341028,0.042987123,0.08158663,horse,0.6742846369743347,0.047252927,0.0010391253,0.06122589,0.040848043,0.046854176,0.12029116,0.00535092,0.67428464,0.001449847,0.0014033162,horse,0.9999487400054932,4.9280597e-09,4.7516734e-11,3.1453062e-06,2.3520688e-06,1.3080346e-05,3.2521588e-05,9.603658e-08,0.99994874,4.6236398e-10,1.5566266e-10
B78,automobile,truck,0.2721321880817413,0.1867107,0.104575604,0.061173756,0.061010905,0.027713817,0.029218376,0.036952812,0.042524233,0.17798759,0.2721322,truck,0.8935633897781372,0.0007973746,0.086391434,0.0003114574,0.0014873624,0.00013643729,2.971821e-05,0.00023258441,3.3802414e-06,0.01704684,0.8935634,automobile,0.6923540234565735,1.00821524e-07,0.692354,4.135433e-05,4.8036406e-07,3.459116e-08,3.272997e-11,3.6573666e-09,7.233158e-13,0.00084742624,0.30675653
B7J,bird,frog,0.1738378703594207,0.020439358,0.06362955,0.114004076,0.11331264,0.11628045,0.07843999,0.17383787,0.114747025,0.07399415,0.13131493,frog,0.2760445177555084,0.008080489,0.0019334318,0.2420622,0.08890154,0.26609206,0.06565996,0.27604452,0.033885475,0.012894208,0.004446094,deer,0.9394238591194152,2.1856141e-07,3.9851077e-08,0.03862148,0.00042455536,0.93942386,0.00014002594,0.02121701,0.00017242975,3.3304366e-07,1.0856464e-09
B7P,airplane,horse,0.2374126613140106,0.10867891,0.049689207,0.103140116,0.10167949,0.043326743,0.058546044,0.09275101,0.23741266,0.07479519,0.12998062,truck,0.4579600393772125,0.0061405962,0.006005043,0.04561587,0.1656605,0.02194598,0.0061994023,0.20412664,0.032074336,0.05427167,0.45796004,frog,0.6604791283607483,0.00021566701,6.9432044e-06,0.0018235794,0.29115996,0.0015651112,0.0011026497,0.6604791,0.005444135,0.00026297462,0.03793993
B7R,bird,frog,0.2686632871627807,0.005993659,0.04210019,0.12075152,0.1348503,0.07412373,0.103434645,0.2686633,0.12143592,0.045618467,0.08302835,dog,0.3402235507965088,0.024460414,0.051583726,0.2075116,0.136741,0.049133312,0.34022355,0.09804617,0.02627357,0.058000013,0.0080266055,deer,0.9763670563697816,2.2345861e-05,7.9061065e-05,0.00023719326,0.00036668903,0.97636706,0.004183543,8.856462e-05,0.018654976,5.0438496e-07,1.7975475e-08
B7W,frog,truck,0.1800291836261749,0.015487727,0.064851664,0.10348225,0.12718944,0.08541955,0.043586835,0.17313501,0.13006559,0.07675273,0.18002918,cat,0.6298375129699707,0.008688624,0.055257235,0.045500614,0.6298375,0.040575914,0.017341051,0.13231507,0.007043154,0.031152459,0.032288358,cat,0.8282370567321777,3.585905e-05,0.00015026439,0.0019908582,0.82823706,0.068626225,0.0011994092,0.099038005,0.00071632216,2.2499883e-06,3.7663401e-06
B7Y,frog,frog,0.2316765636205673,0.012611641,0.050885513,0.0985884,0.13994178,0.11086635,0.1375949,0.23167656,0.092261486,0.058246415,0.06732689,frog,0.277909517288208,0.026443293,0.008999503,0.18418925,0.09957124,0.1657292,0.16777876,0.27790952,0.03642998,0.027040184,0.0059090783,deer,0.7723153829574585,0.00015271339,0.0001588433,0.04488096,0.008725137,0.7723154,0.024512049,0.14846635,0.0007700604,1.6939308e-05,1.4660595e-06
B80,frog,frog,0.2829430103302002,0.0064722886,0.038631976,0.09717521,0.17341687,0.08365363,0.14951676,0.282943,0.080680214,0.043576207,0.043933846,frog,0.5602087378501892,0.0012114508,0.0034701384,0.10380352,0.17522033,0.08964192,0.050592594,0.56020874,0.008971493,0.004671051,0.0022087002,bird,0.4096385240554809,2.6486775e-08,2.596415e-06,0.40963852,0.064341955,0.3997156,0.0041624014,0.12130945,0.00082945783,6.4752457e-09,3.357861e-08
B82,dog,truck,0.1415288746356964,0.039153993,0.06826582,0.13175409,0.10281107,0.08968137,0.09775853,0.12797141,0.13506363,0.06601117,0.14152887,airplane,0.2263882160186767,0.22638822,0.0904686,0.169736,0.10148094,0.1620739,0.10917705,0.03761063,0.018335469,0.041926835,0.042802338,horse,0.3407990336418152,0.0056891097,0.07814685,0.024351986,0.07318831,0.06749078,0.28647572,0.12285039,0.34079903,0.0009781353,2.9704328e-05
B8A,horse,truck,0.2417528182268142,0.024224784,0.08667778,0.09892815,0.09285334,0.09305571,0.05410537,0.121547244,0.083426826,0.10342803,0.24175282,truck,0.6119719743728638,0.04738389,0.09036153,0.08182551,0.03325263,0.017595507,0.027656518,0.021856433,0.049509376,0.018586611,0.611972,truck,0.7501855492591858,6.501286e-05,0.223691,0.000577692,0.00011291934,6.715237e-05,0.01622525,0.0016997765,0.0073749674,6.875906e-07,0.75018555
B8C,automobile,truck,0.2320178747177124,0.023587242,0.108038455,0.08972299,0.10706529,0.074912116,0.050693735,0.12718046,0.0550051,0.13177674,0.23201787,automobile,0.4320630133152008,0.23279162,0.432063,0.004408833,0.0034530477,0.003016467,0.0019423662,0.00038460776,0.00019125927,0.22204843,0.09970031,automobile,0.8154959678649902,0.1142347,0.81549597,0.040025245,9.102426e-05,0.00045864625,5.6765565e-08,5.7784257e-07,3.4558892e-07,0.028323838,0.0013695136
B8M,bird,ship,0.2802125811576843,0.039625745,0.09404124,0.078291744,0.047387082,0.062021144,0.025982466,0.07199939,0.029235551,0.28021258,0.27120307,ship,0.723386287689209,0.07076084,0.02969361,0.066993624,0.0029185263,0.005264313,0.0032071045,0.007970678,0.00028871305,0.7233863,0.089516304,bird,0.7931666374206543,0.0011269354,0.00612857,0.79316664,2.2745708e-06,0.00049571536,1.8852628e-06,1.9650548e-05,5.8089094e-09,0.19032314,0.008735173
B8P,cat,truck,0.1486337184906005,0.032381218,0.09744624,0.12139631,0.1285948,0.07988929,0.07223093,0.14371948,0.06907475,0.10663319,0.14863372,automobile,0.2576381266117096,0.16312197,0.25763813,0.12448085,0.07516707,0.019303732,0.024619428,0.025937393,0.0068449844,0.18688789,0.11599858,bird,0.8975333571434021,0.006071772,0.025420338,0.89753336,0.05573997,0.0020361904,0.00027783995,0.001695955,6.138597e-05,0.0108282855,0.00033485395
B8T,horse,dog,0.1359004527330398,0.043190647,0.09694055,0.08186128,0.108997986,0.12890185,0.13590045,0.10985856,0.08745554,0.085435845,0.121457376,dog,0.2815098166465759,0.08852938,0.16154535,0.03329634,0.07839759,0.13642342,0.28150982,0.023039903,0.05307385,0.040346332,0.103838034,dog,0.5121648907661438,0.0012393343,0.0004945674,4.160441e-05,0.0016164107,0.48341337,0.5121649,1.0473396e-05,0.0001362058,0.00046717157,0.0004160316
B8W,ship,dog,0.2947837710380554,0.025536316,0.018367369,0.090796545,0.17329735,0.024261037,0.29478377,0.15017812,0.19944565,0.013664835,0.009668994,cat,0.4574725329875946,0.10702467,0.110246435,0.0359483,0.45747253,0.030659428,0.045415156,0.1395385,0.05168816,0.020226555,0.0017803068,frog,0.9102638959884644,0.0032215398,2.1545777e-05,1.3062785e-06,0.030668963,0.0558066,3.86464e-06,0.9102639,1.2136884e-05,2.0424514e-07,9.272716e-10
B90,truck,truck,0.4657472968101501,0.08103452,0.09178114,0.046400707,0.0341306,0.048041176,0.013570179,0.029585801,0.063817166,0.12589143,0.4657473,truck,0.4112728834152221,0.18795113,0.2900891,0.0039859745,0.0047105094,0.0036360924,0.0036233158,0.00042486435,0.001160673,0.09314553,0.41127288,automobile,0.5166738629341125,0.03330143,0.51667386,0.0032446247,9.421451e-06,0.0002345434,2.8830738e-07,1.4396939e-05,1.4942027e-06,0.12568371,0.32083628
B92,frog,frog,0.3473776578903198,0.003209821,0.02402648,0.08776598,0.162771,0.055526927,0.10638005,0.34737766,0.14349534,0.02728537,0.04216135,frog,0.6562448143959045,0.0012536553,0.00268136,0.055991158,0.095935225,0.1253635,0.02529007,0.6562448,0.031843394,0.0036885333,0.0017082994,deer,0.924081325531006,4.4528264e-08,3.8122602e-07,0.00010976405,0.0012514455,0.9240813,0.00040670452,0.07377881,0.00037157707,1.5440338e-11,5.3143303e-09
B94,automobile,truck,0.2504868805408478,0.107452355,0.09739507,0.060280487,0.08412868,0.06656717,0.042222552,0.057270467,0.14381059,0.090385795,0.25048688,automobile,0.8623150587081909,0.010542658,0.86231506,0.00036836602,0.015804851,0.0040762043,0.00048521368,0.0026601008,0.00059612584,0.019222202,0.083929166,automobile,0.999993085861206,3.1224397e-07,0.9999931,9.180892e-10,8.2579277e-07,4.774768e-08,7.079797e-12,6.312858e-07,4.2643922e-10,9.873166e-11,5.121221e-06
B96,bird,frog,0.2550967037677765,0.008704345,0.0453603,0.11036433,0.1428789,0.08852002,0.10203597,0.2550967,0.121121,0.047834873,0.07808361,frog,0.3606310188770294,0.012472735,0.01591429,0.22927448,0.098348714,0.15650137,0.04123911,0.36063102,0.06172433,0.014130061,0.009763924,frog,0.4897370934486389,0.00015071259,0.009993463,0.05640867,0.00066322205,0.4270781,0.0025850534,0.4897371,0.013377884,1.5885407e-06,4.228887e-06
B9P,ship,horse,0.1690300703048706,0.1263855,0.060615867,0.099498615,0.06632003,0.06965226,0.048278037,0.077334195,0.16903007,0.124371804,0.15851367,airplane,0.5001339912414551,0.500134,0.0016900469,0.009207905,0.005366972,0.02381199,0.023810418,0.0018753182,0.0029436345,0.4220748,0.009084932,ship,0.9963487386703492,0.0034655738,1.5511624e-07,1.6147497e-07,3.6618765e-08,0.00016979409,1.6950513e-06,3.344407e-07,1.8437978e-09,0.99634874,1.3532874e-05
B9T,ship,truck,0.1748411804437637,0.11025128,0.08656186,0.092957065,0.063952364,0.07986841,0.056483146,0.0781097,0.08453612,0.17243885,0.17484118,ship,0.7098445892333984,0.10923527,0.011469587,0.022192521,0.013252659,0.03657091,0.040517997,0.015402571,0.0056225616,0.7098446,0.03589129,ship,0.9994986057281494,0.0003353283,1.2617848e-07,2.3257483e-06,9.704841e-08,4.984301e-05,0.00010446462,7.61875e-07,7.901406e-09,0.9994986,8.343818e-06
B9W,ship,truck,0.2035052627325058,0.19158655,0.088534676,0.0802851,0.054688632,0.041914556,0.034664124,0.04886664,0.06472063,0.19123387,0.20350526,airplane,0.605535626411438,0.6055356,0.003763359,0.0069813267,0.0009682136,0.004085442,0.0008441989,0.0014154948,0.00016796243,0.33387357,0.042364832,ship,0.8915708065032959,0.10832859,1.2764486e-08,4.6232053e-06,2.2412713e-08,8.087892e-05,2.2161815e-09,9.327234e-07,6.37115e-12,0.8915708,1.4134748e-05
B9Y,bird,ship,0.19736909866333,0.11050276,0.065564275,0.11065741,0.058266614,0.06122883,0.08920682,0.07285769,0.081774056,0.1973691,0.15257244,dog,0.3474127948284149,0.063561134,0.028861899,0.07465326,0.030767651,0.02735317,0.3474128,0.0056988103,0.16422637,0.24626051,0.011204385,ship,0.6252815127372742,5.4390606e-05,0.0030635346,0.059364006,0.00096221454,0.00028905264,0.30675575,1.5736342e-06,0.0041704318,0.6252815,5.7444864e-05
BA0,frog,frog,0.2191758900880813,0.009666752,0.053945478,0.104717374,0.16080691,0.078961775,0.12067901,0.21917589,0.12925936,0.041187666,0.08159984,frog,0.3516568541526794,0.0017706867,0.055992376,0.1526381,0.21232048,0.015666038,0.07714276,0.35165685,0.009395423,0.007068066,0.11634926,frog,0.5234899520874023,1.0859713e-06,0.19638246,0.1505302,0.065905,4.9375118e-05,0.045636304,0.52348995,0.009312191,5.2037836e-07,0.008692931
BA2,ship,truck,0.3088459372520447,0.08295903,0.09554608,0.07282093,0.048377927,0.08409397,0.031818524,0.058954187,0.07218786,0.1443956,0.30884594,ship,0.2519281208515167,0.17101173,0.24111827,0.033665057,0.018898249,0.03898462,0.019863881,0.020227917,0.0049047554,0.25192812,0.19939741,ship,0.9370011687278748,0.009799611,0.012762454,0.0036501598,4.5996698e-05,0.00016424176,0.00020578718,0.014705811,3.009101e-07,0.93700117,0.021664347
BA6,automobile,truck,0.2213155478239059,0.026300775,0.10698851,0.082294025,0.09107003,0.1095436,0.053982887,0.119844764,0.0696913,0.118968666,0.22131555,automobile,0.4571743011474609,0.049748942,0.4571743,0.023076577,0.056661133,0.02976345,0.041575976,0.043262605,0.007479885,0.09339917,0.19785798,automobile,0.9456474781036376,0.011642982,0.9456475,0.010818559,0.0019703805,0.00074439263,0.00038244994,0.026406903,1.41762375e-05,0.0017440987,0.00062851864
BAA,dog,frog,0.1854251772165298,0.024329359,0.06818715,0.06891363,0.14754818,0.10176728,0.08266463,0.18542518,0.10960754,0.0988329,0.11272424,cat,0.6122322678565979,0.012745764,0.025876725,0.0034577071,0.61223227,0.09570088,0.07785555,0.09656162,0.0253719,0.010546337,0.039651204,cat,0.7004614472389221,3.2903984e-06,6.7086396e-05,5.731252e-07,0.70046145,0.20404166,0.00626656,0.08856685,0.00058692636,1.302379e-08,5.564435e-06
BAC,bird,frog,0.1794407814741134,0.018793587,0.08044178,0.11701089,0.13126278,0.08995516,0.080158345,0.17944078,0.082835995,0.08883466,0.13126606,bird,0.3508135974407196,0.04181528,0.11374322,0.3508136,0.10253663,0.037201516,0.043003693,0.13592432,0.012567856,0.09352291,0.06887095,bird,0.8587724566459656,0.0009778388,0.02327784,0.85877246,0.026461786,0.009722261,0.0020199714,0.07620423,0.00016600823,0.00046965608,0.0019278231
BAE,truck,truck,0.302144318819046,0.0049012,0.055019714,0.06977286,0.08230209,0.09728317,0.022656998,0.17395875,0.10223811,0.08972275,0.30214432,cat,0.42714723944664,0.005548087,0.23307078,0.021582536,0.42714724,0.022539144,0.027921587,0.08218495,0.012795616,0.0079238415,0.15928625,cat,0.8320105075836182,6.7607976e-07,0.16587037,3.1478687e-06,0.8320105,8.985126e-05,1.9715484e-05,0.0008170446,0.00019666011,3.8394024e-10,0.0009919526
BAJ,dog,dog,0.1921545565128326,0.025408678,0.04105117,0.08862812,0.17827038,0.040707175,0.19215456,0.187949,0.17820555,0.03359166,0.03403366,dog,0.8088467121124268,0.030528713,0.014947447,0.008016897,0.05242621,0.0022996652,0.8088467,0.007402089,0.04609285,0.0019352216,0.027504327,dog,0.9934485554695128,4.877998e-07,9.812458e-06,3.236049e-06,0.0014930775,8.491792e-07,0.99344856,0.00020889897,0.0048321327,2.985296e-10,2.8589477e-06
BAP,airplane,truck,0.3377799391746521,0.025224147,0.08869922,0.070443876,0.06474587,0.07800528,0.02027076,0.09182876,0.05728722,0.16571492,0.33777994,ship,0.5128180384635925,0.31676763,0.051501554,0.025857,0.00850994,0.009331031,0.004046885,0.007546762,0.0013529909,0.51281804,0.062268157,airplane,0.9046804904937744,0.9046805,0.0011792462,0.0006367189,5.011578e-06,0.00074066827,1.1023012e-06,0.00025632328,2.2039771e-06,0.09155568,0.0009424995
BAR,airplane,cat,0.1386018693447113,0.046192594,0.078563064,0.11098233,0.13860187,0.082718335,0.13591115,0.13440521,0.11815555,0.06511883,0.08935111,airplane,0.3281952142715454,0.3281952,0.074235365,0.106753625,0.06089039,0.06807235,0.05825805,0.024787761,0.11688322,0.072690666,0.08923335,automobile,0.4645159840583801,0.14555144,0.46451598,0.19349195,0.054209415,0.0031550035,0.0004539487,0.00019781494,0.023224337,0.10236163,0.012838458
BAT,bird,frog,0.2913645803928375,0.0046480796,0.031995174,0.114437595,0.117830835,0.07010711,0.046804406,0.29136458,0.11580547,0.070383154,0.13662352,cat,0.73003089427948,0.007400828,0.00089358067,0.0686325,0.7300309,0.0025909587,0.016798934,0.05295135,0.11306619,0.0005949653,0.0070399134,cat,0.996977686882019,0.00041561935,3.9550573e-06,4.2213273e-07,0.9969777,2.325544e-06,6.4324204e-06,0.00057626754,0.0019379859,8.1050244e-10,7.9362435e-05
BAW,truck,frog,0.2591511309146881,0.0046897256,0.052709896,0.05173476,0.13852802,0.12062179,0.06897489,0.25915113,0.1216308,0.04747904,0.13447993,automobile,0.4325127303600311,0.015176385,0.43251273,0.0012970222,0.050289948,0.012015245,0.015241532,0.059730396,0.0021772934,0.060823526,0.35073587,automobile,0.8644813299179077,1.11493264e-07,0.86448133,2.0397746e-12,2.5039412e-08,5.6245e-10,3.134733e-08,2.852784e-06,2.809425e-07,3.027066e-08,0.13551539
BB0,airplane,airplane,0.2872949242591858,0.28729492,0.08607292,0.07082643,0.06959641,0.05210077,0.08020358,0.048829492,0.07378173,0.117998704,0.113295026,airplane,0.6857733726501465,0.6857734,0.018268839,0.011696422,0.013804799,0.033648465,0.013848471,0.007159326,0.00465362,0.15485011,0.05629662,airplane,0.9875938296318054,0.9875938,5.209611e-05,6.4257576e-05,6.6707635e-06,0.0033135265,2.593104e-08,3.9047887e-07,2.8652052e-09,0.008768432,0.00020074625
