Image_RID,True_Class,cifar10_quick__RP6__Predicted_Class,cifar10_quick__RP6__Confidence,cifar10_quick__RP6__prob_airplane,cifar10_quick__RP6__prob_automobile,cifar10_quick__RP6__prob_bird,cifar10_quick__RP6__prob_cat,cifar10_quick__RP6__prob_deer,cifar10_quick__RP6__prob_dog,cifar10_quick__RP6__prob_frog,cifar10_quick__RP6__prob_horse,cifar10_quick__RP6__prob_ship,cifar10_quick__RP6__prob_truck,cifar10_large__SVC__Predicted_Class,cifar10_large__SVC__Confidence,cifar10_large__SVC__prob_airplane,cifar10_large__SVC__prob_automobile,cifar10_large__SVC__prob_bird,cifar10_large__SVC__prob_cat,cifar10_large__SVC__prob_deer,cifar10_large__SVC__prob_dog,cifar10_large__SVC__prob_frog,cifar10_large__SVC__prob_horse,cifar10_large__SVC__prob_ship,cifar10_large__SVC__prob_truck
5AA,cat,frog,0.2527675926685333,0.0044648587,0.053097617,0.22361006,0.13681886,0.077743374,0.04898932,0.2527676,0.061880443,0.041588727,0.09903914,cat,0.8862895369529724,0.0002801812,1.3685108e-06,0.10277668,0.88628954,6.4677486e-05,1.6660366e-05,0.01042351,0.00011382504,1.5909794e-05,1.7686933e-05
5AC,ship,ship,0.4242422878742218,0.233242,0.057544533,0.039091352,0.011479086,0.018112719,0.011976087,0.01351365,0.021012684,0.4242423,0.1697856,ship,0.9972694516181946,0.0027291141,3.2086195e-08,1.4937719e-07,1.4039734e-12,8.636245e-07,2.8928964e-12,5.630626e-08,2.5781149999999996e-19,0.99726945,2.7110153e-07
5AE,bird,frog,0.2842062711715698,0.0014265439,0.09722813,0.100868486,0.124263406,0.16180491,0.074974954,0.28420627,0.06906099,0.014343233,0.07182305,deer,0.9878167510032654,5.9308087e-09,4.482684e-07,0.011550328,6.502669e-06,0.98781675,0.00032986814,0.00026397052,3.2111333e-05,6.628731e-11,3.8881748e-10
5AG,airplane,airplane,0.5232625603675842,0.52326256,0.045777585,0.04232584,0.03082922,0.023922687,0.048042443,0.02228935,0.0569104,0.15421917,0.05242086,airplane,0.999959111213684,0.9999591,9.849465e-12,3.8195589e-07,1.511998e-08,1.4459544e-06,1.9417716e-10,3.3210514e-09,7.446225e-14,3.9153354e-05,5.7977223e-10
5AJ,automobile,frog,0.2271356880664825,0.0028315084,0.102938525,0.19695869,0.12897117,0.06961999,0.031945366,0.22713569,0.050068803,0.041600708,0.1479295,truck,0.9725896120071412,0.024396267,0.002785526,4.0436425e-06,2.6851983e-06,1.627749e-07,1.0419116e-10,2.0924283e-07,2.341733e-07,0.00022132983,0.9725896
5AM,truck,horse,0.3492778837680816,0.05551808,0.05871214,0.11957692,0.12120701,0.04350879,0.12592995,0.07624953,0.34927788,0.015465153,0.03455458,horse,0.9361963868141174,0.027084481,9.2613895e-08,2.9838595e-05,0.036635432,2.1615428e-05,1.0772414e-05,1.3499552e-05,0.9361964,6.9451445e-08,7.742123e-06
5AP,bird,airplane,0.1906201541423797,0.19062015,0.07745989,0.0762022,0.05924287,0.05822715,0.098028444,0.05087861,0.15029642,0.12881854,0.11022571,airplane,0.9914708733558656,0.9914709,0.000119123404,0.00013674365,0.00040335744,0.00018811722,2.1630725e-05,0.006097068,8.299835e-08,6.063427e-07,0.0015623936
5AR,truck,truck,0.3906778395175934,0.01668914,0.11315847,0.06828726,0.03289699,0.09765274,0.022541923,0.061360803,0.12548831,0.07124652,0.39067784,truck,0.9983168840408324,1.1816294e-08,0.0016766536,4.8925635e-08,1.4477475e-06,2.519491e-07,7.081793e-07,1.5744357e-08,3.921576e-06,1.04884876e-07,0.9983169
5AT,airplane,horse,0.2401350289583206,0.091614336,0.06550224,0.13737656,0.052485995,0.078429505,0.06868847,0.0645083,0.24013503,0.06478562,0.13647394,frog,0.7118338942527771,0.0003308692,5.145939e-08,0.22274217,0.0015689016,0.017879482,0.015056357,0.7118339,0.030552685,5.760871e-08,3.543953e-05
5AW,ship,truck,0.2581118941307068,0.011438205,0.12555937,0.10776806,0.06698522,0.10925421,0.033567287,0.12071496,0.096077114,0.070523575,0.2581119,truck,0.9984257221221924,1.7286342e-06,0.00054186326,9.437379e-06,0.00011004416,1.4607575e-05,1.6459113e-05,7.734072e-05,8.898094e-05,0.0007138424,0.9984257
5AY,airplane,airplane,0.1812011301517486,0.18120113,0.121233694,0.062532105,0.059648845,0.08489639,0.11862476,0.04733473,0.1190463,0.120167375,0.08531462,dog,0.5921977758407593,0.0105550885,0.0006939288,0.048072916,0.009931254,0.33045128,0.5921978,2.407681e-05,4.2261156e-05,0.00022083223,0.007810509
5B0,truck,truck,0.3851073384284973,0.013282354,0.118254766,0.05831613,0.04012585,0.083166175,0.018464757,0.078856334,0.054674365,0.14975187,0.38510734,truck,0.9973860383033752,5.4903534e-08,0.0026138567,3.1610557e-13,1.3377818e-12,5.2240264e-11,8.3080874e-14,1.0436616e-08,3.5243936e-14,8.765932e-08,0.99738604
5B2,cat,bird,0.3102221190929413,0.0030427712,0.044444382,0.31022212,0.13310789,0.040567655,0.05943952,0.26380843,0.051119912,0.032822106,0.061425243,airplane,0.9303666353225708,0.93036664,0.00033031133,0.037959263,5.2233066e-08,2.6706435e-09,6.009831e-09,1.6166983e-06,0.03133771,6.560147e-08,4.2302413e-06
5B4,cat,dog,0.2344178706407547,0.12736534,0.06874795,0.05666308,0.12745915,0.07592189,0.23441787,0.095338225,0.08873386,0.08780551,0.03754717,deer,0.4661092758178711,0.0014400528,6.48742e-05,0.00026182938,0.110807545,0.46610928,0.066700324,0.34511766,0.00037825142,9.698508e-05,0.009023129
5B6,ship,airplane,0.5313146114349365,0.5313146,0.03456828,0.024610111,0.00812552,0.016282804,0.015726537,0.0075440523,0.03187635,0.24498971,0.084962025,airplane,0.9995444416999816,0.99954444,4.001695e-13,4.354318e-07,8.7560737e-13,8.171529e-05,2.2244967e-14,4.6525898e-08,1.4308696e-15,0.00037329606,1.9563164e-10
5B8,dog,horse,0.2500906586647033,0.0093580205,0.09686152,0.14703141,0.10840932,0.09120688,0.10315788,0.14549822,0.25009066,0.00903776,0.039348353,deer,0.682566225528717,0.00017230355,0.0059146206,0.041239392,0.0003985877,0.6825662,8.912322e-05,0.00075594196,0.2688482,3.2384605e-07,1.5205424e-05
5BA,truck,truck,0.2818187475204468,0.034118455,0.16880397,0.061688893,0.046569582,0.10049159,0.027015073,0.052436065,0.15540473,0.07165288,0.28181875,truck,0.8065969347953796,2.8325433e-06,0.18672062,1.4452432e-06,0.0033476905,1.5546773e-06,4.400263e-05,0.0032834946,2.642698e-07,1.1965639e-06,0.80659693
5BC,horse,cat,0.1684037446975708,0.013459763,0.11709701,0.10431296,0.16840374,0.10375741,0.104667045,0.15824237,0.087517306,0.05905282,0.08348949,cat,0.8680418729782104,0.0016913392,0.0011999952,0.013161245,0.8680419,2.8819406e-05,0.003091728,0.0006817059,0.1119936,5.3822227e-05,5.5961507e-05
5BE,airplane,horse,0.2828756868839264,0.16757913,0.06276165,0.11416575,0.045690443,0.05684371,0.09350409,0.03612858,0.2828757,0.042551767,0.09789926,cat,0.9985344409942628,8.95433e-05,9.918522e-10,2.592111e-06,0.99853444,7.865612e-07,5.913124e-07,0.0013698556,1.8470754e-06,4.24529e-12,2.1012173e-07
5BG,ship,truck,0.173098087310791,0.01723413,0.12887482,0.092877336,0.11212594,0.12399201,0.054684147,0.12379046,0.1052914,0.06803168,0.17309809,deer,0.7594115734100342,0.022500364,0.00068265706,2.2319182e-07,0.1374649,0.7594116,0.0121530695,0.0142318355,0.00019823105,0.021144342,0.032212842
5BJ,truck,truck,0.2524450421333313,0.19176969,0.11488355,0.03938847,0.018215254,0.044553578,0.02368527,0.015076841,0.05287664,0.24710575,0.25244504,deer,0.3769295215606689,0.050556563,7.5645914e-07,0.2430722,0.00014355785,0.37692952,1.649651e-08,6.2783e-10,1.02337284e-10,0.0038079296,0.3254895
5BM,airplane,automobile,0.2057048976421356,0.010022742,0.2057049,0.04146725,0.07529853,0.18895596,0.055423737,0.12843563,0.075991996,0.06117463,0.15752466,cat,0.4069535732269287,0.0023473955,0.357259,1.4241148e-09,0.40695357,0.12958446,1.1822744e-05,0.06464234,9.380389e-09,2.8868294e-06,0.039198544
5BP,deer,frog,0.1787409633398056,0.018102286,0.10699409,0.106228255,0.123955205,0.14368601,0.094002284,0.17874096,0.07613457,0.06256699,0.08958942,deer,0.8295655250549316,4.6606216e-05,2.7449982e-05,0.08021618,0.005778697,0.8295655,0.0050080013,0.07919001,7.740375e-07,0.0001622888,4.563045e-06
5BR,horse,horse,0.250007152557373,0.035414305,0.10915295,0.16435227,0.072692476,0.09536051,0.08216124,0.08539702,0.25000715,0.021767583,0.08369452,horse,0.9824870228767396,2.3911278e-05,2.0677428e-05,0.006613692,0.001777042,0.008505912,0.0004992498,7.157171e-05,0.982487,3.5088332e-10,9.609603e-07
5BT,truck,truck,0.3333841860294342,0.018611263,0.10965198,0.064647175,0.059317,0.09968526,0.028973166,0.077498145,0.12416055,0.084071256,0.3333842,truck,0.999954104423523,1.7691613e-10,4.3888824e-05,4.8477937e-11,6.8889415e-07,9.095363e-09,7.5045443e-07,2.9670366e-07,1.1983305e-07,1.2177541e-07,0.9999541
5BW,frog,horse,0.1849626004695892,0.0579582,0.097671814,0.105228186,0.08259363,0.12122401,0.13766877,0.09235838,0.1849626,0.05137035,0.06896404,horse,0.4697309136390686,9.277408e-05,0.00033820877,0.017175833,0.02715533,0.42031533,0.06262831,0.0005326092,0.4697309,0.0019353997,9.524363e-05
5BY,deer,truck,0.2648171186447143,0.00850081,0.22583151,0.05439378,0.043425422,0.14237666,0.025889395,0.08496735,0.05051437,0.09928356,0.26481712,truck,0.8217880725860596,0.001921447,0.16709542,1.0559737e-08,1.03111134e-07,0.0091934,1.8963773e-07,5.5494974e-07,3.7468754e-07,4.1876663e-07,0.8217881
5C0,automobile,truck,0.2474866658449173,0.08199733,0.11045378,0.061726328,0.043016702,0.08748869,0.048312657,0.0416843,0.16323934,0.114594206,0.24748667,truck,0.9707100987434388,0.00053365383,0.00042975717,2.60139e-05,5.6747695e-06,3.0486817e-06,5.622079e-07,1.8922476e-06,2.9256837e-05,0.028260011,0.9707101
5C2,airplane,horse,0.1821818649768829,0.12910894,0.11895109,0.09669194,0.11544743,0.06594505,0.14274545,0.06919311,0.18218186,0.035910226,0.043824892,airplane,0.9766804575920104,0.97668046,5.352195e-05,0.002914871,0.015500908,0.0021536893,3.5496175e-06,0.00012408473,0.002546719,1.1770025e-05,1.0436339e-05
5C4,bird,truck,0.2641581296920776,0.02580784,0.07573752,0.09171097,0.06526537,0.10676105,0.041198745,0.09052944,0.13089082,0.10794008,0.26415813,truck,0.7749311923980713,0.00019425884,0.0017231,1.4235476e-06,0.12111696,0.06361695,0.031295214,0.0040201154,0.0015924744,0.0015083104,0.7749312
5C6,deer,frog,0.3078923225402832,0.0021005594,0.052652095,0.23451333,0.12523165,0.08796612,0.051976852,0.30789232,0.048331358,0.027641507,0.061694197,frog,0.7508238554000854,1.6319516e-05,3.7544927e-05,0.055623107,0.034765095,0.15865053,6.3370215e-05,0.75082386,2.013783e-05,1.0959126e-08,3.371588e-08
5C8,bird,frog,0.2114987224340438,0.013005651,0.060977157,0.15387283,0.18849769,0.07989982,0.09973932,0.21149872,0.10143221,0.03474756,0.056328986,frog,0.4785655438899994,6.1606365e-06,1.5269396e-06,0.04400859,0.20628168,0.10035826,0.011117284,0.47856554,0.15963793,3.281051e-06,1.9793686e-05
5CA,truck,truck,0.2475333213806152,0.017815532,0.15859513,0.054335117,0.06761311,0.11969623,0.03367177,0.078957036,0.15220436,0.06957845,0.24753332,truck,0.978281557559967,5.769881e-10,0.021716567,3.164142e-11,3.646575e-08,8.4478613e-10,2.933968e-09,1.8892111e-08,1.8489885e-06,2.81781e-09,0.97828156
5CC,airplane,airplane,0.2067250907421112,0.20672509,0.0919769,0.05843721,0.044167634,0.06611456,0.06962794,0.03897158,0.09726526,0.19724235,0.12947142,ship,0.7795529365539551,0.17670892,0.00026587807,0.0016529746,4.4829158e-06,0.034643598,0.006476041,1.033693e-05,3.143066e-08,0.77955294,0.00068472873
5CE,automobile,airplane,0.2448354214429855,0.24483542,0.11239655,0.0699618,0.042077795,0.0595542,0.08469202,0.03814369,0.14225064,0.10858148,0.09750636,automobile,0.6914490461349487,0.0028593095,0.69144905,0.005907346,1.3292262e-07,0.0002170391,1.988643e-06,0.03252784,0.00010052543,2.713673e-05,0.2669097
5CG,airplane,truck,0.1258198171854019,0.1046993,0.12473979,0.07581155,0.05718274,0.1184341,0.09411455,0.06711761,0.11667436,0.11540617,0.12581982,automobile,0.481111615896225,0.35129896,0.48111162,0.00083685026,1.2924471e-06,0.00057552004,0.00094118953,0.16500717,3.399231e-07,9.415625e-06,0.00021783252
5CJ,bird,truck,0.2188618332147598,0.030987578,0.10271017,0.07206266,0.063773476,0.14755021,0.05887476,0.08460934,0.090859674,0.12971038,0.21886183,deer,0.9998181462287904,3.0751835e-06,1.5685932e-06,3.840297e-06,1.4759979e-05,0.99981815,0.00013470494,3.5598205e-07,1.662132e-07,1.04817955e-05,1.2864089e-05
5CM,cat,horse,0.3029521107673645,0.013096632,0.10138362,0.10238636,0.07664799,0.087839834,0.053015318,0.10285884,0.3029521,0.018529318,0.14129001,truck,0.5305582284927368,3.438674e-08,0.00021300583,2.2752222e-07,0.4320998,2.0018997e-05,0.00057487667,0.006182281,0.030351639,5.803343e-11,0.5305582
5CP,horse,automobile,0.1795824617147445,0.048527706,0.17958246,0.07105966,0.10309984,0.08129062,0.093495876,0.1022566,0.049096417,0.16946733,0.10212344,ship,0.9984288811683656,0.001262686,1.5415235e-05,1.7738337e-06,9.158741e-09,1.6612682e-07,6.070405e-07,1.6963724e-06,2.626195e-10,0.9984289,0.00028879667
5CR,deer,dog,0.2221539318561554,0.018259373,0.055125162,0.10404677,0.19341953,0.06454679,0.22215393,0.2000168,0.11016892,0.016938394,0.015324337,deer,0.9038886427879332,4.094046e-06,3.890868e-06,0.015366705,0.0038949407,0.90388864,0.012294378,0.028506503,0.036039952,8.2870116e-07,6.342995e-08
5CT,bird,frog,0.247900441288948,0.0050680884,0.07046451,0.15261982,0.11693002,0.12499438,0.09190368,0.24790044,0.058008514,0.04457711,0.08753333,frog,0.9743735790252686,0.00012871767,2.4681276e-06,0.00046954342,0.0018944548,5.337156e-05,0.02305921,0.9743736,4.436304e-06,1.0260931e-05,3.968922e-06
5CW,deer,deer,0.1755593568086624,0.040236324,0.08820321,0.09816247,0.07115335,0.17555936,0.12375818,0.09875313,0.12700252,0.08075929,0.09641222,deer,0.9933483004570008,1.9221438e-06,1.2308055e-10,7.599982e-07,0.00017725004,0.9933483,0.0064485185,1.2287035e-05,1.9712834e-10,1.0966307e-05,3.573421e-11
5CY,cat,horse,0.2394049018621444,0.08716727,0.040313166,0.2001648,0.08411684,0.051079642,0.12658115,0.08153024,0.2394049,0.036069594,0.053572334,dog,0.4500738084316253,0.0013277234,2.0954138e-09,0.02699602,0.22638407,0.004531109,0.4500738,0.00041584112,0.2902714,5.4608833e-08,2.4538659e-08
5D0,deer,dog,0.1254266649484634,0.058965907,0.08325829,0.10501768,0.10633822,0.10082103,0.12542666,0.12086166,0.10450477,0.10481479,0.08999097,frog,0.877458930015564,5.319753e-05,2.1216489e-05,0.0009125604,0.036187578,0.0048038037,0.07942959,0.87745893,0.000498531,7.341532e-05,0.00056126923
5D2,horse,dog,0.1794705390930175,0.017476698,0.10926039,0.06278592,0.11955798,0.13268413,0.17947054,0.1493666,0.15970238,0.026717518,0.04297788,horse,0.9893474578857422,1.9041372e-07,0.0007137064,8.499285e-08,0.008092499,0.00020598798,0.00037718104,0.00083808263,0.98934746,5.478159e-12,0.00042471816
5D4,airplane,airplane,0.4487494826316833,0.44874948,0.072712764,0.046491623,0.025366487,0.041621152,0.070740916,0.02043865,0.0994388,0.11291465,0.061525438,airplane,0.5871734023094177,0.5871734,1.8009985e-09,0.39830256,2.544566e-06,0.008516875,0.0059047695,9.632769e-05,9.07476e-08,3.41581e-06,2.9184749e-08
5D6,horse,bird,0.1392877250909805,0.033326924,0.10216092,0.13928773,0.07924962,0.10584073,0.107878506,0.13146895,0.13138136,0.048049364,0.12135592,truck,0.7300491333007812,0.00024285052,0.0054830313,0.00025992238,0.0005535896,0.0001261556,0.0015440142,0.047490265,0.21425061,4.3995038e-07,0.73004913
5D8,ship,frog,0.1763660013675689,0.012138937,0.15651785,0.15784143,0.16352312,0.069576755,0.08842434,0.176366,0.05691078,0.050920952,0.06777988,automobile,0.9892109632492064,8.731966e-06,0.98921096,5.796873e-06,2.710859e-07,1.7198605e-08,1.1686749e-06,7.183451e-08,6.089961e-08,0.0011002086,0.009672667
5DA,deer,frog,0.2920534610748291,0.0043736715,0.065966055,0.15173566,0.16167982,0.10267176,0.06860238,0.29205346,0.047177963,0.040026046,0.06571323,bird,0.6549546718597412,0.00016558843,4.892302e-05,0.6549547,0.2733721,0.041015595,0.00013937309,0.030275106,2.7491184e-05,8.659304e-07,2.7823756e-07
5DC,deer,frog,0.1803674399852752,0.004762443,0.119324096,0.1611136,0.08908156,0.14408876,0.04067361,0.18036744,0.05995047,0.0514611,0.149177,bird,0.8838891386985779,0.00048342196,0.0007784929,0.88388914,0.0016348277,0.11312599,6.4486658e-06,7.564335e-05,4.856362e-06,1.1082128e-06,7.080785e-08
5DE,airplane,airplane,0.4011438488960266,0.40114385,0.08235023,0.03224664,0.038690533,0.049744464,0.086647265,0.025551485,0.097256355,0.13060401,0.055765193,airplane,0.9892042279243468,0.9892042,1.393823e-06,0.0042912,1.586347e-07,0.005597672,3.7881567e-10,5.637014e-05,2.2742659e-06,0.0008092404,3.754069e-05
5DG,horse,horse,0.205649584531784,0.0106188785,0.0630117,0.17476133,0.14431347,0.068214625,0.11636437,0.17521636,0.20564958,0.012292555,0.02955711,deer,0.9547446370124816,9.995498e-07,0.0021037469,0.0034419268,0.0021659106,0.95474464,0.0071399636,0.005995081,0.019651007,0.0044778585,0.0002787344
5DJ,cat,dog,0.2410263270139694,0.10660666,0.09284102,0.060476817,0.1406231,0.068035275,0.24102633,0.099636905,0.07939321,0.07984601,0.031514704,cat,0.9356183409690856,4.5356187e-06,9.3619965e-06,4.3110155e-08,0.93561834,0.00017520605,0.049606055,1.5792434e-06,1.0645869e-05,1.6285905e-05,0.014557967
5DM,bird,horse,0.2298298627138137,0.07778465,0.07714597,0.15501945,0.07395611,0.09194734,0.121683486,0.07163308,0.22982986,0.039005853,0.06199413,dog,0.8098506331443787,0.00044383787,9.897295e-08,0.11203593,0.027294891,0.001120543,0.80985063,0.04862613,0.0006272622,6.5940225e-07,7.465118e-09
5DP,automobile,truck,0.2712522149085998,0.011156964,0.10108381,0.13281131,0.054552905,0.08680035,0.03387197,0.11157867,0.04071695,0.15617493,0.27125221,truck,0.9959979057312012,2.987503e-07,0.0004739314,0.0027540366,3.5320063e-05,2.6933544e-06,2.5900117e-05,0.0006902764,3.1555148e-06,1.6478698e-05,0.9959979
5DR,horse,truck,0.2845523059368133,0.025296884,0.06422958,0.17727277,0.045087293,0.06978088,0.034829564,0.07202665,0.14590101,0.08102295,0.2845523,horse,0.8519203066825867,0.014054756,7.3441294e-07,0.003357711,0.001637505,0.0012138999,0.00074855995,0.019549416,0.8519203,0.08080269,0.026714394
5DT,deer,frog,0.2956116199493408,0.0024272671,0.034419358,0.1273336,0.19762586,0.054510623,0.1057796,0.29561162,0.16050893,0.00568676,0.016096354,deer,0.8635544180870056,3.641209e-08,7.2408803e-09,0.0014487302,0.0043554045,0.8635544,0.0015976191,0.009541225,0.11950259,4.0082093e-09,3.2552824e-10
5DW,dog,airplane,0.3460414409637451,0.34604144,0.07020278,0.04670105,0.06514043,0.036566194,0.112203285,0.04493245,0.053694773,0.1801087,0.044408888,ship,0.9929800629615784,0.0036576197,4.340124e-10,2.3597916e-07,6.6065304e-06,1.7028977e-06,0.00059461413,0.0027591959,5.308877e-13,0.99298006,3.8005084e-09
5DY,horse,dog,0.2602989077568054,0.006702002,0.065162145,0.043554347,0.20829187,0.07518887,0.2602989,0.24024741,0.075424604,0.014014427,0.011115413,dog,0.4038790464401245,2.6853502e-06,0.028166048,1.1379644e-06,0.017592493,0.00086867594,0.40387905,0.18854606,0.36035937,4.679184e-07,0.00058395194
5E0,frog,frog,0.1590642035007476,0.027776824,0.0849651,0.1037125,0.12604953,0.12610765,0.13876756,0.1590642,0.12749146,0.044278264,0.061786912,bird,0.8739555478096008,2.1931899e-06,4.5384292e-07,0.87395555,0.084968485,0.027945058,0.0077103507,0.0032297906,0.0021879466,1.11878116e-07,1.9905922e-08
5E2,automobile,frog,0.2575232088565826,0.0044243275,0.14271967,0.111690216,0.14667128,0.082185976,0.11832133,0.2575232,0.028096642,0.052756935,0.055610433,automobile,0.991635799407959,2.8748505e-07,0.9916358,7.255521e-07,7.737137e-09,4.754252e-10,1.6542494e-05,2.8200617e-08,1.1826068e-08,1.7721737e-06,0.008344862
5E4,dog,horse,0.2127827852964401,0.033005986,0.13723315,0.08635915,0.120580375,0.10104611,0.13603717,0.09813417,0.21278279,0.026177721,0.04864339,cat,0.999691367149353,9.586427e-10,1.0834581e-05,4.4004623e-06,0.99969137,3.7054528e-07,5.3494616e-05,0.00023807683,1.4383627e-06,3.956412e-12,5.6363927e-08
5E6,bird,dog,0.1430656462907791,0.08187068,0.10326973,0.08889487,0.09392065,0.11766009,0.14306565,0.099171884,0.111333124,0.08726828,0.07354498,frog,0.9772966504096984,0.0013950156,0.0003524559,0.0035942756,0.0012255216,0.013778044,0.0016608083,0.97729665,1.2399463e-06,0.00069435296,1.7136211e-06
5E8,cat,frog,0.2607744038105011,0.0025858418,0.08526587,0.13992867,0.13177115,0.1047081,0.049582396,0.2607744,0.051549144,0.05136494,0.12246945,cat,0.5624632835388184,0.00025970757,0.047358196,0.010401201,0.5624633,0.015447894,0.28088394,0.06722966,0.0067389333,2.951891e-05,0.009187645
5EA,deer,horse,0.1785271316766739,0.019229742,0.08451533,0.118107505,0.13676971,0.086895026,0.12773438,0.16190602,0.17852713,0.031927325,0.05438785,horse,0.4850359857082367,3.889969e-05,0.003762039,0.0032177689,0.0014579241,0.3840769,0.0052480143,0.115163386,0.485036,1.3889834e-05,0.0019852743
5EC,frog,frog,0.3740870058536529,0.0017741801,0.025065938,0.10062959,0.2270094,0.046898898,0.1462882,0.374087,0.06015215,0.007658021,0.010436531,bird,0.6164887547492981,8.812195e-06,3.8701694e-07,0.61648875,0.004742322,0.0011576379,0.0394766,0.33776993,0.00035549173,8.94038e-08,5.8626565e-10
5EE,truck,ship,0.1520573645830154,0.060171433,0.10988238,0.099165216,0.11392799,0.067948245,0.07245762,0.11020578,0.080189265,0.15205736,0.13399471,frog,0.7001540064811707,4.746804e-05,0.003912026,0.00014427818,0.028904086,8.810974e-05,0.00071935053,0.700154,0.00061621657,0.041846756,0.22356765
5EG,frog,truck,0.2355419248342514,0.038051154,0.13767153,0.09718382,0.056465033,0.10761049,0.044464257,0.082416184,0.08295641,0.11763918,0.23554192,frog,0.4164288640022278,0.0003455638,0.00075544545,0.0032738643,0.35461655,0.016888365,0.077801675,0.41642886,4.0147124e-06,3.5959125e-05,0.12984979
5EJ,truck,truck,0.3769215643405914,0.01880518,0.13007334,0.08616841,0.035698947,0.07760023,0.01859917,0.052198753,0.060104392,0.14382996,0.37692156,truck,0.9874885082244872,0.00045114316,0.0092917355,0.001322906,3.740766e-07,7.8985995e-06,4.6909403e-08,1.5443499e-07,1.5052166e-05,0.0014221895,0.9874885
5EM,bird,frog,0.2288271635770797,0.006835228,0.058889803,0.13546495,0.16053326,0.10408891,0.16178174,0.22882716,0.08635256,0.024525935,0.032700498,dog,0.9985243678092957,1.8892901e-08,2.3798843e-07,0.00086312403,1.5916105e-05,2.5524156e-05,0.99852437,0.00056053954,1.02924905e-05,1.3590227e-08,5.958796e-10
5EP,ship,truck,0.3055161535739898,0.039818972,0.07848027,0.103227295,0.03537613,0.07797403,0.032798994,0.06600016,0.07410009,0.1867079,0.30551615,truck,0.8698156476020813,0.0053389426,0.001030232,3.496187e-05,6.8474213e-09,0.0003953311,4.4457235e-07,5.599477e-06,1.1405972e-05,0.1233675,0.86981565
5ER,cat,bird,0.1712278127670288,0.009558106,0.10381148,0.17122781,0.11536482,0.120454006,0.07512523,0.14260344,0.1657383,0.02323733,0.07287952,horse,0.9781564474105836,1.0925955e-07,1.8671066e-06,0.00022677322,0.0173777,0.0015026974,0.002713393,2.1002386e-05,0.97815645,8.445033e-12,1.0219402e-08
5ET,bird,frog,0.3513334095478058,0.0023333402,0.064261556,0.1465663,0.18587673,0.07277927,0.06267342,0.3513334,0.039762568,0.025160166,0.049253248,frog,0.9934513568878174,0.00018664626,0.00078611437,2.5887095e-05,0.0055327597,1.2193088e-05,4.9482134e-07,0.99345136,1.2899793e-07,6.5127455e-07,3.7880648e-06
5EW,bird,bird,0.1930023580789566,0.18219277,0.06341128,0.19300236,0.05299485,0.036654413,0.05418167,0.056941353,0.10900478,0.12913701,0.1224795,ship,0.7894394397735596,0.20238443,3.6153847e-09,0.0069117052,1.2121243e-05,0.00035295542,1.1310477e-05,0.00088791817,4.9165525e-09,0.78943944,4.533855e-08
5EY,truck,horse,0.2055787891149521,0.054151088,0.087691724,0.120917656,0.07745533,0.086318105,0.07049341,0.09899825,0.20557879,0.070067264,0.12832832,cat,0.3546295762062073,0.0039336467,0.006210495,0.00093991274,0.35462958,0.15584482,0.0014139692,0.319242,2.2223876e-05,0.00015325184,0.15761006
5F0,deer,dog,0.1673326939344406,0.03800331,0.071534984,0.10499616,0.14144005,0.1046947,0.1673327,0.15910478,0.111941606,0.052019726,0.04893199,frog,0.4692828953266144,0.00025293118,4.5533252e-08,0.11040979,0.036784682,0.35178602,0.024820235,0.4692829,0.0066527147,1.0730334e-05,4.6143857e-08
5F2,airplane,truck,0.2704173028469085,0.060160954,0.12566414,0.0579031,0.044315018,0.0983811,0.039381377,0.049149428,0.09707366,0.15755399,0.2704173,truck,0.9979096055030824,6.2326058e-06,0.00039138205,7.535655e-07,0.0009786474,0.00044691758,2.0849207e-05,1.0483755e-06,1.1465154e-09,0.0002445668,0.9979096
5F4,airplane,horse,0.2766739726066589,0.07381669,0.05339007,0.19532777,0.08773594,0.044701364,0.1253689,0.062837034,0.27667397,0.019256,0.060892195,cat,0.9944327473640442,1.0463749e-08,5.4488423e-13,0.000888604,0.99443275,3.1699998e-09,0.002554711,3.7783517e-05,0.0020859893,6.3200235e-12,9.619307e-09
5F6,airplane,ship,0.2198465168476104,0.10625901,0.06485513,0.09823504,0.04172824,0.07345034,0.053804476,0.058047827,0.094460696,0.21984652,0.18931274,ship,0.997767686843872,0.001628786,5.725821e-08,1.4298467e-06,1.4162194e-07,0.0005179424,7.8164354e-05,4.7495507e-07,3.1297866e-08,0.9977677,5.3179538e-06
5F8,cat,cat,0.1423711329698562,0.04098712,0.07391555,0.1285384,0.14237113,0.07165745,0.10398877,0.14082119,0.090218134,0.11250594,0.0949963,horse,0.8909104466438293,0.0001917738,0.0003533224,0.0009125023,0.0029074417,0.020686947,0.0020815579,0.08176984,0.89091045,3.6738154e-06,0.0001823824
5FA,deer,horse,0.1818496733903885,0.12315659,0.060608353,0.1541047,0.090915084,0.051516876,0.14902046,0.090719715,0.18184967,0.05011225,0.047996365,frog,0.8868188261985779,0.056128826,2.0219702e-10,0.04616438,0.0003357013,0.004191127,0.0062960717,0.8868188,3.9016766e-05,2.609909e-05,1.5858227e-09
5FC,frog,frog,0.2060947716236114,0.0052632936,0.10269615,0.15260263,0.18774801,0.07347775,0.09162361,0.20609477,0.114200264,0.016510762,0.049782753,cat,0.5901790261268616,6.165988e-05,0.15423647,1.237559e-05,0.590179,0.009676263,0.024826964,0.0020112083,0.209329,3.82137e-05,0.009628878
5FE,horse,ship,0.1785269975662231,0.12763132,0.10848519,0.118346415,0.048579,0.05432656,0.057406124,0.043174833,0.09756884,0.178527,0.16595468,airplane,0.9388828873634338,0.9388829,2.7577405e-08,0.044728056,2.4016492e-08,8.06582e-05,3.6916767e-06,6.4526307e-07,0.016295575,3.7677676e-06,4.6334694e-06
5FG,automobile,horse,0.2529476284980774,0.037273858,0.15095322,0.11450087,0.11020664,0.06887093,0.09045704,0.06989658,0.25294763,0.02589776,0.078995526,automobile,0.846017599105835,5.5885397e-05,0.8460176,0.00424518,1.0093258e-05,0.006598179,0.00022660304,1.0716081e-08,0.115228035,9.664472e-06,0.027608724
5FJ,dog,dog,0.2203747928142547,0.027955096,0.043962788,0.12795329,0.17321047,0.055159528,0.2203748,0.16332379,0.158664,0.014052121,0.01534411,cat,0.3606511950492859,3.452534e-05,7.1958596e-08,0.12612826,0.3606512,0.113184586,0.20242615,0.19731706,0.00025813258,5.231054e-09,1.8955733e-10
5FM,deer,frog,0.255101203918457,0.0054217274,0.06859149,0.09385931,0.17880341,0.09598333,0.16164307,0.2551012,0.10993483,0.010864369,0.019797284,cat,0.3530682921409607,1.2511096e-05,0.007293491,0.0386885,0.3530683,0.33159503,0.038889904,0.17659572,0.05346788,3.4406844e-07,0.00038837086
5FP,dog,bird,0.1618814319372177,0.017775293,0.093870096,0.16188143,0.10275264,0.13285373,0.07391785,0.15773743,0.11097393,0.047458645,0.10077896,deer,0.4999029338359833,0.0021392135,4.30232e-05,0.44323614,0.012506509,0.49990293,0.013717461,0.027600154,0.00081821677,3.408294e-05,2.307149e-06
5FR,horse,airplane,0.264662891626358,0.2646629,0.07545703,0.09557953,0.03258274,0.060268924,0.06347972,0.028942626,0.13741082,0.114145584,0.12747012,bird,0.9488669037818908,0.021418363,7.098064e-10,0.9488669,0.022819208,0.006834985,2.363412e-09,5.5024713e-05,5.5992937e-06,8.2689944e-10,6.152011e-09
5FT,airplane,ship,0.2223737388849258,0.062044855,0.13967398,0.058767352,0.05202669,0.10326479,0.051996056,0.05420026,0.05627429,0.22237374,0.19937807,airplane,0.7084622979164124,0.7084623,0.033540536,0.00023849726,2.5560374e-05,0.015238558,1.1992481e-05,1.0237316e-07,6.371485e-08,0.0472108,0.19527172
5FW,frog,frog,0.4217097759246826,0.0004701543,0.034870345,0.12467157,0.27583683,0.033431225,0.06467718,0.42170978,0.026407633,0.007267767,0.010657527,cat,0.9846094846725464,9.960166e-06,3.5455807e-05,0.01016219,0.9846095,2.8993352e-05,1.1086081e-05,0.005138947,2.8199913e-06,1.0475884e-06,1.0771288e-08
5FY,automobile,automobile,0.2915489971637726,0.027973337,0.291549,0.05384642,0.043852553,0.065151535,0.01740345,0.03224253,0.08656478,0.09012309,0.29129323,automobile,0.958063006401062,2.8031374e-07,0.958063,2.29404e-10,7.922556e-09,3.2021535e-11,1.1397628e-12,2.1909575e-12,1.9031313e-11,4.744431e-08,0.04193664
5G0,dog,frog,0.3117460906505584,0.003575821,0.056233145,0.07599383,0.24170491,0.059653997,0.18546912,0.3117461,0.02319823,0.026985802,0.015439023,dog,0.9463425874710084,8.000481e-09,2.5376787e-06,0.0001448207,0.04911551,5.539434e-06,0.9463426,0.004373505,1.3651688e-05,1.6919012e-07,1.7090024e-06
5G2,frog,frog,0.4434837102890014,0.0008421879,0.02684812,0.10661148,0.25018406,0.04464778,0.060140636,0.4434837,0.02437335,0.01966674,0.023201952,frog,0.9829551577568054,5.5942464e-06,0.000107300504,1.4686533e-06,0.016431497,0.00017014792,4.2736097e-05,0.98295516,0.00020235743,1.0917843e-06,8.259009e-05
5G4,bird,airplane,0.4279627799987793,0.42796278,0.06256412,0.043763433,0.027217539,0.043047998,0.08019806,0.023292398,0.1117664,0.12748337,0.05270384,airplane,0.6075672507286072,0.60756725,1.3331444e-05,0.30510715,1.10832595e-07,0.06329361,0.0023773802,0.021075185,7.071648e-07,0.00056533195,6.304869e-08
5G6,deer,bird,0.1262410432100296,0.045657262,0.11160857,0.12624104,0.10088435,0.098370805,0.08832187,0.112674385,0.11789829,0.095120914,0.10322252,airplane,0.90959233045578,0.90959233,7.325457e-05,7.0037554e-06,0.04353581,0.0185186,0.0068227,0.021229949,3.699094e-05,0.00015687413,2.6403703e-05
5G8,ship,automobile,0.1987533569335937,0.0038981002,0.19875336,0.09283121,0.12457087,0.12434847,0.07557704,0.190633,0.11984452,0.011851433,0.05769209,automobile,0.986624240875244,0.0019926003,0.98662424,1.7130997e-09,5.844896e-07,1.610949e-06,8.284807e-08,4.589307e-06,3.2452406e-06,5.4796747e-06,0.011367466
5GA,frog,bird,0.2091656774282455,0.012144343,0.07971798,0.20916568,0.08316602,0.093127176,0.03970691,0.17073871,0.06527086,0.078933634,0.16802861,frog,0.996464729309082,6.2002227e-06,4.4621638e-07,0.0022657034,0.00068895175,0.0005499234,1.8729641e-05,0.9964647,1.4994048e-07,4.9950304e-06,9.9347034e-08
5GC,ship,ship,0.2926812171936035,0.040348206,0.101854675,0.08888619,0.041462887,0.05898089,0.025420595,0.06631326,0.029843519,0.29268122,0.25420856,ship,0.598344087600708,0.011668589,0.0014230497,3.6205427e-05,1.3148642e-08,0.005736701,2.0809383e-08,3.403578e-06,4.587045e-11,0.5983441,0.3827879
5GE,bird,frog,0.2875383496284485,0.0026822232,0.083733685,0.12271785,0.17181857,0.13006948,0.077508636,0.28753835,0.055302143,0.023576431,0.04505264,deer,0.9912174940109252,1.3641085e-06,0.00019319453,0.005238664,0.0025231345,0.9912175,0.0003651848,0.00039573916,6.518591e-05,2.2576259e-08,1.4384599e-08
5GG,frog,frog,0.3139609396457672,0.0024181167,0.06050339,0.14200366,0.1784156,0.096760646,0.07810901,0.31396094,0.07251267,0.015886895,0.03942911,deer,0.5389400124549866,9.4024074e-07,0.00084645045,0.0029602207,0.00051883404,0.53894,2.4562385e-05,0.4566234,6.7120665e-05,2.3513957e-07,1.8148894e-05
5GJ,frog,truck,0.2079470604658126,0.03790057,0.09473408,0.14004752,0.05788876,0.09793308,0.041664027,0.09224178,0.14944442,0.08019864,0.20794706,ship,0.7439231872558594,0.018130964,6.429847e-05,0.00791022,0.0005227326,0.053811193,0.044152103,0.124404095,0.0062652645,0.7439232,0.00081603054
5GM,cat,frog,0.2495796084403991,0.006160843,0.048576027,0.10592952,0.2103255,0.06376971,0.1758289,0.24957961,0.112377174,0.012440513,0.015012275,cat,0.5024359822273254,1.1614405e-07,1.2112932e-05,0.031787593,0.502436,0.0065536783,0.22283249,0.19313294,0.04324508,5.1651387e-08,3.397786e-08
5GP,dog,horse,0.1748842149972915,0.05559804,0.08714239,0.11396023,0.08471161,0.114605635,0.14371076,0.08813144,0.17488421,0.060494844,0.07676091,dog,0.9989871382713318,7.801729e-06,2.5382643e-10,5.5806845e-07,4.5235993e-06,0.0002829439,0.99898714,2.9276968e-08,0.0007166394,2.5679432e-07,2.4224606e-08
5GR,cat,frog,0.2989997267723083,0.004403809,0.04592167,0.11198942,0.26617542,0.04921399,0.1216122,0.29899973,0.03491622,0.041801248,0.024966314,dog,0.9662765264511108,2.3583648e-06,1.766963e-05,0.0021750107,0.029919865,3.099582e-05,0.9662765,0.0013629957,0.00018451692,2.991758e-05,2.0146237e-07
5GT,truck,frog,0.1881850808858871,0.009453525,0.17848478,0.13919406,0.13740815,0.081856616,0.075632006,0.18818508,0.05236572,0.058654565,0.078765556,automobile,0.9806615114212036,0.017912544,0.9806615,0.0005024514,7.421979e-07,6.1515937e-07,3.223306e-08,2.2249606e-06,6.066454e-07,6.64942e-06,0.00091261056
5GW,airplane,airplane,0.221644788980484,0.22164479,0.084307775,0.0703238,0.033736408,0.07969546,0.07817029,0.037235107,0.1340348,0.14061823,0.12023334,bird,0.9438591599464417,0.008192964,4.9693306e-05,0.94385916,1.5593878e-07,0.041663397,0.0001922687,0.0055281394,1.9060431e-05,0.0004886854,6.399343e-06
5GY,cat,frog,0.2702202796936035,0.0056664776,0.062383812,0.102511525,0.18386467,0.10338072,0.12366161,0.27022028,0.09017512,0.021295093,0.036840715,deer,0.9983270764350892,9.1616865e-09,1.2224409e-08,0.00040564797,8.0767066e-05,0.9983271,0.00077143806,0.0003679762,4.691951e-05,5.066072e-09,7.880927e-08
5H0,deer,frog,0.2236787527799606,0.0043881317,0.06353602,0.2142394,0.14181949,0.09307373,0.07681376,0.22367875,0.12170937,0.015649023,0.0450924,bird,0.950569987297058,3.4413145e-07,5.963091e-08,0.95057,0.0034002361,0.044320066,4.2841533e-05,0.0013974784,0.00026899917,1.1096547e-09,5.938826e-11
5H2,truck,frog,0.3078369796276092,0.00221644,0.042673532,0.18501735,0.1937228,0.06315896,0.10208623,0.30783698,0.052971695,0.017454982,0.03286105,cat,0.8468621373176575,3.947812e-08,2.7196504e-05,0.14325027,0.84686214,3.9538162e-07,0.00027899753,0.009529793,8.633323e-06,2.1233545e-05,2.1290138e-05
5H4,automobile,frog,0.1917950361967086,0.011653894,0.123163,0.113499805,0.11509915,0.12925975,0.08783809,0.19179504,0.057519685,0.06674977,0.10342174,automobile,0.9950573444366456,7.664047e-06,0.99505734,4.1105257e-09,1.7326786e-06,1.0335714e-08,7.900441e-06,0.0013489824,1.8369794e-07,0.00036934527,0.0032068288
5H6,cat,truck,0.2120115160942077,0.003995942,0.10136258,0.13764066,0.0779751,0.10342308,0.031537652,0.2115456,0.047246616,0.07326122,0.21201152,frog,0.9539757370948792,1.8240667e-06,0.0014583931,2.496211e-06,0.012547268,2.534841e-06,2.6235066e-08,0.95397574,6.222247e-07,1.8074043e-07,0.032010883
5H8,ship,truck,0.2933799922466278,0.031110644,0.11378028,0.07528752,0.04320924,0.08691926,0.02550436,0.075676106,0.047756117,0.20737648,0.29338,ship,0.9191591143608092,0.018254584,0.008997812,8.797077e-06,3.1910082e-07,0.00031606745,2.76415e-06,0.00015829763,4.527021e-08,0.9191591,0.053102188
5HA,truck,truck,0.2388380020856857,0.022091927,0.12775062,0.10363623,0.04782378,0.13497,0.038147986,0.09300117,0.1311148,0.06262554,0.238838,frog,0.5413245558738708,6.083097e-06,0.34586495,0.00031402445,0.0021995327,0.00044254045,0.015307123,0.54132456,0.0072072875,0.0014473414,0.08588657
5HC,cat,frog,0.3101896047592163,0.0027101699,0.049746715,0.12829809,0.2293257,0.080905795,0.10944525,0.3101896,0.04962015,0.017223904,0.022534523,deer,0.9704921245574952,5.414265e-06,4.5834966e-07,0.0005729877,0.025048709,0.9704921,0.0025060535,7.709183e-05,0.0012968766,2.5739104e-07,1.5350689e-10
5HE,frog,frog,0.1944490075111389,0.015406434,0.07853594,0.13317257,0.124161735,0.07198926,0.058099132,0.19444901,0.03955149,0.1531555,0.13147897,ship,0.5212389826774597,0.0049125575,6.4836946e-05,0.034712102,0.009886266,0.019620733,0.20688854,0.19960411,3.827909e-07,0.521239,0.0030714732
5HG,deer,frog,0.2516117990016937,0.0044541447,0.077406645,0.16059732,0.12917143,0.09700987,0.051682733,0.2516118,0.08177057,0.040911756,0.105383635,cat,0.6860016584396362,0.0012583091,0.011390149,0.0007798026,0.68600166,0.002825263,5.4285047e-05,0.20393558,0.002054144,4.888425e-05,0.09165194
5HJ,deer,horse,0.148128479719162,0.03822836,0.09424387,0.14019826,0.09972431,0.10975949,0.09664912,0.121513866,0.14812848,0.057266355,0.094287924,frog,0.7820098400115967,0.0007413451,7.047494e-05,0.0020371764,0.008843346,0.13795954,0.024031332,0.78200984,0.04408366,0.00020153944,2.1719188e-05
5HM,dog,bird,0.1346442103385925,0.06223791,0.09678476,0.13464421,0.10237807,0.08288346,0.08494931,0.08458599,0.08808138,0.13452332,0.1289316,dog,0.963611364364624,6.6527195e-07,3.5184544e-07,0.0006834588,0.0005519153,0.03514298,0.96361136,8.980157e-07,4.211274e-06,2.522754e-06,1.6535664e-06
5HP,horse,bird,0.3223339021205902,0.0014092928,0.028698396,0.3223339,0.14675258,0.041055597,0.043012593,0.3102189,0.04029439,0.018746344,0.04747799,cat,0.9310216307640076,0.030633878,1.2796939e-05,0.03576248,0.93102163,1.11219e-06,2.4860303e-05,0.001938368,5.2146144e-05,0.00054980506,3.0121776e-06
5HR,ship,truck,0.2357329726219177,0.08875891,0.16012588,0.050555844,0.02782646,0.081660256,0.04675337,0.03435944,0.056370795,0.21785602,0.23573297,truck,0.9799299240112304,2.8005942e-08,0.017779488,1.4612438e-07,1.7982931e-09,2.3485916e-06,2.1558537e-07,3.086248e-11,5.0768986e-13,0.0022877632,0.9799299
5HT,bird,dog,0.2184583395719528,0.0075122775,0.043746945,0.11483647,0.15077877,0.065709464,0.21845834,0.17635286,0.20633852,0.0060638743,0.010202413,deer,0.9982043504714966,1.2192975e-06,3.319908e-08,3.656752e-05,5.0445298e-08,0.99820435,2.6769792e-06,1.4327908e-06,0.0017536841,4.473928e-09,5.993186e-13
5HW,deer,bird,0.193903848528862,0.006814526,0.11168363,0.19390385,0.070654884,0.12937477,0.036692932,0.15886873,0.075332515,0.04490861,0.1717655,deer,0.5774064064025879,0.00022632108,2.1488497e-05,0.00019060707,0.16069071,0.5774064,0.17094351,0.08720776,0.0007675197,7.294173e-05,0.0024726
5HY,ship,horse,0.1599537432193756,0.019557808,0.11063759,0.11222401,0.12752025,0.10432995,0.098084845,0.13428977,0.15995374,0.03492648,0.098475575,truck,0.5441589951515198,0.00051416684,0.39588732,2.3904388e-06,0.008518802,2.2023258e-05,0.04306198,0.00042078889,0.005456189,0.001957258,0.544159
5J0,deer,truck,0.2376315891742706,0.047162086,0.09395454,0.08796172,0.053155042,0.11044698,0.04859201,0.073852405,0.10132595,0.1459176,0.23763159,deer,0.8608832955360413,0.0026775927,0.0006790173,0.0001193111,0.00018710471,0.8608833,0.00059469696,6.938811e-05,2.1396445e-05,0.12271573,0.012052386
5J2,automobile,bird,0.1690504848957061,0.024015026,0.13704382,0.16905048,0.12749521,0.09118024,0.118951336,0.13644865,0.11020028,0.026683973,0.05893098,automobile,0.9497199058532716,0.000158759,0.9497199,0.047206968,1.252382e-05,7.652384e-05,4.6876483e-08,0.00023875794,5.2992386e-06,1.1072636e-05,0.0025702456
5J4,ship,truck,0.1724932044744491,0.033214368,0.13324612,0.14626414,0.1029034,0.070100896,0.044464737,0.10074751,0.08440504,0.11216059,0.1724932,truck,0.518707275390625,0.18619086,0.07295683,0.028700247,0.015036965,0.08139843,0.0003833669,0.00034534192,0.0019678765,0.09431284,0.5187073
5J6,bird,bird,0.2090945243835449,0.009723872,0.103851035,0.20909452,0.08922473,0.079629526,0.042567186,0.11348425,0.14183874,0.04248674,0.16809946,cat,0.6134700775146484,2.0956094e-07,4.4997414e-05,0.00020691585,0.6134701,0.0009245329,6.8776186e-05,1.4865852e-05,0.3852421,2.660513e-10,2.7439477e-05
5J8,airplane,truck,0.2127854377031326,0.092782214,0.09186749,0.0901326,0.043538332,0.08893209,0.050806053,0.056867484,0.13069917,0.14158918,0.21278544,frog,0.4801843166351318,0.14000459,0.0057398835,0.0018086941,0.25224146,0.0020859349,0.0024424882,0.48018432,6.4807653e-09,0.049974237,0.06551837
5JA,automobile,truck,0.2262807190418243,0.07208324,0.1453903,0.060422763,0.041280475,0.10898051,0.035449844,0.056930542,0.109187424,0.14399417,0.22628072,ship,0.984260618686676,3.411441e-05,0.0133048585,4.5677795e-10,2.3195174e-07,0.00090336887,3.6067445e-07,3.128061e-05,1.4814723e-08,0.9842606,0.0014651746
5JC,airplane,frog,0.2270825654268264,0.0053449664,0.087502986,0.1120356,0.13550161,0.14153856,0.0836005,0.22708257,0.09965126,0.03074793,0.07699405,deer,0.7259823083877563,0.014528004,0.074775375,0.0009504397,1.3379912e-05,0.7259823,0.00073093624,0.11069517,0.071511716,0.0007061088,0.00010654682
5JE,bird,frog,0.333608865737915,0.0016060842,0.031082282,0.17298317,0.19603972,0.04584281,0.10750384,0.33360887,0.08464009,0.009054586,0.017638631,dog,0.5549906492233276,3.174044e-06,0.00036583995,0.16571341,0.009044784,0.00045440008,0.55499065,0.20167066,0.06774918,4.856016e-06,3.1372176e-06
5JG,airplane,bird,0.1782280653715133,0.08628337,0.06041587,0.17822807,0.10751136,0.05706147,0.13089325,0.09668307,0.17006144,0.05176429,0.06109784,airplane,0.5576391220092773,0.5576391,1.0018075e-05,0.19115268,0.0008377,0.0018344669,0.0006809573,3.9636237e-05,0.00011806277,0.24768035,7.100059e-06
5JJ,deer,bird,0.2087800502777099,0.015780857,0.07869934,0.20878005,0.09119005,0.114036545,0.08478691,0.1442024,0.08412029,0.06293542,0.115468144,bird,0.9643353819847108,4.110132e-05,1.0241044e-08,0.9643354,0.015767975,0.00167891,0.017437452,8.477414e-07,0.00073704944,1.2975744e-06,1.2098379e-08
5JM,cat,frog,0.2395276725292205,0.010550596,0.060921516,0.10346343,0.21517572,0.084199846,0.15734506,0.23952767,0.07199116,0.029215207,0.027609749,cat,0.2704502046108246,0.00011227576,0.0016447605,0.07062402,0.2704502,0.17142214,0.23237139,0.22594918,0.027411602,1.3080785e-05,1.30476e-06
5JP,ship,bird,0.1390857398509979,0.045463078,0.10479996,0.13908574,0.098332494,0.10437939,0.07158629,0.12096748,0.12836003,0.0726744,0.114351094,deer,0.3305115401744842,0.18330416,0.009031302,0.018503122,0.14644825,0.33051154,0.00028488395,0.15775935,5.6813897e-06,0.1534166,0.0007351312
5JR,deer,deer,0.1432514488697052,0.036094803,0.10428882,0.11854363,0.09797981,0.14325145,0.09079245,0.12285629,0.13218842,0.058146294,0.09585797,deer,0.6102981567382812,0.0009997964,2.566808e-06,0.22224046,0.14721712,0.61029816,0.010845755,0.008056911,0.000326705,1.2372499e-05,2.0706997e-07
5JT,dog,frog,0.3048405945301056,0.0030478737,0.073812634,0.13340534,0.16343859,0.105608955,0.075467475,0.3048406,0.06351038,0.021867258,0.055000953,frog,0.8472573757171631,5.000186e-05,0.013778336,0.048406024,0.0223943,0.067388214,0.00023834589,0.8472574,0.00040430215,6.3977694e-07,8.251795e-05
5JW,cat,automobile,0.1696832478046417,0.021033797,0.16968325,0.08155858,0.09191071,0.14816062,0.097258784,0.11464344,0.13858195,0.044191655,0.092977226,deer,0.7079920768737793,0.00019083907,0.001685522,0.089275785,0.0011753348,0.7079921,0.015110046,0.0009975166,0.18232794,0.00030161915,0.00094329816
5JY,dog,bird,0.1581172496080398,0.01043235,0.123957455,0.15811725,0.09632041,0.14396042,0.06633234,0.14119644,0.12154932,0.029373966,0.10875999,deer,0.4611294567584991,0.0009162711,0.004706847,0.24736986,0.015100438,0.46112946,0.17877828,0.0012935858,0.090207405,8.23455e-05,0.0004154903
5K0,airplane,airplane,0.635715126991272,0.6357151,0.037081163,0.025651848,0.019716,0.019858284,0.039116085,0.01342629,0.05087336,0.123266205,0.03529566,airplane,0.9999775886535645,0.9999776,1.0801284e-12,8.147409e-07,7.862206e-12,2.1069149e-05,6.2637515e-13,1.4074881e-08,1.4467326e-14,4.205786e-07,5.213239e-12
5K2,deer,horse,0.1894343942403793,0.024005204,0.06978528,0.15924993,0.11034876,0.1065073,0.12849584,0.14391644,0.1894344,0.023668168,0.044588752,deer,0.6773157119750977,1.0433747e-06,1.5944575e-08,0.31593832,5.1472496e-05,0.6773157,0.00053899316,4.4251206e-05,0.0061100773,7.5930615e-08,1.02292855e-10
5K4,truck,truck,0.2684563100337982,0.042728126,0.17098743,0.057859607,0.03558518,0.12218017,0.038345847,0.05136676,0.09880835,0.11368223,0.2684563,truck,0.7961212396621704,0.00011013494,0.20041588,1.0061121e-06,6.586547e-08,0.00059164764,1.4598024e-06,7.957124e-06,0.00020321291,0.0025473337,0.79612124
5K6,deer,frog,0.2012936323881149,0.012651333,0.08805942,0.14393556,0.14529306,0.11732747,0.081219174,0.20129363,0.110858224,0.03281889,0.06654327,deer,0.9889366626739502,8.354822e-07,8.559667e-07,0.00054145214,0.000685046,0.98893666,4.2998534e-05,0.009784121,7.668157e-06,3.9580684e-07,3.6834805e-08
5K8,deer,deer,0.1377801150083542,0.045310456,0.10340629,0.09539304,0.10999977,0.13778012,0.11383694,0.12517613,0.10933085,0.07488043,0.08488601,deer,0.9806798696517944,0.0061378973,4.827261e-07,0.008320501,0.00097102067,0.98067987,0.0008482087,0.0026633004,3.9178414e-07,0.0003783613,6.0316827e-09
5KA,bird,frog,0.1749401986598968,0.020449305,0.09633223,0.12506829,0.108367965,0.14429982,0.09372934,0.1749402,0.08330482,0.05955866,0.09394933,deer,0.9152774810791016,0.000728434,3.7079692e-06,0.07622942,2.2236787e-05,0.9152775,0.0009710254,0.0067317467,1.124676e-06,3.4834793e-05,1.3695695e-08
5KC,automobile,airplane,0.2760469615459442,0.27604696,0.17760658,0.058585428,0.042290777,0.022123195,0.042976055,0.016865643,0.15470143,0.10289289,0.10591106,truck,0.9978529214859008,1.215408e-06,0.0021452245,2.8814202e-07,1.495855e-09,1.8892697e-08,9.040623e-13,1.1707371e-14,8.6935e-10,3.3715594e-07,0.9978529
5KE,horse,truck,0.2867538034915924,0.007982147,0.14029785,0.1144745,0.03730716,0.13908546,0.023913145,0.0588765,0.15933833,0.031971145,0.2867538,horse,0.8696257472038269,1.614946e-11,4.8427897e-09,1.3834765e-05,0.12979789,0.00053297787,2.496352e-05,2.4620315e-09,0.86962575,3.922657e-16,4.556382e-06
5KG,deer,frog,0.1747129559516906,0.026123881,0.08118866,0.10272842,0.14396273,0.12300959,0.12697566,0.17471296,0.088278666,0.06416441,0.068854995,deer,0.9889400601387024,0.0005643232,9.076723e-08,0.004640482,0.0015551067,0.98894006,0.0037282736,0.00047661542,2.0864869e-05,7.415575e-05,3.5665007e-09
5KJ,deer,ship,0.1197338923811912,0.11892921,0.09982093,0.09446656,0.074579895,0.1011869,0.0979162,0.08077542,0.10672012,0.11973389,0.1058709,deer,0.9412888288497924,0.009365332,2.179517e-05,0.01666125,0.00057842344,0.9412888,0.0054799533,0.021069918,6.6613916e-06,0.0054720915,5.583417e-05
5KM,dog,bird,0.2682780921459198,0.01845532,0.08143166,0.2682781,0.06058524,0.10118663,0.08939729,0.10239251,0.16900344,0.019968463,0.08930132,bird,0.966206192970276,1.02641856e-07,6.587987e-12,0.9662062,0.013877237,0.005886792,0.0027044802,2.6176856e-06,0.0113225505,3.1576793e-08,2.9722719e-08
5KP,ship,truck,0.3185894191265106,0.031059472,0.17496604,0.043257445,0.035280798,0.100680016,0.023108955,0.048442215,0.06616991,0.15844569,0.31858942,ship,0.7475042939186096,0.00010960567,0.136563,2.232759e-08,8.18098e-09,6.276944e-05,4.949525e-07,1.5486017e-06,1.3992258e-07,0.7475043,0.11575812
5KR,horse,dog,0.2160682529211044,0.020334274,0.07412598,0.09416363,0.17421558,0.090517,0.21606825,0.16574612,0.09849678,0.02949108,0.0368413,horse,0.9659546613693236,9.0378606e-08,1.7109791e-07,0.00011063966,0.0029746857,1.8033856e-05,0.030927766,1.3822612e-06,0.96595466,4.8186244e-10,1.2566629e-05
5KT,truck,truck,0.3932942748069763,0.018525854,0.10043005,0.08031478,0.035673287,0.09177422,0.018910594,0.05424308,0.13522968,0.07160415,0.39329427,truck,0.9994650483131408,4.4254526e-07,0.00022556844,2.2075761e-05,6.739874e-05,1.1110388e-05,8.470562e-07,1.7743253e-06,0.00020121892,4.5097363e-06,0.99946505
5KW,ship,truck,0.1835954040288925,0.16425295,0.06374292,0.07216883,0.04038917,0.053513646,0.045765914,0.04174335,0.1524473,0.18238056,0.1835954,ship,0.9987804293632508,1.3787289e-05,1.9978357e-08,9.606128e-09,4.964325e-09,0.0011628784,1.4051624e-08,5.783786e-06,1.09658185e-11,0.9987804,3.696238e-05
5KY,bird,truck,0.3286221325397491,0.014929457,0.101165965,0.13845645,0.048413288,0.065905206,0.020395333,0.07586259,0.03416732,0.17208219,0.32862213,airplane,0.7774063348770142,0.77740633,0.010649283,0.021459574,0.0062601045,7.849866e-07,1.9361035e-08,1.34149e-06,3.6352883e-11,0.005412455,0.17881018
5M0,frog,frog,0.2486207336187362,0.006107157,0.07375177,0.16677749,0.1604521,0.09595112,0.07777557,0.24862073,0.092787005,0.0252635,0.052513544,frog,0.9910795092582704,5.502739e-06,3.0565658e-05,4.1082447e-05,0.0061447094,0.0026709745,1.8209304e-05,0.9910795,7.77926e-06,1.3928491e-06,1.929107e-07
5M2,automobile,ship,0.3665899038314819,0.062306408,0.10019873,0.0756726,0.03651238,0.05254571,0.026030926,0.047234185,0.02440546,0.3665899,0.20850365,ship,0.8963401317596436,0.033691205,0.06066748,0.00063508615,2.180883e-07,0.00017600253,7.024638e-11,1.7982467e-05,1.8714386e-12,0.89634013,0.008471923
5M4,truck,truck,0.3891613185405731,0.025356147,0.15780325,0.05101206,0.024080878,0.0825713,0.017988754,0.034159064,0.0838163,0.13405095,0.38916132,truck,0.956474244594574,0.034131862,0.009273702,3.456757e-07,1.4148663e-08,5.2670856e-07,1.6683273e-06,5.4211306e-08,8.433923e-06,0.000109243505,0.95647424
5M6,dog,horse,0.1455021947622299,0.078373425,0.09535182,0.1139285,0.07072765,0.12579025,0.12309944,0.084695905,0.1455022,0.070137285,0.09239346,cat,0.7837450504302979,4.338845e-06,1.7613042e-05,0.10618511,0.78374505,0.0024653259,0.06525535,0.042083763,0.00023778675,3.2873925e-06,2.4002338e-06
5M8,dog,truck,0.2785923779010772,0.020334817,0.07276634,0.22189723,0.054365896,0.07487466,0.03025083,0.07167487,0.11210974,0.06313323,0.27859238,bird,0.6466271281242371,3.84102e-05,2.3859678e-10,0.6466271,0.3476114,5.584668e-06,0.005656335,4.0414766e-06,5.7062785e-05,1.7650583e-08,9.8620895e-08
5MA,deer,truck,0.2056256979703903,0.012426022,0.13574453,0.084478445,0.06254899,0.16411704,0.0440773,0.1314087,0.08186502,0.077708244,0.2056257,deer,0.7579763531684875,4.8006255e-05,5.0658746e-05,3.761204e-05,0.2162936,0.75797635,0.0074430667,0.014135994,2.8995839e-05,1.2403052e-05,0.0039732754
5MC,dog,dog,0.2313075810670852,0.02824294,0.04196954,0.1348993,0.17601418,0.04963504,0.23130758,0.21529424,0.05080873,0.047100388,0.024728023,dog,0.9952064156532288,2.73961e-08,6.202966e-10,3.6093654e-05,0.004535979,5.4801086e-07,0.9952064,0.00021187196,9.417558e-08,8.960419e-06,1.23692745e-08
5ME,cat,frog,0.3212355077266693,0.0041256403,0.06797808,0.08165089,0.18210207,0.09466248,0.12245108,0.3212355,0.091271356,0.013138022,0.02138478,frog,0.9915581941604614,1.4856627e-08,5.4446857e-05,6.4665414e-06,0.0004540344,0.0078804875,3.9682032e-08,0.9915582,4.626939e-05,2.7084801e-12,7.515743e-09
5MG,deer,dog,0.2206674367189407,0.015473028,0.050596897,0.096214846,0.15415311,0.10564486,0.22066744,0.21170785,0.09148894,0.027997267,0.026055785,deer,0.8834475874900818,4.2087554e-06,5.735143e-09,0.05117798,0.0008741657,0.8834476,0.058344558,0.00545111,0.0006988182,1.4678172e-06,6.366698e-11
5MJ,cat,frog,0.2189213633537292,0.010339484,0.059536304,0.14946474,0.20319529,0.072845615,0.15623641,0.21892136,0.071314186,0.028327217,0.029819287,dog,0.9200096130371094,2.2954996e-08,2.4786962e-08,0.07729646,0.002125862,4.179766e-05,0.9200096,6.8858685e-07,0.0005255028,1.11225475e-07,2.8349284e-10
5MM,frog,frog,0.4228347241878509,0.0004711089,0.0389683,0.13499823,0.21095031,0.064869024,0.05918283,0.42283472,0.038327992,0.00754934,0.02184802,cat,0.5854991674423218,2.9595967e-05,0.00032953208,0.21917412,0.58549917,0.07949714,0.00016505574,0.11529943,5.1129464e-06,2.0071805e-07,5.9856404e-07
5MP,ship,ship,0.388937771320343,0.046993278,0.10151372,0.09278181,0.045023587,0.036124736,0.029013757,0.047244877,0.022367066,0.38893777,0.18999948,ship,0.9088715314865112,3.5949626e-05,0.08967802,0.00012249404,1.4385406e-08,3.6396862e-08,8.983413e-08,1.6971122e-05,2.6320501e-11,0.90887153,0.0012749548
5MR,bird,airplane,0.1839793622493744,0.18397936,0.08643899,0.06815416,0.06891411,0.08405265,0.17491044,0.05461948,0.13015212,0.08980147,0.05897717,dog,0.8928183913230896,5.6045003e-05,4.8948533e-07,0.0030425466,0.023512319,0.075683035,0.8928184,0.0048636035,8.160587e-08,1.1293219e-05,1.2226998e-05
5MT,deer,dog,0.2127985209226608,0.010388433,0.067275435,0.091194905,0.17104273,0.08775209,0.21279852,0.18601333,0.145901,0.01256143,0.015072163,deer,0.9921699166297911,4.22406e-08,2.4470569e-06,0.00028273373,2.607588e-06,0.9921699,3.5813857e-05,0.0018016954,0.0057048816,5.569515e-10,2.6156796e-12
5MW,dog,truck,0.2504982054233551,0.014904057,0.08409265,0.23366679,0.044351585,0.08872599,0.026095394,0.0873091,0.11004503,0.060311206,0.2504982,airplane,0.4808576703071594,0.48085767,2.9945926e-05,0.3300321,0.018639395,0.020617334,0.0005845706,0.00070058013,0.006374291,0.1420905,7.3694624e-05
5MY,ship,frog,0.1661009937524795,0.01793475,0.12049349,0.10374971,0.12984282,0.11965787,0.11420796,0.166101,0.14175422,0.02239317,0.06386498,deer,0.5728802680969238,3.3182473e-06,0.140813,2.1533406e-05,0.010615867,0.57288027,0.15190199,0.09061491,0.0007104134,9.948569e-06,0.032428775
5N0,deer,horse,0.1836442351341247,0.022378886,0.062886335,0.15010281,0.15213467,0.06145574,0.170134,0.15968591,0.18364424,0.013747669,0.023829713,bird,0.7457987070083618,0.000712178,3.061665e-07,0.7457987,0.007058474,0.015915742,0.0013300409,0.09259971,0.13658479,1.1779407e-08,1.1263574e-08
5N2,automobile,truck,0.3029426634311676,0.041796777,0.1357647,0.09661343,0.037981045,0.079416536,0.03115223,0.04548646,0.07556603,0.15328014,0.30294266,automobile,0.526237964630127,7.5256906e-07,0.52623796,0.00017559156,3.4480152e-08,2.1999753e-05,1.6979304e-05,8.266907e-09,1.8633545e-10,2.345111e-05,0.47352317
5N4,deer,frog,0.2660382091999054,0.0043704947,0.061225034,0.165216,0.15333961,0.10051455,0.09397845,0.2660382,0.09144667,0.020139782,0.043731134,frog,0.9575108289718628,4.497795e-06,2.295476e-05,0.006210104,0.0070661763,0.0180508,0.009374867,0.9575108,0.0017592013,4.3329948e-07,7.75046e-09
5N6,dog,frog,0.1402715593576431,0.027755972,0.09975952,0.094603844,0.11332111,0.13725863,0.12876326,0.14027156,0.11910198,0.05722346,0.0819407,deer,0.4729408025741577,0.021152532,8.468205e-05,0.004213177,0.11454231,0.4729408,0.38375834,0.00040968176,0.0016462826,0.0002428414,0.0010093584
5N8,airplane,ship,0.2379640042781829,0.055624485,0.13753352,0.06431318,0.052605465,0.10348357,0.057441663,0.05664491,0.050902028,0.237964,0.18348724,deer,0.7722291350364685,0.05121957,0.03316962,0.000932904,4.1506195e-05,0.77222914,9.524154e-06,3.6341973e-08,4.2505437e-07,0.1395615,0.00283579
5NA,automobile,truck,0.3302493691444397,0.023475843,0.120962486,0.15477504,0.044660985,0.06741133,0.024416555,0.06113681,0.10048559,0.07242599,0.33024937,truck,0.9948018789291382,3.7554437e-05,0.0021117101,0.00037103557,3.1621803e-05,1.3493796e-05,2.4547301e-08,4.0517094e-07,1.8310584e-07,0.0026321164,0.9948019
5NC,frog,frog,0.282256156206131,0.0028612304,0.07923417,0.13116896,0.17476298,0.099392965,0.11043763,0.28225616,0.07201544,0.015014633,0.032855876,frog,0.9213581085205078,7.9365446e-07,0.0013989623,0.01882607,0.009729161,0.041296635,0.0071476777,0.9213581,0.000234246,1.9260787e-07,8.16413e-06
5NE,dog,frog,0.2290826737880706,0.009676434,0.07071591,0.16836123,0.13361144,0.09819515,0.08380792,0.22908267,0.05620319,0.06525091,0.08509511,horse,0.4279784858226776,0.00034341463,0.0006405009,0.3276377,0.04830743,0.017492091,0.048525553,0.12825009,0.4279785,1.9184768e-05,0.0008054675
5NG,cat,automobile,0.1536384373903274,0.08009736,0.15363844,0.059500776,0.056889363,0.12688923,0.07518297,0.057175122,0.10244129,0.13714685,0.15103862,deer,0.5524578094482422,0.00064183376,0.077377535,0.00104368,0.00011670228,0.5524578,0.15156354,0.003100163,4.2247777e-07,0.003620043,0.2100783
5NJ,horse,airplane,0.2103917151689529,0.21039172,0.07612509,0.065727524,0.042730972,0.07756982,0.11043149,0.042973112,0.19916597,0.09300514,0.08187916,deer,0.6826429963111877,0.00047681277,2.420866e-05,0.037027534,0.0010457432,0.682643,0.2237127,0.052907158,0.0021187272,4.3180395e-07,4.3716314e-05
5NM,cat,horse,0.1628186851739883,0.13335328,0.09343392,0.0821516,0.12060269,0.05764448,0.14545351,0.066832125,0.16281869,0.06934469,0.068365075,cat,0.947634756565094,0.0045412043,8.600613e-08,0.0011139732,0.94763476,0.0030070809,0.024816625,2.3473369e-05,0.018661609,8.203183e-05,0.00011919703
5NP,airplane,ship,0.238832950592041,0.10506558,0.052423,0.1286213,0.032865297,0.047702063,0.043008722,0.04590967,0.08747562,0.23883295,0.21809587,ship,0.9346575140953064,0.0586284,3.371332e-05,0.00046242675,1.0951961e-07,0.0012579433,5.4042587e-08,2.492726e-06,6.905853e-08,0.9346575,0.0049571726
5NR,truck,truck,0.4112104773521423,0.07877786,0.098046474,0.045272533,0.014704078,0.044793103,0.012692897,0.018041458,0.04387413,0.23258705,0.41121048,truck,0.965718686580658,0.001696697,0.032400303,6.890588e-06,7.2558897e-09,5.4237604e-05,3.4223033e-10,1.4223097e-08,1.466161e-11,0.00012318167,0.9657187
5NT,horse,frog,0.1764018535614013,0.022602586,0.0840936,0.15181927,0.14650124,0.08876685,0.07965737,0.17640185,0.09112191,0.055732332,0.10330305,frog,0.3464293777942657,0.09549435,9.711775e-05,0.012428221,0.29997966,0.010495502,0.0007474348,0.34642938,0.22958833,7.7541044e-05,0.004662499
5NW,truck,truck,0.2181261628866195,0.024414694,0.10624156,0.11558862,0.05572351,0.11698153,0.05387546,0.106982365,0.09191876,0.11014733,0.21812616,truck,0.7371429800987244,2.2142374e-05,0.0048699477,2.6166743e-05,0.0007132458,4.1473028e-05,0.06426699,0.0009401275,0.18877117,0.0032057334,0.737143
5NY,truck,frog,0.2983867526054382,0.0036190653,0.06493093,0.1456045,0.18955792,0.083091795,0.08191739,0.29838675,0.050599247,0.029709663,0.052582763,truck,0.9541195034980774,6.022352e-06,0.0012738394,0.0038954662,0.008698105,0.013490151,0.017566867,1.4737432e-05,0.0009124728,2.2860853e-05,0.9541195
5P0,horse,dog,0.3028437495231628,0.03449888,0.03085381,0.16007282,0.12316745,0.047142386,0.30284375,0.11962342,0.14940766,0.017531727,0.014858126,dog,0.8537031412124634,5.78708e-05,7.3174243e-07,0.13446283,0.008240025,7.374774e-05,0.85370314,8.4457664e-05,0.0033727437,1.3751728e-06,3.0964209e-06
5P2,deer,horse,0.1944129168987274,0.0058396757,0.08445801,0.13329738,0.15205126,0.09323712,0.113384284,0.18330647,0.19441292,0.009769087,0.030243758,horse,0.9998297691345216,1.7681566e-07,2.8555885e-07,4.9884585e-07,1.7722496e-06,8.700632e-05,8.031398e-05,5.1613704e-08,0.99982977,3.2667593e-09,3.1897294e-08
5P4,frog,frog,0.2284389734268188,0.005637446,0.081681155,0.12950347,0.13965051,0.11872454,0.10306372,0.22843897,0.1389964,0.01451757,0.039786167,deer,0.7329016327857971,3.8686093e-08,2.1562228e-07,0.19373964,0.035557657,0.73290163,0.0017605715,0.02863473,0.0074055525,1.2302659e-09,2.7252507e-09
5P6,horse,horse,0.1526741534471511,0.024056844,0.12202814,0.08248727,0.094756335,0.13206789,0.08549897,0.11827375,0.15267415,0.070423774,0.117732845,dog,0.6933993697166443,6.4012116e-09,0.004120578,1.6056052e-06,6.295393e-05,7.874992e-05,0.69339937,2.4759778e-05,0.28891546,0.00011159494,0.013284936
5P8,automobile,frog,0.2377322018146515,0.0048175054,0.17277907,0.11210135,0.15927425,0.10275494,0.07817945,0.2377322,0.03770819,0.03695207,0.057700966,automobile,0.9999901056289672,1.6349043e-06,0.9999901,3.6097788e-07,8.32504e-08,1.1773139e-09,6.7143147e-10,1.3766335e-07,5.0737786e-08,2.114052e-09,7.6069455e-06
5PA,dog,horse,0.241093024611473,0.010675832,0.06281539,0.23074773,0.09393261,0.0779633,0.06849172,0.12968639,0.24109302,0.013513601,0.07108039,horse,0.8915812373161316,0.007079849,6.2415215e-06,0.044421367,0.018208403,0.010560762,0.027447121,0.00037146223,0.89158124,0.0003224663,1.0605117e-06
5PC,dog,dog,0.1761983931064605,0.047250424,0.13834925,0.09744233,0.12817572,0.09313597,0.1761984,0.10393701,0.11323237,0.04720956,0.055068996,horse,0.8982557058334351,5.2465634e-07,1.2511183e-05,3.8105332e-05,0.06250785,0.0006337158,0.038395632,2.4730008e-07,0.8982557,4.2986625e-07,0.00015530459
5PE,bird,frog,0.2806468307971954,0.003039374,0.05701107,0.18905385,0.15272592,0.08583467,0.069539785,0.28064683,0.0990627,0.016230278,0.04685549,deer,0.5878182053565979,0.00045588106,0.000711143,0.0011469815,0.026786191,0.5878182,5.7322635e-05,0.3754961,0.0074553275,2.5412906e-05,4.7426332e-05
5PG,dog,deer,0.1517461538314819,0.015657092,0.10059929,0.1020323,0.11828823,0.15174615,0.13656516,0.15081662,0.13165112,0.03365246,0.058991596,deer,0.9950811862945556,7.619287e-08,7.08646e-09,0.003156975,0.00023842859,0.9950812,0.0012013528,0.0003211686,7.503733e-07,6.324323e-09,1.0939153e-11
5PJ,frog,frog,0.3705897033214569,0.0011628993,0.07020457,0.09992654,0.19536303,0.09453316,0.07468822,0.3705897,0.042083036,0.016285922,0.035162847,frog,0.6784021258354187,0.0001625494,0.29136425,0.005043668,0.0035645799,0.020668017,0.00061613915,0.6784021,3.069944e-05,5.5561566e-07,0.00014735435
5PM,bird,frog,0.224203810095787,0.006917409,0.07730741,0.21357712,0.106980234,0.075729825,0.042677373,0.22420381,0.05295271,0.063163064,0.13649109,bird,0.97878497838974,0.0009514683,0.00017475673,0.978785,0.009702205,4.2115244e-05,0.00016490482,0.0059372704,4.622061e-08,0.0040847883,0.00015740747
5PP,cat,dog,0.1510374844074249,0.079929136,0.09136977,0.12590778,0.09666304,0.09733743,0.15103748,0.11937811,0.110675946,0.06895314,0.05874818,bird,0.8956176042556763,0.012578544,2.687187e-06,0.8956176,0.0010011657,0.030854959,0.00046757402,0.059434664,3.9837574e-05,2.6318112e-06,3.3247278e-07
5PR,cat,frog,0.3071644008159637,0.0024163472,0.06276265,0.070851885,0.2710611,0.051262133,0.17106204,0.3071644,0.038576614,0.013377131,0.011465682,cat,0.8683828711509705,2.0896669e-09,5.226837e-05,0.00015853287,0.8683829,2.8757902e-05,0.05398948,0.07562859,0.0017592955,8.8379274e-08,1.12044205e-07
5PT,dog,horse,0.2252023369073867,0.046330065,0.09751051,0.17967547,0.05451833,0.10473656,0.118596464,0.08392768,0.22520234,0.024974527,0.064528085,frog,0.9928510189056396,0.00016680552,3.4207193e-07,0.002418463,0.00022290392,6.9846024e-06,0.0043294476,0.992851,3.9299593e-06,4.9267964e-08,1.3742831e-09
5PW,truck,frog,0.1948352605104446,0.006749949,0.13901265,0.07162604,0.13205792,0.12486401,0.07593996,0.19483526,0.08265215,0.055192966,0.117069066,truck,0.9914013743400574,6.2353127e-09,0.008598563,4.8311286e-14,6.7498034e-09,5.660889e-10,5.8523386e-10,2.2007731e-09,4.3198636e-10,3.5057998e-10,0.9914014
5PY,ship,truck,0.2811325490474701,0.10056919,0.136546,0.04207203,0.024724888,0.07712666,0.02527334,0.027521422,0.10899315,0.17604087,0.28113255,ship,0.8289623260498047,0.00479929,0.056599636,1.2928593e-06,4.296059e-08,7.002418e-05,6.515618e-08,7.430152e-07,1.7834354e-09,0.8289623,0.1095665
5Q0,airplane,bird,0.1630280762910843,0.023719527,0.13516681,0.16302808,0.09088505,0.092043124,0.08569616,0.103153944,0.13576666,0.04181951,0.12872112,truck,0.8633506298065186,3.791413e-08,0.0037066934,0.0069337045,0.09025094,5.8520454e-06,0.033999197,0.0011329962,0.0005493228,7.0703245e-05,0.86335063
5Q2,automobile,bird,0.1712979078292846,0.13973045,0.14143443,0.17129791,0.07487044,0.03034753,0.09943708,0.075094745,0.09707353,0.089798525,0.080915384,airplane,0.7494040131568909,0.749404,0.24310951,0.00023082033,6.349944e-07,1.355074e-05,1.7346056e-06,0.00041877935,1.00181134e-08,0.0011919064,0.0056290645
5Q4,ship,ship,0.2646479308605194,0.0705119,0.17956342,0.039389078,0.042502973,0.0725155,0.027198838,0.037226718,0.046559494,0.26464793,0.21988419,ship,0.608139157295227,1.5646958e-05,0.00022078809,9.650908e-09,6.7863484e-06,3.2396583e-05,4.0008596e-09,1.2337256e-07,4.5723042e-14,0.60813916,0.39158514
5Q6,horse,frog,0.3305777609348297,0.0015587586,0.07256381,0.14734127,0.19093153,0.061345596,0.08735473,0.33057776,0.028228838,0.03574795,0.04434981,dog,0.9177555441856384,0.005989636,0.02785531,0.04112356,0.004048767,5.4855404e-06,0.91775554,0.0021271068,0.0004227553,0.00055285066,0.000119069635
5Q8,dog,truck,0.1926688551902771,0.025225073,0.11401947,0.12686744,0.057162922,0.112098284,0.049999226,0.08743725,0.18410008,0.050421372,0.19266886,dog,0.9533992409706116,1.1642968e-07,6.671279e-07,1.7593717e-06,0.033233643,0.0001226009,0.95339924,0.000806715,0.012432221,1.6669157e-08,3.0687852e-06
5QA,cat,frog,0.3785819709300995,0.0007933746,0.02036906,0.18999876,0.23232539,0.036724214,0.07411519,0.37858197,0.04399975,0.007012186,0.016080108,cat,0.7635982632637024,1.4175644e-05,1.3909862e-06,0.22371727,0.76359826,3.8208847e-05,0.00010724964,5.3451757e-05,0.0124686975,2.2294195e-08,1.3623946e-06
5QC,airplane,airplane,0.8786851763725281,0.8786852,0.0068774954,0.0014947957,0.0012794117,0.0011012014,0.0038338802,0.0005866686,0.0034990434,0.09612263,0.006519722,airplane,0.9991031885147096,0.9991032,3.3837504e-17,8.865725e-08,1.8695867e-13,9.428574e-06,6.942899000000001e-17,8.4255386e-10,1.2262283e-25,0.00088732125,6.5310496e-14
5QE,airplane,airplane,0.2999780476093292,0.29997805,0.06856645,0.07338626,0.04797399,0.046458468,0.06799658,0.041173525,0.07531448,0.18873928,0.09041285,ship,0.6346217393875122,0.3650709,2.4642282e-09,2.128463e-05,4.2169376e-07,0.00028239723,2.8885265e-07,2.103801e-06,1.9425373e-11,0.63462174,8.4633604e-07
5QG,automobile,frog,0.1938421875238418,0.003273476,0.14718765,0.11030382,0.18213542,0.09051243,0.077797465,0.19384219,0.1380286,0.010779159,0.04613983,automobile,0.9583784341812134,0.0026238114,0.95837843,1.330603e-06,0.0013508323,6.112861e-05,1.6851402e-08,2.013696e-05,0.029184936,1.0103732e-06,0.008378383
5QJ,deer,frog,0.3121705651283264,0.0017824776,0.049669594,0.22856031,0.14527448,0.06908496,0.047641467,0.31217057,0.066676214,0.019149793,0.0599901,cat,0.8801783323287964,0.01183382,0.00031784383,0.010192364,0.88017833,0.006426246,2.6347052e-06,0.0888105,0.002022245,4.1034567e-05,0.00017502114
5QM,ship,deer,0.183967188000679,0.017549912,0.14434631,0.09432467,0.07900019,0.18396719,0.07212297,0.12366235,0.11922786,0.043320745,0.122477815,deer,0.9570446014404296,0.0011004484,0.026234483,0.00066933647,0.0002844174,0.9570446,0.013379486,0.00017370509,0.00043184444,0.00056477316,0.000116911935
5QP,cat,dog,0.2148288190364837,0.05200803,0.05282483,0.15747711,0.118803866,0.056424133,0.21482882,0.123581424,0.18688208,0.019940255,0.017229473,frog,0.5532605648040771,0.044581596,3.4311322e-06,0.37415317,0.00032190882,0.0012230889,0.00015880344,0.55326056,0.026297504,3.4304903e-10,3.7872327e-10
5QR,ship,ship,0.3558151721954345,0.18156333,0.07437663,0.079201296,0.03029164,0.028696856,0.03497568,0.028384518,0.032602955,0.35581517,0.15409191,ship,0.9977391958236694,0.0021669595,6.8011735e-07,5.1588057e-05,6.191439e-13,2.5903935e-07,2.647941e-11,8.4815327e-10,1.5270142e-14,0.9977392,4.1256986e-05
5QT,dog,frog,0.4457201361656189,0.000887903,0.03726,0.061715364,0.23271999,0.057501037,0.11342083,0.44572014,0.028902428,0.01060826,0.0112641165,frog,0.9848241209983826,2.6659805e-09,0.01206512,4.263363e-05,0.00051283336,0.00061359035,0.0019358724,0.9848241,5.4504258e-06,2.807385e-09,2.9377992e-07
5QW,ship,airplane,0.7496241927146912,0.7496242,0.019900782,0.012636953,0.008145241,0.0041658296,0.01570713,0.004927018,0.016950654,0.14078309,0.027159235,airplane,0.9486696124076844,0.9486696,4.8537244e-14,2.0278637e-08,1.19850605e-11,1.6875072e-07,2.4174853e-12,1.2695979e-08,3.8175549999999996e-20,0.05133029,2.6814226e-10
5QY,ship,automobile,0.2196122705936432,0.07883306,0.21961227,0.06516844,0.049254347,0.08309446,0.044328038,0.03379464,0.18722217,0.053238448,0.18545417,truck,0.9848297834396362,0.0006351753,0.014261588,1.1069665e-06,0.00026819407,9.881308e-07,3.378179e-09,4.3309547e-09,2.3978776e-06,6.564992e-07,0.9848298
5R0,cat,frog,0.1828662902116775,0.0072992994,0.091594376,0.14034,0.07089874,0.14272968,0.048047356,0.18286629,0.08239585,0.06344328,0.17038515,horse,0.8886280655860901,5.902407e-07,0.1079259,9.992257e-05,0.00032657923,0.002623142,9.440546e-06,0.00023798228,0.88862807,4.0702566e-10,0.00014839017
5R2,ship,truck,0.2633841633796692,0.027906733,0.1017,0.15713093,0.04691083,0.059506983,0.028380735,0.072998084,0.040875793,0.20120576,0.26338416,airplane,0.8767967224121094,0.8767967,0.0049650306,1.117339e-05,6.6864296e-09,9.616175e-10,7.710343e-13,1.5899987e-07,9.960231e-15,0.118143246,8.3751525e-05
5R4,truck,automobile,0.2657688558101654,0.022056963,0.26576886,0.060903236,0.06688611,0.11980831,0.06409367,0.074463114,0.11669685,0.066111304,0.14321163,automobile,0.9447512626647948,2.7161932e-05,0.94475126,5.7655332e-11,1.2249814e-07,1.3614486e-08,5.545704e-08,1.5924517e-05,2.114636e-06,1.2799547e-06,0.055202134
5R6,horse,horse,0.2571292817592621,0.042741563,0.102588326,0.096119426,0.087148234,0.10446321,0.1547739,0.08507373,0.25712928,0.025492994,0.044469386,horse,0.959481418132782,6.0864062e-05,3.709493e-06,0.00042799392,0.021428205,0.009891157,0.0036527405,0.0050397003,0.9594814,1.3197304e-05,9.558363e-07
5R8,airplane,airplane,0.2822354137897491,0.2822354,0.07501244,0.060367715,0.0476336,0.070100024,0.10094287,0.041132353,0.13075784,0.12518089,0.066636845,deer,0.5220204591751099,0.3779753,3.2587964e-06,0.07268471,0.00017379932,0.52202046,0.019495226,0.0065216287,0.00012797571,0.0009945211,3.2133137e-06
5RA,cat,dog,0.264820247888565,0.040947802,0.08854478,0.09325532,0.19647986,0.047017213,0.26482025,0.12407346,0.10286329,0.023746932,0.018251209,dog,0.8906554579734802,2.079218e-08,7.8243875e-06,0.00017452726,0.089102626,1.0168523e-07,0.89065546,7.5464254e-07,0.020058619,3.9077634e-09,1.1029325e-07
5RC,cat,frog,0.2377685308456421,0.0047496697,0.0888854,0.21729201,0.1059949,0.08147358,0.058895487,0.23776853,0.13407594,0.012834236,0.058030263,deer,0.7854764461517334,6.8627483e-06,0.008184516,7.445838e-05,4.190821e-07,0.78547645,4.1179455e-06,0.20624387,9.1752745e-06,4.1207855e-08,1.9741213e-07
5RE,dog,ship,0.3853700459003448,0.053932447,0.12370836,0.0588285,0.028460858,0.062837854,0.030057402,0.031893563,0.024834668,0.38537005,0.20007628,ship,0.9694377779960632,0.0009568573,0.00070855266,0.0010696225,3.0545386e-10,0.027694251,2.249736e-08,2.3099808e-08,8.64152e-09,0.9694378,0.00013286909
5RG,horse,frog,0.187835231423378,0.013174099,0.06652158,0.107945874,0.1198273,0.14942478,0.13216472,0.18783523,0.13847378,0.03097207,0.053660568,deer,0.9721682071685792,5.44156e-07,2.6434368e-09,0.021990601,3.894566e-06,0.9721682,4.7686128e-05,0.004863479,0.00092566485,1.0607451e-08,8.260676e-14
5RJ,ship,truck,0.3337749242782593,0.042427707,0.11847857,0.08197688,0.0391627,0.074327596,0.030056993,0.046071358,0.098429486,0.1352937,0.33377492,truck,0.9999831914901732,1.94627e-06,1.23699765e-05,1.4182004e-07,3.665707e-11,1.9686626e-09,2.3976243e-10,9.204217e-12,6.09182e-10,2.2643865e-06,0.9999832
5RM,automobile,truck,0.2605489492416382,0.0072809355,0.12052757,0.13662514,0.044979557,0.1406547,0.03442985,0.099683665,0.09882883,0.056440838,0.26054895,automobile,0.5977602601051331,2.1412308e-10,0.59776026,2.030901e-08,1.7303154e-09,1.6062617e-09,5.7730676e-07,4.271842e-10,1.4944253e-06,0.0007097488,0.40152782
5RP,deer,frog,0.1431796103715896,0.029413596,0.10527279,0.113472216,0.116750576,0.13593051,0.100196235,0.14317961,0.10598454,0.06119744,0.08860251,bird,0.8321258425712585,3.8257545e-05,2.8697306e-07,0.83212584,0.00077853526,0.16245903,0.0003758338,0.004165355,5.5477165e-05,1.4045544e-06,1.583289e-08
5RR,airplane,airplane,0.3741825520992279,0.37418255,0.043474257,0.081267215,0.054071076,0.023080347,0.21048915,0.03260379,0.10107365,0.06228788,0.01747006,airplane,0.8540377616882324,0.85403776,0.00018982813,0.12344205,0.00011925794,0.00014978196,1.5748587e-07,0.02136624,5.5997807e-06,0.00068935886,5.4776777e-08
5RT,frog,horse,0.2575059533119201,0.039506722,0.079109825,0.15085562,0.06878138,0.09536751,0.07277459,0.09125082,0.25750595,0.033471778,0.111375794,cat,0.8348506689071655,2.125944e-09,7.490678e-07,0.00014453236,0.83485067,3.2345287e-07,0.0045893206,0.15811196,0.002301517,5.7719527e-09,8.3707556e-07
5RW,bird,frog,0.265440821647644,0.007918109,0.04495444,0.089737386,0.20203622,0.06841831,0.20096353,0.26544082,0.090223804,0.015296989,0.015010463,dog,0.4572500586509704,1.84516e-06,3.414979e-08,0.19780159,5.2040166e-05,0.34125248,0.45725006,0.0021533149,0.0014870339,1.5443288e-06,1.568293e-09
5RY,deer,frog,0.2563012242317199,0.0041262573,0.080863215,0.09299082,0.15418619,0.12760825,0.13223526,0.25630122,0.10556614,0.012244495,0.033878084,deer,0.9129820466041564,2.2568367e-10,6.69079e-05,0.00042266454,0.00039424066,0.91298205,0.0019168267,0.07990915,0.0043081716,1.01220044e-13,1.527438e-08
5S0,truck,bird,0.1958832591772079,0.048038296,0.046692703,0.19588326,0.12247617,0.05749555,0.13072339,0.15221316,0.1545438,0.037971765,0.053961966,bird,0.7163749933242798,8.0435195e-05,2.0487796e-07,0.716375,0.08640586,0.0019003727,0.0529945,0.14216165,8.118996e-06,4.2339343e-05,3.1552332e-05
5S2,airplane,frog,0.4140722155570984,0.00044958087,0.041387957,0.1976912,0.19380383,0.040291455,0.044280104,0.41407222,0.030270562,0.009642916,0.02811005,airplane,0.9756726622581482,0.97567266,0.021205835,8.467539e-05,0.00093262614,1.9844413e-06,3.5166337e-09,1.2440809e-05,6.603534e-08,0.00013135509,0.0019584557
5S4,deer,frog,0.1891335397958755,0.015762266,0.093187824,0.10548104,0.12525515,0.14559828,0.104956955,0.18913354,0.089293875,0.04972058,0.0816105,deer,0.5333898663520813,7.906363e-06,1.1277538e-06,0.46446174,0.0007787173,0.53338987,0.00019167151,0.0011336278,3.5288584e-05,6.83114e-08,3.9783967e-09
5S6,dog,frog,0.1757895499467849,0.03284404,0.058590468,0.14248835,0.13788556,0.06633613,0.10946161,0.17578955,0.08504664,0.09265293,0.09890466,dog,0.6267939805984497,0.0004540335,1.9789256e-06,0.089846574,4.935646e-05,0.0045343656,0.626794,0.04193248,0.000105698215,0.23596273,0.00031879405
5S8,automobile,bird,0.1535501033067703,0.03469079,0.09784427,0.1535501,0.13364695,0.050715763,0.09839234,0.14468044,0.12086646,0.055880293,0.10973262,automobile,0.6406415700912476,0.00018231773,0.64064157,2.4907283e-06,0.00041211295,1.6916637e-06,4.1543033e-05,0.0077711414,9.991711e-05,1.5263478e-06,0.35084566
5SA,ship,bird,0.1983290463685989,0.024825737,0.104487926,0.19832905,0.13057128,0.05711867,0.1122825,0.11203226,0.14552918,0.0449276,0.06989582,cat,0.893716037273407,0.02005271,0.0053855246,0.022579199,0.89371604,5.6068434e-06,0.05785878,1.725304e-05,0.00032783384,1.0593557e-05,4.6539695e-05
5SC,frog,frog,0.2031853049993515,0.01288458,0.0967009,0.122800335,0.12974404,0.1359787,0.09706785,0.2031853,0.09053889,0.034482576,0.0766168,frog,0.754318356513977,1.3037e-05,1.0888375e-05,0.00952483,0.058928553,0.17376916,0.0033427805,0.75431836,7.679857e-05,6.725102e-06,8.838125e-06
5SE,horse,frog,0.3048030436038971,0.0016004667,0.048960663,0.22183773,0.1907601,0.062665984,0.065032974,0.30480304,0.06281392,0.01058242,0.03094275,cat,0.7075361013412476,4.027253e-05,7.058087e-05,0.13103539,0.7075361,0.004260696,2.0930607e-05,0.15685238,0.00018305976,5.7049107e-07,8.14252e-08
5SG,automobile,frog,0.212359994649887,0.008880601,0.14572513,0.078948386,0.1546457,0.10268751,0.14987202,0.21236,0.088252686,0.022044072,0.036583893,automobile,0.9915199875831604,8.442873e-06,0.99152,1.4324488e-06,1.9099172e-05,7.1450113e-06,5.2390933e-05,0.0034064262,6.1964645e-05,3.6985448e-08,0.0049230857
5SJ,dog,frog,0.4216886162757873,0.0008892691,0.05195299,0.07219001,0.20510021,0.07635177,0.09867972,0.42168862,0.04732282,0.007894004,0.017930612,automobile,0.8150449395179749,3.2948617e-06,0.81504494,2.4321387e-05,2.3356001e-06,2.2269722e-05,0.00010248997,0.18476439,9.853812e-06,6.6106296e-08,2.6011594e-05
5SM,bird,deer,0.1668471843004226,0.012248527,0.10773446,0.11873176,0.11961141,0.16684718,0.09610579,0.16263972,0.091256306,0.041798156,0.083026625,cat,0.9947545528411864,7.402513e-10,1.7677615e-09,6.359207e-07,0.99475455,2.4092558e-05,0.005151002,6.906238e-05,5.6278714e-07,9.445646e-10,3.397076e-11
5SP,automobile,truck,0.1509612798690796,0.06322513,0.09989705,0.087202884,0.08210358,0.09019795,0.08476132,0.098203786,0.11041864,0.13302834,0.15096128,truck,0.5272936224937439,0.10610869,0.008847664,4.35637e-08,0.06430119,0.00013323317,0.22816882,0.00033018892,3.033507e-05,0.0647862,0.5272936
5SR,bird,airplane,0.5184015035629272,0.5184015,0.03587966,0.03370299,0.014214716,0.021077123,0.03171478,0.01427261,0.052371975,0.19540803,0.08295661,airplane,0.9974051117897034,0.9974051,7.832337e-16,9.646997e-08,9.186929e-13,0.0020538126,2.3604912e-10,1.5157243e-05,5.241619300000001e-16,0.00052584446,1.8822186e-12
5ST,cat,frog,0.254619300365448,0.009198195,0.042065173,0.1569259,0.21377227,0.057120714,0.12789002,0.2546193,0.09137953,0.02055424,0.026474632,bird,0.9010372161865234,0.00018801841,1.8503091e-06,0.9010372,0.0026884868,0.07403768,0.0015252245,0.007819337,0.01270116,9.60413e-07,1.6683348e-09
5SW,truck,truck,0.3498317301273346,0.040096328,0.16567644,0.03239524,0.025141241,0.07024283,0.016288774,0.025318952,0.045204643,0.22980389,0.34983173,truck,0.995761215686798,0.00041977337,0.0030002282,6.7099705e-08,2.8675588e-11,2.235404e-06,3.0523733e-14,2.6453266e-09,2.3251195e-10,0.00081646914,0.9957612
5SY,airplane,frog,0.1656531244516372,0.012880258,0.120861195,0.10228997,0.12815307,0.13647087,0.08796996,0.16565312,0.08990418,0.06108415,0.09473329,deer,0.6639934182167053,0.0005141438,0.003402226,0.18822782,0.0043358547,0.6639934,0.02250192,0.0001703008,0.11684047,1.7338704e-07,1.3693916e-05
5T0,horse,truck,0.1455684155225753,0.042601887,0.13297006,0.08692054,0.07387837,0.13312326,0.07511039,0.08946228,0.13824147,0.08212325,0.14556842,cat,0.5205298662185669,0.005090671,0.060944706,0.0001825447,0.52052987,0.050721996,0.1669103,0.00021193214,0.0017679946,0.0011157836,0.19252421
5T2,frog,truck,0.1772594600915908,0.07928805,0.106344104,0.10289185,0.038591135,0.12634511,0.061913453,0.067099705,0.14789632,0.09237085,0.17725946,frog,0.9999583959579468,2.8590423e-06,1.0777526e-06,3.6516358e-05,1.7577843e-09,1.1553811e-06,2.2226546e-08,0.9999584,4.3888337e-11,2.7172195e-08,2.0843847e-09
5T4,automobile,truck,0.3916733562946319,0.043263596,0.20194149,0.043391567,0.024950251,0.042101976,0.014314707,0.02464174,0.05641846,0.1573028,0.39167336,truck,0.9993102550506592,1.5350851e-07,0.00068882335,6.8315807e-13,1.8866126e-12,6.0795945e-11,3.916854e-14,4.3607142e-11,9.553768e-15,7.8480224e-07,0.99931026
5T6,frog,frog,0.2152152359485626,0.009953928,0.07908671,0.16158864,0.13906205,0.10766229,0.07469541,0.21521524,0.08744871,0.041857876,0.08342904,frog,0.5807493925094604,0.00015462417,7.91605e-06,0.020351673,0.30713892,0.09011056,0.0013184381,0.5807494,0.00016021277,6.076698e-06,2.179315e-06
5T8,ship,horse,0.2211950719356537,0.13986932,0.1015142,0.08757892,0.07130872,0.07792233,0.09691298,0.05372181,0.22119507,0.065900154,0.0840765,airplane,0.987091064453125,0.98709106,0.00013204038,0.0037319863,0.000375608,0.0051896702,0.00029788213,5.771262e-05,0.0019473878,0.0009920177,0.00018470117
5TA,frog,frog,0.222510814666748,0.0076512373,0.08771446,0.08049694,0.12528385,0.16716255,0.11144225,0.22251081,0.09130683,0.03608263,0.070348345,cat,0.3721768856048584,0.28149992,9.915151e-05,7.530248e-05,0.3721769,0.017544167,0.019947438,0.30083483,3.8249537e-09,0.007818525,3.8010398e-06
5TC,cat,truck,0.3482607007026672,0.053630207,0.10098683,0.12761275,0.019744495,0.08157631,0.030700538,0.03921101,0.09343524,0.10484183,0.3482607,bird,0.9715749025344848,3.6988417e-06,1.4409982e-05,0.9715749,0.0020403534,0.006708487,0.01721656,2.3273115e-07,3.5296162e-07,2.7317906e-06,0.002438246
5TE,automobile,frog,0.4106635451316833,0.0010758718,0.023872837,0.16806237,0.20365758,0.036669884,0.09619412,0.41066355,0.033536855,0.011376997,0.014889894,bird,0.413631409406662,0.20991525,0.005047659,0.4136314,0.17723787,0.00051151117,0.039647277,0.1497078,8.408806e-05,0.004007803,0.00020934707
5TG,automobile,automobile,0.17779141664505,0.018826334,0.17779142,0.07873683,0.09102231,0.1351574,0.05046371,0.119371854,0.07526873,0.090727665,0.16263376,truck,0.6456013321876526,0.0004207806,0.35296336,1.0167121e-08,0.00026545412,2.6251902e-05,4.160812e-07,0.00066424854,7.0293606e-07,5.741144e-05,0.64560133
5TJ,truck,ship,0.2604718208312988,0.057437178,0.098969795,0.07849944,0.0639854,0.054219626,0.043464717,0.062010083,0.044011604,0.26047182,0.23693033,truck,0.9946562051773072,6.963979e-05,0.0017288744,4.3466818e-05,0.0006046479,1.2533393e-06,5.7161222e-09,7.9506904e-08,1.8640596e-11,0.0028958884,0.9946562
5TM,dog,frog,0.2450176030397415,0.0091346875,0.053918775,0.22774403,0.20226195,0.03931667,0.097646885,0.2450176,0.05252179,0.038376093,0.034061454,bird,0.8972341418266296,0.0001541189,0.00011332888,0.89723414,0.08763014,0.00013279027,0.013230134,0.0006117928,6.1832056e-05,0.0008311154,6.3171836e-07
5TP,truck,truck,0.2634772360324859,0.01944598,0.10108778,0.124464974,0.0570023,0.07353099,0.03537028,0.0864283,0.05516743,0.18402475,0.26347724,truck,0.4534344375133514,0.09742156,0.029654557,0.0008850497,7.5599106e-05,0.00025051666,1.7027918e-05,0.0020108072,1.8790488e-05,0.41623157,0.45343444
5TR,ship,truck,0.1759756356477737,0.034316227,0.1225956,0.14960155,0.048823908,0.1462525,0.06409023,0.096738994,0.087589055,0.07401627,0.17597564,frog,0.5516819357872009,2.402148e-05,0.01103121,0.29345593,0.0016161647,0.10261655,0.000592448,0.55168194,0.0044735614,4.4477092e-05,0.03446375
5TT,ship,truck,0.2215175181627273,0.017464176,0.16550976,0.06969698,0.06125956,0.11457384,0.049430363,0.10668127,0.065345295,0.12852117,0.22151752,ship,0.9245398640632628,0.012175188,0.022970134,2.4640912e-07,5.8865083e-07,3.6501882e-07,0.00015411135,0.012049385,1.8722794e-08,0.92453986,0.02811012
5TW,truck,truck,0.3896309435367584,0.04709176,0.097976305,0.103434965,0.022949979,0.05968858,0.020863976,0.03336589,0.14055713,0.0844405,0.38963094,truck,0.8885323405265808,0.0058635976,0.010864039,0.0005340017,1.2880263e-05,0.0020285018,1.1926987e-08,0.00081315264,6.557295e-05,0.09128592,0.88853234
5TY,airplane,truck,0.3226011991500854,0.014746001,0.07922198,0.07608677,0.047770303,0.09381894,0.030188903,0.08143216,0.049932037,0.2042018,0.3226012,ship,0.4612645506858825,0.053800777,0.0011446234,0.0001585835,0.00010586267,0.045755047,0.0019404615,3.2995672e-06,0.0001658963,0.46126455,0.43566096
5V0,dog,bird,0.2098841518163681,0.016728401,0.08707325,0.20988415,0.091074616,0.07945588,0.06394402,0.15285027,0.08256376,0.057173055,0.15925258,truck,0.8510106801986694,0.07756925,2.5472775e-05,0.0019271094,0.06647269,2.4745399e-05,1.06075335e-08,2.1174037e-05,5.99796e-06,0.0029428587,0.8510107
5V2,automobile,automobile,0.1782742887735366,0.0066671316,0.17827429,0.11187673,0.12435414,0.074784674,0.03191308,0.1550801,0.044205505,0.09829181,0.17455259,automobile,0.9622682332992554,0.00037472168,0.96226823,1.1650764e-06,1.2660969e-07,1.38327865e-08,9.514671e-13,2.5544244e-09,5.7930997e-08,9.058429e-06,0.037346505
5V4,airplane,truck,0.2845031917095184,0.021532074,0.08274188,0.1804195,0.0414624,0.08605255,0.035523985,0.07460816,0.10454892,0.0886073,0.2845032,truck,0.9933214783668518,1.4486016e-05,0.0032783546,0.00014307906,2.8309923e-09,4.2197057e-06,8.3004956e-08,1.1356387e-05,0.0032147001,1.2352779e-05,0.9933215
5V6,ship,truck,0.3792520463466644,0.0155268675,0.17080273,0.04265774,0.027644861,0.0680521,0.010209211,0.04303821,0.022582034,0.2202341,0.37925205,truck,0.9881437420845032,1.829405e-06,0.011805583,1.1417818e-09,2.6514163e-10,3.215483e-08,1.0488164e-15,6.407027e-10,1.332516e-15,4.8743565e-05,0.98814374
5V8,ship,truck,0.2209146618843078,0.025858656,0.1341136,0.120512314,0.064939916,0.10542894,0.037425388,0.09687341,0.12974004,0.064193055,0.22091466,truck,0.994148015975952,2.4072471e-05,0.0038916138,3.1174218e-06,0.00068856374,7.869072e-06,6.696306e-07,0.00011897303,0.0010615465,5.565369e-05,0.994148
5VA,airplane,airplane,0.3531075417995453,0.35310754,0.086559154,0.03151785,0.01673869,0.044492316,0.029228173,0.0143050635,0.082246006,0.17877214,0.163033,airplane,0.9717084169387816,0.9717084,0.00013155917,0.0009461602,1.6435401e-09,0.001103523,6.858547e-11,1.03048926e-07,3.7410564e-09,0.0015028871,0.024607314
5VC,horse,frog,0.1397113353013992,0.036367375,0.09364082,0.12521602,0.10223769,0.121944614,0.1019491,0.13971134,0.12075011,0.06719656,0.09098639,frog,0.6176481246948242,1.8044201e-06,7.5236636e-07,0.06486136,0.020744003,0.1427122,0.1538985,0.6176481,3.8844726e-05,9.36797e-05,6.354052e-07
5VE,bird,frog,0.2780449688434601,0.001908771,0.044223823,0.18057437,0.16212605,0.072315425,0.0986066,0.27804497,0.1339423,0.006697935,0.021559792,deer,0.76768559217453,8.930064e-05,1.0636421e-05,0.0024187544,0.0010039973,0.7676856,0.0007505224,0.22447324,0.0035645391,3.3136425e-06,1.8859268e-07
5VG,truck,bird,0.2882071435451507,0.00889095,0.04933792,0.28820714,0.139094,0.034887467,0.065123774,0.20717108,0.052797977,0.061319098,0.09317059,truck,0.6334894895553589,0.014105509,0.002178106,0.0010099898,0.00014328485,9.593614e-11,1.0286858e-05,6.114644e-08,7.0818157e-10,0.34906328,0.6334895
5VJ,cat,frog,0.2665951251983642,0.0043214713,0.10434897,0.07006613,0.19827355,0.10983413,0.10122402,0.26659513,0.080339015,0.023295866,0.041701626,cat,0.6087286472320557,1.6169151e-06,0.06824944,0.00039851613,0.60872865,0.0008415027,0.004533646,0.28171763,0.03476921,2.6607634e-09,0.0007598006
5VM,horse,dog,0.2605770826339721,0.0060640713,0.049936634,0.062454525,0.23194149,0.05745426,0.26057708,0.23093794,0.082107045,0.009225392,0.009301519,dog,0.7384034395217896,1.0787729e-08,3.7293236e-07,0.0022880759,0.026743341,0.0017119565,0.73840344,0.000112373695,0.2307404,1.4889875e-10,1.01523625e-07
5VP,dog,dog,0.189328595995903,0.050036263,0.14495793,0.07216967,0.102372676,0.1078665,0.1893286,0.08149315,0.10556139,0.07108267,0.07513117,dog,0.9988445043563844,1.6089811e-07,7.932044e-08,5.1720935e-08,0.00026692555,0.0006211433,0.9988445,1.0165631e-08,1.1015385e-06,1.4634175e-05,0.00025131716
5VR,cat,dog,0.2414034008979797,0.018883726,0.057492305,0.1014465,0.17423855,0.08503488,0.2414034,0.1917567,0.08322881,0.023450188,0.023064923,cat,0.8838269114494324,2.5483575e-07,5.619345e-10,0.004417432,0.8838269,0.018968334,0.02335094,3.758041e-05,0.069398604,6.2281953e-09,3.0179976e-09
5VT,ship,truck,0.3459959924221039,0.025389062,0.16509923,0.049211722,0.0261762,0.09139851,0.018052967,0.04430322,0.031111082,0.20326203,0.345996,truck,0.9805611968040466,0.00011465112,0.017268455,1.1122661e-08,2.2409845e-08,1.544371e-05,3.777887e-11,2.356979e-10,7.2156815e-13,0.002040187,0.9805612
5VW,horse,automobile,0.1479449570178985,0.031382848,0.14794496,0.08557297,0.098865114,0.12744328,0.11456578,0.11824813,0.12566946,0.057981666,0.092325814,horse,0.8609006404876709,3.0256801e-06,0.00022031277,2.1431e-05,1.1005232e-05,0.13852066,0.00031588535,4.3011727e-07,0.86090064,4.9540457e-08,6.612154e-06
5VY,cat,frog,0.1517041623592376,0.015148144,0.14471306,0.07298318,0.12642625,0.14961062,0.11884226,0.15170416,0.13338652,0.025309635,0.061876185,frog,0.9160140156745912,7.912216e-08,0.07738645,2.042056e-09,0.002813639,5.73916e-07,1.3401049e-05,0.916014,1.1142466e-07,8.44226e-08,0.0037715824
5W0,bird,frog,0.2021222710609436,0.004928829,0.11096617,0.13874097,0.11346839,0.1356397,0.055046793,0.20212227,0.078920096,0.039473712,0.12069304,bird,0.9822184443473816,2.576221e-05,9.100948e-06,0.98221844,0.0036886341,0.01289221,0.0010889984,4.422934e-05,3.2371347e-05,1.871043e-08,1.8463484e-07
5W2,dog,horse,0.2031576335430145,0.03105371,0.09506385,0.13001914,0.096886426,0.118854865,0.093296014,0.10685724,0.20315763,0.031226493,0.09358468,cat,0.9998194575309752,8.263236e-09,2.0042071e-07,1.93612e-06,0.99981946,2.6178645e-08,1.167436e-05,9.577783e-05,6.9938964e-05,1.2679844e-09,9.632854e-07
5W4,truck,truck,0.2496965080499649,0.0091263605,0.09270414,0.20092994,0.06751122,0.070605054,0.027106535,0.12411818,0.094728105,0.06347395,0.24969651,truck,0.723542332649231,0.00039879224,0.0047940854,0.17155613,0.00042307255,0.0007747399,0.00017759656,0.04790121,2.285241e-05,0.050409168,0.72354233
5W6,frog,dog,0.2594498991966247,0.035365853,0.0645284,0.08560264,0.18091172,0.07082182,0.2594499,0.17327283,0.08796802,0.024811942,0.017266935,frog,0.9986874461174012,2.9550138e-06,3.012927e-07,8.408563e-05,0.0011279249,1.0264772e-05,8.6068416e-05,0.99868745,9.801446e-07,4.7457505e-08,6.7752365e-10
5W8,deer,cat,0.2124976217746734,0.019818492,0.06934522,0.15203145,0.21249762,0.047476776,0.12031242,0.18474686,0.13821842,0.019092662,0.03646007,cat,0.8031250834465027,3.5751815e-05,5.8025165e-05,0.0038793648,0.8031251,0.084646545,0.0012966144,0.0962079,0.01066916,2.945745e-07,8.124819e-05
5WA,deer,frog,0.2315139472484588,0.009136287,0.062204722,0.19409949,0.13450724,0.081102155,0.059513465,0.23151395,0.079125196,0.053241897,0.09555564,frog,0.7702151536941528,0.0029867585,5.0171284e-06,0.0065523405,0.1599512,0.059640184,0.00017248651,0.77021515,0.00026428743,0.00020610137,6.508859e-06
5WC,bird,frog,0.3702350556850433,0.0016807299,0.044669725,0.098961845,0.27571103,0.04952855,0.08538004,0.37023506,0.041629184,0.013957213,0.018246645,cat,0.9524829983711244,8.906508e-07,1.8885078e-06,6.924915e-05,0.952483,3.4623503e-05,8.444621e-06,0.047384355,1.7611334e-05,1.533883e-09,3.066166e-08
5WE,horse,frog,0.2603537142276764,0.0033203834,0.13007084,0.08162982,0.2561973,0.07337255,0.09956855,0.2603537,0.050288737,0.016707532,0.028490525,automobile,0.993976593017578,0.00048169016,0.9939766,6.745429e-09,7.995185e-05,1.4603926e-05,2.4355674e-07,6.9576345e-05,0.0009455802,9.275771e-05,0.004338918
5WG,frog,frog,0.285206139087677,0.0034952431,0.08751134,0.11263176,0.14691713,0.13046572,0.106909804,0.28520614,0.06161759,0.019176414,0.04606887,bird,0.8901514410972595,1.11591056e-07,7.230722e-06,0.89015144,7.337074e-05,0.10606446,0.00010790027,0.0035944178,1.1254016e-06,7.953975e-10,1.96742e-08
5WJ,bird,frog,0.1632912456989288,0.039582785,0.073638245,0.119577795,0.15300035,0.087773494,0.16327137,0.16329125,0.11840839,0.04115657,0.040299717,frog,0.7173454761505127,0.0011215638,0.00055925525,0.18402673,0.01135093,0.049544424,0.011613984,0.7173455,0.02437893,5.549949e-05,3.1983836e-06
5WM,frog,deer,0.168567270040512,0.012786525,0.11262174,0.0918671,0.09740397,0.16856727,0.07545099,0.14991292,0.13961804,0.04018899,0.11158244,dog,0.5562808513641357,7.967336e-05,0.0042107534,0.00025285393,0.00094083993,0.13552378,0.55628085,0.090095356,0.20175806,0.00037951555,0.010478461
5WP,ship,bird,0.2164135426282882,0.014067834,0.08001927,0.21641354,0.071422964,0.08096776,0.057683334,0.13648663,0.11430184,0.048773814,0.17986307,bird,0.8519246578216553,0.00054259686,0.0004825855,0.85192466,0.0013709019,0.0031941994,0.026664024,0.0018968795,0.022720773,0.00096688006,0.090236574
5WR,automobile,automobile,0.1759598553180694,0.019817518,0.17595986,0.1558261,0.13223222,0.07413718,0.083830185,0.13154373,0.06266769,0.07172769,0.09225789,automobile,0.9467052817344666,0.015228743,0.9467053,2.9078453e-06,2.9517292e-07,2.4397583e-08,4.888311e-05,7.426923e-06,1.0965118e-05,0.037111785,0.0008836933
5WT,horse,truck,0.2809668481349945,0.024973406,0.09790488,0.09452809,0.050218463,0.11389136,0.037895713,0.08417935,0.11664499,0.098796934,0.28096685,horse,0.650894820690155,0.0003305948,1.0632316e-05,0.0028536124,0.00033450164,0.18291803,0.14846717,9.338831e-06,0.6508948,0.0016956804,0.0124856355
5WW,deer,cat,0.180933803319931,0.017964907,0.069307886,0.14615218,0.1809338,0.08215428,0.13234138,0.17786615,0.13254458,0.024079671,0.036655214,cat,0.8367621898651123,1.3839477e-06,1.316166e-07,0.00012041539,0.8367622,0.00086452754,0.13492279,0.014998306,0.012329772,4.2642841e-07,3.0347405e-08
5WY,airplane,truck,0.2136628329753875,0.08075234,0.07348109,0.14651294,0.043948684,0.065496854,0.051106885,0.052276146,0.12804632,0.14471598,0.21366283,bird,0.5655906796455383,1.6969725e-05,2.015225e-06,0.5655907,1.0517637e-05,2.7107897e-05,4.0187374e-06,3.1918768e-07,4.6063036e-05,0.42839894,0.0059033916
5X0,cat,bird,0.1842536926269531,0.042062793,0.09704024,0.1842537,0.080919445,0.086976126,0.053681534,0.09128142,0.12512416,0.082775705,0.15588489,bird,0.8839901089668274,0.0041259215,5.5915084e-06,0.8839901,0.067455806,0.012188043,0.0010916663,0.029126603,0.000270021,0.001702148,4.4123375e-05
5X2,automobile,frog,0.1571537405252456,0.010276417,0.15088332,0.106074244,0.11587652,0.12955125,0.07935411,0.15715374,0.13242099,0.023958068,0.094451375,automobile,0.9910818338394164,1.8805415e-06,0.99108183,3.1524783e-10,2.3013163e-08,9.560863e-07,6.6974703e-12,0.008431521,9.742127e-11,5.999409e-11,0.00048382906
5X4,airplane,airplane,0.1999389082193374,0.19993891,0.08918868,0.056364927,0.07936451,0.07882632,0.14111476,0.06381022,0.08483093,0.1423256,0.06423518,deer,0.4768795669078827,0.0032955168,4.668662e-05,0.009002299,0.018965095,0.47687957,0.4353563,0.042358983,1.6970726e-07,0.01148006,0.0026153591
5X6,bird,dog,0.1434552371501922,0.052343708,0.09554366,0.097645745,0.10467046,0.13174398,0.14345524,0.1119674,0.123152494,0.067855306,0.07162197,deer,0.9074920415878296,0.00027901452,7.443962e-10,0.08104989,0.0032117958,0.90749204,0.007736394,9.144664e-05,2.4050626e-06,0.000137066,2.0421e-10
5X8,airplane,airplane,0.639299750328064,0.63929975,0.028630188,0.040279128,0.015880106,0.017455686,0.03264193,0.012280344,0.07378441,0.098580204,0.041168254,airplane,0.9999994039535522,0.9999994,2.2047929e-15,2.5904174e-09,6.214763e-13,2.0001949e-07,2.5597725e-14,1.1835644e-08,5.498704e-16,4.1546267e-07,2.285794e-14
5XA,truck,truck,0.2615873515605926,0.014325094,0.2028353,0.06752707,0.059067428,0.120565794,0.029593049,0.081706956,0.078735575,0.08405645,0.26158735,truck,0.9948333501815796,2.2736976e-06,0.0048958003,1.1646061e-06,2.6096143e-07,2.2952892e-05,1.7739115e-06,2.9758934e-07,2.6939074e-06,0.00023945901,0.99483335
5XC,truck,truck,0.3424923717975616,0.02968453,0.16379017,0.05242439,0.03547304,0.101642504,0.024060203,0.04780608,0.07271308,0.12991364,0.34249237,truck,0.9980985522270204,4.9777227e-05,0.0015662309,3.187298e-07,4.1542285e-06,1.7416327e-06,2.545993e-08,6.760289e-07,2.2117197e-07,0.0002782941,0.99809855
5XE,automobile,bird,0.1829661428928375,0.027222281,0.12499272,0.18296614,0.16350843,0.055581998,0.08066382,0.16162689,0.06804254,0.061220884,0.074174345,airplane,0.8575566411018372,0.85755664,0.1174232,0.015160025,0.0033456164,2.1710584e-05,1.340463e-07,1.8321836e-05,1.5894342e-08,0.0032220383,0.0032523936
5XG,frog,frog,0.3142646849155426,0.004162576,0.048634905,0.07972825,0.25866935,0.05594552,0.16207452,0.31426468,0.04276842,0.019052543,0.0146992,dog,0.7690626978874207,3.1932163e-06,0.0052642925,0.014883126,0.18883647,0.0026817988,0.7690627,0.002947015,0.015182377,0.0011256519,1.3346166e-05
5XJ,dog,frog,0.2654302418231964,0.0057072057,0.052883983,0.13544792,0.2396445,0.04657768,0.11752533,0.26543024,0.094466165,0.01906597,0.023251003,frog,0.4925611615180969,1.8956773e-05,0.00012969326,1.83136e-05,0.0029116978,0.0011260764,0.37730172,0.49256116,0.12593172,3.02402e-08,6.966047e-07
5XM,bird,ship,0.3376902937889099,0.12325303,0.07980756,0.079505496,0.023861766,0.05301426,0.033965603,0.030796727,0.04900662,0.3376903,0.18909867,ship,0.9343796372413636,0.0001491378,5.345515e-07,0.06547012,2.5168775e-13,2.4479294e-07,1.6958293e-08,1.9921776e-08,1.6847964e-12,0.93437964,3.9097287e-07
5XP,frog,deer,0.1218627020716667,0.048810102,0.113924816,0.09538617,0.0941731,0.1218627,0.07798043,0.11921831,0.12020236,0.090101555,0.118340455,frog,0.8830007910728455,0.00043828812,0.0019307055,0.00043570844,0.06958035,0.017077232,0.025537355,0.8830008,0.00019615258,0.0012356526,0.00056787056
5XR,dog,horse,0.1596148312091827,0.11333202,0.07886826,0.091611035,0.07034991,0.09699845,0.15728064,0.08021508,0.15961483,0.079563156,0.072166584,frog,0.973202347755432,1.1225684e-05,1.7148314e-07,7.8582285e-05,9.028753e-07,0.0014658279,0.025240708,0.97320235,2.1483979e-07,8.615402e-09,1.0156924e-08
5XT,automobile,frog,0.2116469293832779,0.007935254,0.17185614,0.1010821,0.16366136,0.09549566,0.10506175,0.21164693,0.051771346,0.037880957,0.05360858,automobile,0.9547874927520752,0.00040583205,0.9547875,3.1053087e-09,1.2755744e-08,2.9635303e-09,6.0595187e-07,3.5034236e-07,1.1538767e-06,0.0017315821,0.04307307
5XW,deer,frog,0.2393372803926468,0.005720901,0.071039364,0.08917712,0.20894846,0.08307674,0.18372628,0.23933728,0.084429845,0.017270394,0.01727366,deer,0.7181927561759949,8.972187e-07,0.0012112269,0.01390482,4.6640766e-05,0.71819276,0.262569,0.0010287204,0.0030420085,3.828266e-06,1.5426824e-07
5XY,ship,truck,0.1943469643592834,0.038943373,0.06997843,0.16391948,0.07582253,0.07203214,0.042992685,0.11589112,0.07405923,0.15201406,0.19434696,ship,0.9959412813186646,0.0022488746,1.0317515e-06,0.0006724767,3.4040728e-05,0.00051631726,7.62671e-06,0.00053047406,2.8763596e-08,0.9959413,4.790729e-05
5Y0,cat,ship,0.1806428730487823,0.107051976,0.14072181,0.12879035,0.13009952,0.033686087,0.09339142,0.076561674,0.040779047,0.18064287,0.06827515,ship,0.8891627192497253,0.0023293153,0.033579074,0.000108864275,0.0067787226,1.901387e-05,1.29495775e-05,3.622578e-06,7.996222e-10,0.8891627,0.06800579
5Y2,deer,bird,0.1611380875110626,0.033415016,0.085174315,0.16113809,0.08719531,0.08225146,0.09875735,0.13922273,0.13186018,0.04472965,0.13625583,truck,0.8849297761917114,0.01759569,0.0022155284,0.000110559886,0.008833147,3.773864e-05,0.00016892473,0.015873522,0.069517314,0.00071772677,0.8849298
5Y4,cat,ship,0.136033222079277,0.05149673,0.10900692,0.09199983,0.1123616,0.09347066,0.0988187,0.13287294,0.075502545,0.13603322,0.09843686,cat,0.9538809061050416,0.0001461805,0.00015449767,7.619981e-06,0.9538809,0.010629707,0.024092993,0.008842562,1.093457e-07,0.0021494408,9.5978656e-05
5Y6,bird,dog,0.2802469134330749,0.032325495,0.039622013,0.10323883,0.13379067,0.07841768,0.2802469,0.1653537,0.12661563,0.022979153,0.017409964,frog,0.981623649597168,1.5806839e-06,7.6586675e-09,0.0007374446,0.00027772074,0.0024369848,0.0145303095,0.98162365,0.00039227214,1.2927097e-07,9.402398e-11
5Y8,frog,frog,0.3274127840995788,0.0044158488,0.044142675,0.07740631,0.23702215,0.05510894,0.17138633,0.32741278,0.05397464,0.016211122,0.012919199,dog,0.9006921648979187,2.7609354e-07,1.6699401e-05,5.8119867e-06,0.002866919,1.1847743e-06,0.90069216,0.096394345,2.2303932e-06,2.0366175e-05,8.331659e-09
5YA,truck,truck,0.4047164916992187,0.01100113,0.1125777,0.067761354,0.040093258,0.09950362,0.021186868,0.06924163,0.07976596,0.094152026,0.4047165,truck,0.9956626296043396,1.3384947e-08,0.00430118,9.78871e-10,4.118828e-09,2.0491285e-08,6.214665e-08,1.1603603e-07,3.906665e-08,3.593705e-05,0.9956626
5YC,frog,frog,0.4720243513584137,0.0004688099,0.032351103,0.13631576,0.19561306,0.05013152,0.049032167,0.47202435,0.024234615,0.012624742,0.027203824,frog,0.9612451791763306,8.135694e-06,0.00039798126,0.013331148,0.024993883,6.859486e-06,8.615407e-06,0.9612452,4.448768e-06,9.604825e-09,3.789689e-06
5YE,deer,frog,0.2992782890796661,0.0015099329,0.048886698,0.24026202,0.13491425,0.07899329,0.0425732,0.2992783,0.07384195,0.017693914,0.062046513,deer,0.9046241641044616,0.019241558,0.0013143681,0.0090022115,0.008582011,0.90462416,3.300521e-06,0.055942494,0.0012437544,1.5306217e-05,3.0751173e-05
5YG,truck,truck,0.3213509023189544,0.01465202,0.1370513,0.066160865,0.035137136,0.12246849,0.02882555,0.07325898,0.083966814,0.11712799,0.3213509,automobile,0.503516674041748,0.0004977003,0.5035167,2.998154e-05,7.4627354e-07,0.0029086529,0.0023513557,4.9740794e-07,0.00031135755,0.0029568616,0.48742622
5YJ,deer,frog,0.2747595310211181,0.004183328,0.07304538,0.1131387,0.13791122,0.13094822,0.103329405,0.27475953,0.10074941,0.016983386,0.044951472,bird,0.650821328163147,4.2609603e-08,3.4156412e-06,0.6508213,5.395878e-05,0.30000415,1.0737337e-05,0.049065117,4.1288076e-05,2.6068307e-11,1.8237123e-10
5YM,airplane,airplane,0.6623924374580383,0.66239244,0.039039582,0.020213168,0.017900158,0.013039368,0.03105604,0.00953379,0.035891365,0.13430625,0.036627743,airplane,0.9994957447052002,0.99949574,5.3649706e-11,3.4416492e-09,1.4662301e-09,3.5557805e-06,5.443904e-13,2.064963e-07,1.590375e-14,0.0005004496,7.3313324e-09
5YP,dog,frog,0.2561421692371368,0.0044227336,0.051950596,0.12125784,0.1621128,0.08349852,0.12969758,0.25614217,0.15129657,0.009861904,0.029759314,horse,0.5910210609436035,7.2468566e-08,2.657471e-06,0.013391571,0.0001156619,0.33821696,0.0013790218,0.055872895,0.59102106,2.273623e-12,3.2218126e-09
5YR,truck,truck,0.2542719841003418,0.06993449,0.10486702,0.09617793,0.04554198,0.054539736,0.0443534,0.04598251,0.20901367,0.0753173,0.25427198,truck,0.9995224475860596,6.748011e-07,8.090018e-05,2.5924017e-05,3.8280745e-05,1.405136e-05,2.952699e-10,9.669924e-07,0.0003165703,2.3539657e-07,0.99952245
5YT,cat,bird,0.2481893897056579,0.0023539076,0.05814505,0.24818939,0.19400625,0.057249658,0.05534686,0.24395509,0.08886264,0.0123942,0.039496955,cat,0.9997500777244568,3.24335e-08,6.67441e-08,0.00024120745,0.9997501,3.797394e-06,2.4625633e-08,4.727565e-06,7.4380453e-09,1.5591696e-10,1.3784e-10
5YW,frog,frog,0.2236453741788864,0.0022004226,0.08083247,0.16431336,0.10952692,0.12434476,0.039286725,0.22364537,0.11211444,0.020004956,0.12373054,horse,0.9900808930397034,1.294336e-09,0.0004301771,1.3982591e-06,0.0049766446,0.00020032632,2.7397255e-07,0.0042740298,0.9900809,1.32740425e-11,3.6285222e-05
5YY,frog,frog,0.2772069871425628,0.0041254037,0.09092485,0.064475976,0.2233954,0.08730513,0.17593737,0.277207,0.044943057,0.015993468,0.015692433,dog,0.5740553140640259,7.778731e-05,0.21826257,3.02308e-05,0.015968923,0.0010540292,0.5740553,0.18709093,0.00012135007,0.0017489515,0.0015900553
5Z0,bird,horse,0.2104680240154266,0.060185928,0.0787719,0.20589055,0.052075576,0.090454586,0.08153377,0.06384314,0.21046802,0.038207117,0.11856945,horse,0.97505921125412,4.564763e-06,1.7462792e-08,0.015381605,8.887358e-05,0.008255439,0.001206798,1.5862657e-06,0.9750592,6.8072423e-09,1.7817254e-06
5Z2,bird,airplane,0.3177281618118286,0.31772816,0.061003484,0.080556035,0.03161718,0.056073777,0.07375268,0.0307751,0.17938627,0.08957369,0.0795336,airplane,0.9857818484306335,0.98578185,8.38795e-07,0.010415044,2.0649139e-07,1.8599128e-05,1.0690685e-08,0.0037835485,2.0816005e-08,3.955159e-08,2.4925995e-08
5Z4,horse,frog,0.204605758190155,0.014496632,0.058960322,0.12848401,0.14127891,0.092775844,0.15827043,0.20460576,0.14034225,0.024078395,0.036707394,bird,0.7395231127738953,2.8045446e-07,4.0105056e-06,0.7395231,0.0006162134,0.0027036534,0.035264097,0.15596862,0.06591926,6.670497e-07,9.80773e-08
5Z6,ship,ship,0.2085876613855362,0.06380675,0.0984373,0.12674652,0.048760574,0.08001239,0.057307724,0.07386882,0.051407617,0.20858766,0.19106466,bird,0.5193156599998474,0.29827252,0.0026893592,0.51931566,2.652885e-05,0.025755743,0.0008914199,0.010024821,8.118001e-10,0.14257415,0.00044985086
5Z8,automobile,truck,0.308156818151474,0.055551592,0.10587336,0.08136788,0.033504795,0.06505033,0.029777141,0.057838768,0.062887385,0.19999191,0.30815682,airplane,0.7067656517028809,0.70676565,0.007838118,1.3374066e-08,2.1052248e-11,2.250497e-05,1.8622922e-08,4.7692894e-05,1.3471115e-09,0.2713052,0.014020797
5ZA,bird,bird,0.209327146410942,0.03863953,0.084022515,0.20932715,0.062279034,0.093444705,0.05088793,0.099030286,0.14494632,0.054697827,0.16272466,frog,0.3013325333595276,0.16474141,0.00017817064,0.248657,0.0024224517,0.0039982935,0.014684182,0.30133253,0.00068253,0.25994247,0.0033609502
5ZC,automobile,truck,0.291979968547821,0.04078411,0.08277287,0.13656051,0.03214202,0.033450138,0.021181518,0.054056913,0.029937498,0.27713442,0.29197997,airplane,0.9799111485481262,0.97991115,0.014283112,5.4663647e-06,5.423793e-10,8.521448e-08,1.1801125e-12,7.570204e-08,9.888234e-13,0.0013782214,0.0044219303
5ZE,dog,bird,0.1773344725370407,0.0140487915,0.10069825,0.17733447,0.08113233,0.104724355,0.06792133,0.14384572,0.06867807,0.08029508,0.16132154,cat,0.481536865234375,0.0016322082,6.6393926e-07,0.06247503,0.48153687,0.07945118,0.37348226,0.0005273671,0.000466023,6.5926865e-06,0.00042185345
5ZG,horse,truck,0.1946475505828857,0.02700146,0.1565923,0.058247983,0.050058763,0.15669197,0.05039225,0.06438372,0.1778448,0.064139165,0.19464755,horse,0.946039378643036,1.4932178e-06,5.4285032e-05,7.3719184e-06,1.0363633e-05,0.05333609,0.00034580778,5.311267e-06,0.9460394,4.1081216e-06,0.00019565746
5ZJ,bird,dog,0.157839298248291,0.04085953,0.09748852,0.08917228,0.11406685,0.13077918,0.1578393,0.13133867,0.11879177,0.057544068,0.062119883,cat,0.7603144645690918,0.00034111942,2.6852417e-06,0.00039272418,0.76031446,0.08724115,0.13964233,0.011588138,9.2815324e-05,0.00038406914,5.3661927e-07
5ZM,deer,bird,0.1466608196496963,0.017419621,0.08116261,0.14666082,0.13120784,0.100030094,0.08362946,0.14293897,0.11402997,0.06792061,0.11500008,cat,0.5032731294631958,5.4260415e-08,7.094733e-06,0.0029249024,0.5032731,0.00082286535,0.447943,0.0016715444,0.043343786,8.5293884e-08,1.3539987e-05
5ZP,automobile,truck,0.2597958743572235,0.11131089,0.19961299,0.047197096,0.02142542,0.050991047,0.024231622,0.019655075,0.06250637,0.20327358,0.25979587,automobile,0.9992527365684508,0.0004898501,0.99925274,2.366826e-07,2.0184557e-13,1.0309981e-11,9.7925194e-14,2.0139968e-11,2.855518e-12,7.1857794e-06,0.00024992885
5ZR,horse,dog,0.2326192110776901,0.011607072,0.074231766,0.09788618,0.13752823,0.10587972,0.23261921,0.16312467,0.14528485,0.013704712,0.018133704,bird,0.4879142343997955,9.133763e-05,0.0020341221,0.48791423,1.6149748e-05,0.19304644,0.2955632,0.0011618581,0.020161869,9.545332e-06,1.2256186e-06
5ZT,cat,horse,0.1669092327356338,0.05234839,0.10251303,0.106972575,0.08321875,0.124077395,0.12403575,0.1019517,0.16690923,0.05330915,0.08466397,dog,0.8890682458877563,1.0319466e-05,0.0055206157,0.00037948642,0.06467256,0.025537813,0.88906825,0.0011409956,0.002329574,4.8735546e-07,0.011339766
5ZW,ship,ship,0.3211966156959533,0.06214571,0.054961007,0.092972785,0.01967343,0.029140536,0.02119979,0.030979428,0.06483427,0.32119662,0.30289647,ship,0.960997998714447,9.490684e-09,1.1395699e-06,1.10827315e-07,2.768729e-13,4.3575614e-08,4.951689e-14,3.3653588e-10,3.4520295e-12,0.960998,0.03900082
5ZY,truck,truck,0.3543394207954407,0.029576005,0.10678417,0.106048405,0.032185793,0.07328449,0.027453814,0.050700817,0.06740009,0.15222701,0.35433942,truck,0.808202862739563,2.3518065e-09,1.0373308e-05,1.9556799e-06,8.740909e-08,9.900096e-09,3.0079374e-07,2.8318141e-09,1.8273752e-07,0.1917842,0.80820286
600,automobile,truck,0.3232493996620178,0.021346824,0.12665243,0.07129155,0.04067965,0.10363608,0.024948802,0.062854074,0.062908985,0.16243216,0.3232494,automobile,0.5319241881370544,0.18134002,0.5319242,6.952142e-07,1.7677821e-06,0.00094139355,3.586213e-09,1.7369297e-06,1.8904561e-07,0.0030712113,0.28271884
602,frog,frog,0.2009568214416504,0.017012537,0.077310935,0.16843055,0.116678216,0.10475168,0.09903035,0.20095682,0.10373906,0.04173586,0.07035394,frog,0.9735486507415771,4.0009792e-05,9.22852e-06,0.0012988187,0.0009888401,0.00011711217,0.02396035,0.97354865,1.1159197e-05,2.5786729e-05,7.3868016e-08
604,cat,horse,0.1793258339166641,0.014746581,0.12022894,0.11630846,0.12642771,0.11293871,0.07461857,0.14730205,0.17932583,0.025975076,0.082128055,cat,0.754697859287262,1.9362649e-06,0.0006071088,1.5641019e-05,0.75469786,0.021671826,0.003433688,0.13673083,0.016778503,6.2605586e-06,0.06605639
606,airplane,airplane,0.1496760994195938,0.1496761,0.09219221,0.10672804,0.077235654,0.08298032,0.09856743,0.07202282,0.13322227,0.09782865,0.08954653,airplane,0.8000302314758301,0.80003023,1.0841572e-05,0.13175307,0.005935943,0.006232433,8.4629704e-05,0.054563288,0.0012087072,0.00013689885,4.4022076e-05
608,horse,dog,0.1989266872406005,0.016381526,0.057697862,0.109972835,0.16330905,0.070143506,0.19892669,0.18484603,0.16520186,0.013929663,0.01959092,horse,0.8539443016052246,3.88883e-06,7.244414e-05,0.03761737,0.0023443177,0.07710999,0.0024302108,0.026476435,0.8539443,4.113715e-08,1.0469969e-06
60A,ship,truck,0.2616112828254699,0.041943945,0.14747442,0.055603955,0.03949227,0.097831644,0.03903525,0.04389407,0.052682508,0.22043066,0.26161128,truck,0.4137459397315979,0.20643426,0.02053261,0.005234919,2.451499e-05,0.25076944,9.784854e-07,2.7989997e-09,7.702049e-09,0.103257254,0.41374594
60C,ship,dog,0.2326996475458145,0.14365552,0.07899378,0.09544205,0.107844226,0.05205619,0.23269965,0.088130355,0.12342418,0.04361629,0.03413781,airplane,0.6982255578041077,0.69822556,0.009041838,0.15660311,0.08905959,0.0001792474,0.011105488,0.0018638843,0.0020256764,0.0040128347,0.027882766
60E,horse,truck,0.2279654741287231,0.024334261,0.13169728,0.11130617,0.060036916,0.124353506,0.0448304,0.08125591,0.111427695,0.082792446,0.22796547,bird,0.5333324074745178,7.496528e-09,0.00045325316,0.5333324,0.00058545975,0.00011994452,8.925854e-05,1.6803706e-06,0.4650564,2.8361504e-07,0.00036142144
60G,dog,horse,0.1547384262084961,0.0605716,0.075102806,0.13312212,0.100103505,0.1122222,0.12957211,0.11084142,0.15473843,0.057346012,0.06637981,deer,0.6964449286460876,0.0012935534,6.2031694e-07,0.21959624,0.015987469,0.6964449,0.042631287,0.023438346,0.00028124067,0.0003262623,3.4234933e-08
60J,bird,frog,0.1984400749206543,0.013064846,0.09519486,0.12157261,0.12999173,0.13348998,0.088253096,0.19844007,0.095613204,0.041327737,0.0830518,deer,0.5427171587944031,5.7463094e-06,4.1531754e-07,0.45241076,0.0007944948,0.54271716,5.9698483e-05,0.0039339033,7.7714394e-05,7.778456e-08,6.191383e-09
60M,horse,truck,0.2069174498319625,0.0069631045,0.09993569,0.11933892,0.06899665,0.15276442,0.041725747,0.16031776,0.062242378,0.08079789,0.20691745,cat,0.9470072388648988,0.0036544153,0.012148558,0.006230302,0.94700724,0.012430944,0.016928991,0.00049247994,3.755262e-05,3.9418857e-05,0.0010301059
60P,airplane,airplane,0.461947500705719,0.4619475,0.03035963,0.10602203,0.029900938,0.026911581,0.06833272,0.02488894,0.15785934,0.052095868,0.0416814,airplane,0.9976558685302734,0.99765587,7.0846047e-13,0.0020541507,4.9988097e-07,0.0002748916,4.0640444e-08,1.3034582e-05,1.4329234e-09,1.3881678e-06,4.911719e-12
60R,cat,frog,0.2475432157516479,0.005745697,0.055282913,0.11972323,0.22133198,0.06797616,0.1221214,0.24754322,0.12342311,0.013822437,0.023029776,cat,0.5291789174079895,3.4270974e-07,0.00032419365,0.0073710317,0.5291789,0.012186079,0.25499424,0.05726876,0.13867363,1.3287109e-06,1.4265254e-06
60T,dog,frog,0.187511071562767,0.006214893,0.097863905,0.09978007,0.11179061,0.1619303,0.10159846,0.18751107,0.15041988,0.01770752,0.0651833,deer,0.7898626923561096,8.972959e-08,0.024870211,0.04258666,1.9276282e-05,0.7898627,0.0001849818,0.0033196267,0.13915443,4.4232958e-13,2.0174214e-06
60W,dog,truck,0.169606477022171,0.06150179,0.12176139,0.16522232,0.04868894,0.09496201,0.056945384,0.06558783,0.16148062,0.05424322,0.16960648,bird,0.9482216835021972,0.00011243434,2.1183193e-06,0.9482217,0.044664048,0.00013583591,0.0011513853,0.001465434,0.0042404444,3.028515e-08,6.6283737e-06
60Y,horse,frog,0.430743932723999,0.0015179308,0.03277111,0.09390599,0.25320435,0.048290536,0.07845653,0.43074393,0.024018707,0.018311374,0.018779542,frog,0.8506292700767517,1.228245e-05,3.1331522e-06,2.6760554e-06,0.14772862,0.0012981306,0.00031142775,0.85062927,1.4163503e-05,1.4353203e-07,1.8774814e-07
610,airplane,airplane,0.7707486748695374,0.7707487,0.02226463,0.018416619,0.012825007,0.009550367,0.03469499,0.007471969,0.043244388,0.06574538,0.015038077,airplane,0.9999992847442628,0.9999993,3.2336942e-15,2.3552253e-09,6.0473406e-12,4.9265475e-07,1.0113326e-13,1.9029847e-09,4.518557e-16,2.1373337e-07,1.1960032e-14
612,ship,ship,0.2182455062866211,0.09333325,0.12171067,0.07856601,0.06910303,0.082415,0.06495684,0.06920087,0.060464017,0.2182455,0.14200476,ship,0.9920863509178162,0.0006975108,1.6832388e-05,4.77184e-05,6.482168e-05,0.0042228536,0.002326916,4.601844e-05,2.4338062e-08,0.99208635,0.0004909134
614,frog,frog,0.3335838615894317,0.0012668964,0.052827347,0.1306236,0.22970693,0.06614984,0.080997534,0.33358386,0.07610989,0.007699848,0.021034265,deer,0.6661503911018372,0.15192395,0.046106145,0.004095822,0.020746296,0.6661504,0.00045004702,0.0682168,0.041043807,0.00017656689,0.0010901972
616,automobile,frog,0.3818303346633911,0.00084298203,0.070252016,0.10405223,0.20342651,0.078159794,0.07757486,0.38183033,0.046008844,0.009818302,0.02803409,automobile,0.8487285375595093,2.7894883e-05,0.84872854,7.2168116e-10,1.0914358e-07,9.608506e-07,8.64166e-10,8.1794016e-05,1.3818544e-07,1.242131e-07,0.15116052
618,bird,airplane,0.3692979216575622,0.36929792,0.061160073,0.05152557,0.031101845,0.050006967,0.068514794,0.03170085,0.09107874,0.16542347,0.08018982,airplane,0.9670484662055968,0.96704847,1.6965654e-08,0.027912296,1.2698129e-09,0.00048538332,1.6633131e-06,0.0045187115,1.5747224e-10,3.3454835e-05,1.7287935e-08
61A,cat,frog,0.2232138812541961,0.010876983,0.07760675,0.12005917,0.11988872,0.14152083,0.09281616,0.22321388,0.08227465,0.04501507,0.08672772,frog,0.9961828589439392,2.7216763e-06,6.410186e-07,0.0013873826,0.0005493037,0.0017357373,0.0001361549,0.99618286,9.1358646e-07,4.1379712e-06,9.7851704e-08
61C,airplane,airplane,0.4556672871112823,0.4556673,0.06547176,0.042583015,0.029080305,0.036669273,0.052846357,0.023390329,0.08040768,0.15090255,0.06298147,airplane,0.99284029006958,0.9928403,1.8046704e-10,8.382791e-06,1.7548023e-08,0.006059374,1.3457e-08,3.8284154e-05,3.1294505e-11,0.0010537304,1.7836667e-09
61E,automobile,dog,0.172789067029953,0.020608729,0.0950685,0.11992862,0.15233205,0.08208166,0.17278907,0.17023885,0.11593336,0.0296701,0.041349005,dog,0.5919193029403687,0.008514367,0.062353414,0.21544576,0.016686466,0.021523485,0.5919193,0.011475134,0.06034265,0.0017714733,0.009967965
61G,ship,ship,0.2558672130107879,0.08649974,0.12219648,0.06602086,0.04261083,0.075882494,0.034797285,0.04750115,0.056165613,0.2558672,0.21245833,airplane,0.5615538954734802,0.5615539,0.049328104,4.1210234e-07,2.1930781e-07,0.0003335105,2.1094233e-10,2.9787386e-06,1.1242498e-09,0.38696828,0.0018125426
61J,dog,frog,0.3555549383163452,0.0016558731,0.042867992,0.13003492,0.21164942,0.07151663,0.094769016,0.35555494,0.05846218,0.010088201,0.023400849,frog,0.3764311671257019,0.0023562098,0.0039437287,0.08090945,0.3198976,0.20526607,0.004101492,0.37643117,0.0070777326,5.4209954e-07,1.5982203e-05
61M,dog,frog,0.287024438381195,0.004154468,0.079315655,0.1539174,0.16941558,0.075594425,0.120557696,0.28702444,0.06376933,0.018638158,0.027612874,deer,0.6821625232696533,0.019094817,0.16682713,0.0024880692,0.00017566871,0.6821625,0.021903368,0.08942571,0.012696506,0.004015052,0.0012111613
61P,frog,frog,0.1502968221902847,0.02495198,0.09825926,0.123184524,0.11736936,0.13150941,0.10485171,0.15029682,0.10800579,0.056340564,0.085230626,frog,0.9042431116104126,0.0004534891,5.849743e-06,0.025920521,0.010063582,0.021870859,0.03708145,0.9042431,4.3614946e-06,0.00035521793,1.6069238e-06
61R,automobile,truck,0.4730295240879059,0.010826526,0.09826978,0.059394315,0.028686943,0.079297595,0.012096956,0.0606432,0.09392853,0.083826646,0.47302952,truck,0.9992743134498596,2.5123315e-09,0.0007158664,6.604113e-14,2.1797319e-12,9.1571556e-11,1.5605997e-13,3.309335e-08,4.8354327e-11,9.8391465e-06,0.9992743
61T,ship,ship,0.2270709574222564,0.08130888,0.09194267,0.08394998,0.10528413,0.07020429,0.10596921,0.09583555,0.053259704,0.22707096,0.08517457,ship,0.9770077466964722,0.0004099422,0.0004790992,0.002804455,0.0028779826,0.00093764113,0.00010528036,0.0003379987,3.2688272e-06,0.97700775,0.0150366565
61W,airplane,airplane,0.145852044224739,0.14585204,0.101711646,0.068070926,0.09057243,0.091712475,0.13344045,0.07629502,0.09826377,0.122766554,0.07131471,deer,0.4573422372341156,0.06008281,0.0016401788,0.027232144,0.16087148,0.45734224,0.013939822,0.2761171,7.7912495e-07,0.0021533752,0.00062006287
61Y,dog,ship,0.1440303474664688,0.048134346,0.09612162,0.10538189,0.123928115,0.09286424,0.10081735,0.110905156,0.07839401,0.14403035,0.09942289,deer,0.7898733019828796,1.7388815e-05,5.367309e-07,0.00475662,0.05378678,0.7898733,0.15074478,9.100762e-05,0.00072058005,8.880796e-06,3.1135276e-08
620,deer,bird,0.1466692835092544,0.051204864,0.119094126,0.14666928,0.07132694,0.11295358,0.07685646,0.088231705,0.110240884,0.09426552,0.12915665,deer,0.5220929980278015,0.115157865,0.0008246817,0.34545168,0.00010749227,0.522093,0.0019363543,0.0024113767,0.0041072313,0.00788723,2.3126586e-05
622,truck,ship,0.1956313401460647,0.1861386,0.1265879,0.044351283,0.035839457,0.06936979,0.047342945,0.030218504,0.086873956,0.19563134,0.1776462,truck,0.8905505537986755,0.010106467,0.050376244,3.710395e-05,2.0998216e-06,0.0010043145,3.8292126e-07,1.3117499e-06,2.907395e-10,0.047921527,0.89055055
624,horse,horse,0.3244665265083313,0.027566405,0.068581164,0.10760391,0.050724022,0.10866187,0.06373885,0.06107214,0.32446653,0.036432274,0.15115276,horse,0.9999512434005736,1.6961652e-09,1.7019969e-11,3.4656532e-05,7.351032e-09,1.554931e-07,1.39834065e-05,1.2712932e-08,0.99995124,4.8560858e-09,1.0182346e-09
626,cat,frog,0.2746485471725464,0.0054637752,0.08784541,0.13712253,0.21173224,0.052287463,0.055714317,0.27464855,0.022315111,0.08766919,0.065201454,dog,0.6703264117240906,1.5283912e-06,0.023063352,0.0043467544,0.2902606,0.00016898867,0.6703264,0.011739797,8.3218005e-08,1.9134328e-05,7.327534e-05
628,truck,horse,0.1627761572599411,0.010905304,0.0959277,0.15552786,0.10108903,0.10517914,0.06746547,0.14641319,0.16277616,0.034432083,0.12028403,automobile,0.911434769630432,4.821576e-08,0.91143477,2.4138963e-05,9.976361e-06,0.00018674905,3.8649273e-06,1.0192967e-05,0.010602048,7.132497e-06,0.07772104
62A,truck,truck,0.3723838627338409,0.03092072,0.13262714,0.09313602,0.025348151,0.093568645,0.024282008,0.049332656,0.09311739,0.0852834,0.37238386,truck,0.9977959394454956,5.459766e-06,0.0013747965,0.0003869367,0.00041152744,2.8964303e-07,9.934678e-09,2.3614717e-05,4.5413797e-09,1.4428593e-06,0.99779594
62C,deer,horse,0.2709676325321197,0.09383217,0.083910525,0.116043426,0.05879742,0.092710055,0.08037605,0.057632588,0.27096763,0.04761395,0.098116286,horse,0.7249601483345032,0.002131022,9.012465e-08,0.0047329613,0.034648243,0.017753277,0.019217638,0.19655529,0.72496015,8.71659e-08,1.3199589e-06
62E,deer,frog,0.2282569259405136,0.0055220216,0.09563208,0.12484673,0.11710857,0.14879788,0.083222106,0.22825693,0.076195665,0.031704333,0.088713676,bird,0.985029399394989,4.1321477e-05,0.0005684595,0.9850294,4.473989e-05,0.013115751,0.00035124947,0.0007956531,5.3256805e-05,1.3618692e-08,1.1989954e-07
62G,horse,horse,0.2443104684352874,0.010408093,0.03416962,0.2029202,0.12665144,0.056556206,0.09626824,0.16510862,0.24431047,0.016175386,0.047431756,horse,0.9994491934776306,2.7956382e-09,9.865744e-11,0.00042609478,5.125604e-05,1.0235484e-06,7.2269715e-05,6.078477e-08,0.9994492,8.5161105e-09,6.789094e-08
62J,dog,frog,0.2885328531265259,0.004815753,0.0871501,0.11321297,0.21288247,0.066913664,0.074177556,0.28853285,0.04522988,0.052592587,0.054492213,cat,0.9942544102668762,2.5635004e-06,2.9995874e-05,0.0008502832,0.9942544,0.000236375,0.00035370112,0.0040022316,1.0824095e-05,7.1095837e-06,0.000252518
62M,truck,truck,0.1788037717342376,0.023571055,0.15098648,0.054183256,0.06444541,0.15854591,0.07238934,0.0789165,0.062952384,0.15520594,0.17880377,automobile,0.5973044633865356,0.119800076,0.59730446,5.4991e-09,2.326743e-05,0.27643454,0.0012234403,9.177919e-10,9.201065e-06,0.0034088553,0.0017962129
62P,frog,frog,0.4237152934074402,0.0009641006,0.045032006,0.12731478,0.2216873,0.052771386,0.056045484,0.4237153,0.0226433,0.019987235,0.029839072,frog,0.9926552772521972,0.0014694997,0.0018650701,0.00018516151,0.00317136,0.00025283633,2.7940803e-06,0.9926553,1.160735e-06,1.5467776e-05,0.00038125302
62R,horse,frog,0.2830119132995605,0.007212864,0.04922924,0.1409417,0.17868525,0.07183243,0.10375184,0.2830119,0.0394721,0.063435234,0.062427383,dog,0.7988598346710205,5.9256705e-05,1.1860634e-07,0.0042260103,0.16760406,0.0005536971,0.79885983,0.019038636,0.009649864,3.4456557e-06,5.135785e-06
62T,ship,ship,0.3454236984252929,0.16107723,0.0711784,0.06634695,0.057830155,0.029178346,0.05868765,0.04404949,0.042268466,0.3454237,0.12395969,ship,0.999902367591858,7.7188015e-05,2.2757915e-08,1.4417587e-07,1.744944e-11,8.1883895e-09,3.08786e-13,6.5735695e-10,8.421628e-16,0.99990237,2.0234856e-05
62W,horse,dog,0.1627513319253921,0.13022481,0.10263986,0.11050575,0.085309274,0.073710695,0.16275133,0.077368416,0.08631378,0.099105634,0.072070405,dog,0.9164021611213684,0.0016972991,8.940593e-07,0.06162397,0.0023403938,0.01651834,0.91640216,3.8582097e-05,3.0446903e-05,0.00035993537,0.0009879898
62Y,cat,bird,0.1379819512367248,0.06832423,0.10886742,0.13798195,0.0624128,0.10851662,0.08241754,0.07463128,0.12956111,0.09116553,0.13612157,deer,0.5711271166801453,0.0004278095,0.00049701694,0.41882795,0.0006634927,0.5711271,2.5621597e-07,1.5806377e-06,0.008437813,3.0682486e-06,1.3863531e-05
630,dog,frog,0.2113163471221923,0.014568964,0.07166383,0.10677769,0.17145978,0.09739703,0.16184255,0.21131635,0.088094205,0.036618218,0.04026134,horse,0.8947779536247253,1.4343216e-05,0.0004164456,0.03543434,0.017888699,0.008166434,0.039005887,0.0042598443,0.89477795,1.3691574e-07,3.590326e-05
632,airplane,airplane,0.7956112623214722,0.79561126,0.02018449,0.014640562,0.009090031,0.0062350584,0.021486962,0.0053312695,0.022160398,0.08953508,0.015724827,airplane,0.9999911785125732,0.9999912,1.8789306e-13,7.542679e-07,7.31512e-11,7.0174447e-06,5.483366e-13,6.8714934e-07,1.4686495999999998e-18,3.5001128e-07,1.4764783e-13
634,bird,frog,0.1347057968378067,0.041890673,0.09492229,0.10751395,0.11579166,0.13034618,0.11882754,0.1347058,0.1083185,0.06918884,0.07849463,deer,0.8199613690376282,0.0009060719,2.7853048e-06,0.11785039,0.008394286,0.81996137,0.0033199934,0.049515154,2.2835861e-06,4.7643636e-05,3.9702513e-08
636,airplane,airplane,0.2634822726249695,0.26348227,0.09051511,0.061009854,0.05530713,0.07389055,0.11799415,0.04165394,0.12169644,0.11047308,0.06397751,bird,0.5522424578666687,0.0043194746,1.7507573e-07,0.55224246,0.009297179,0.40106612,0.012209326,0.020645412,8.027152e-05,9.327044e-05,4.6237077e-05
638,dog,frog,0.3930464088916778,0.0019004615,0.035656143,0.050495405,0.24218513,0.05099934,0.16376436,0.3930464,0.046007875,0.008800521,0.007144328,frog,0.9864332675933838,1.8465613e-09,2.194098e-06,4.5255283e-07,2.2448137e-05,0.00037341166,0.013165815,0.98643327,2.3555e-06,1.5288623e-10,3.4882383e-10
63A,bird,frog,0.1944189965724945,0.008808219,0.08172582,0.12670441,0.12719046,0.13723174,0.11388598,0.194419,0.12904938,0.028788233,0.05219682,deer,0.844447910785675,1.9518343e-06,5.856818e-06,0.023570668,8.71923e-06,0.8444479,0.0018732366,0.0013290072,0.12876242,2.5959164e-07,3.739078e-11
63C,truck,truck,0.3374711871147156,0.022463169,0.1260469,0.08996071,0.043736745,0.09673733,0.0287619,0.06549768,0.10483684,0.08448748,0.3374712,truck,0.996552348136902,3.3947651e-09,0.0016641223,4.7536792e-05,0.0009188982,3.1489886e-05,8.413114e-06,0.0007063093,7.078889e-05,1.722939e-08,0.99655235
63E,deer,frog,0.139076218008995,0.036626283,0.13350311,0.11800901,0.12859823,0.083784,0.07646389,0.13907622,0.070579864,0.1136684,0.099691026,frog,0.5007427930831909,0.0031997925,0.00062051776,0.00017783829,0.0023732497,0.003274524,9.064075e-06,0.5007428,1.4326626e-07,0.48951012,9.193404e-05
63G,cat,dog,0.2479502111673355,0.03847357,0.035776995,0.13992856,0.194461,0.033189293,0.24795021,0.18857178,0.09173142,0.018518908,0.011398173,cat,0.9211502075195312,5.4637812e-06,6.8643863e-10,0.06255869,0.9211502,6.974338e-05,0.010267282,0.005945498,3.091435e-06,7.103583e-09,2.4981312e-11
63J,bird,bird,0.2537401616573334,0.0021632533,0.06030416,0.25374016,0.100561045,0.09473358,0.05603514,0.216311,0.1385636,0.010803041,0.06678496,bird,0.8139215707778931,6.219558e-06,0.100070916,0.8139216,0.0016248263,0.012847111,0.00012799313,0.008609129,0.062153727,5.3432053e-05,0.00058514724
63M,bird,frog,0.1794898360967636,0.011198719,0.11004359,0.14487043,0.07352318,0.11348167,0.043735873,0.17948984,0.043624446,0.10082339,0.17920889,frog,0.8285107016563416,0.00039428577,1.637474e-05,0.06569776,0.00019351998,0.1050395,4.6456043e-05,0.8285107,1.3396117e-07,7.707529e-05,2.4202676e-05
63P,cat,airplane,0.1637307554483413,0.16373076,0.080445535,0.09267064,0.061910227,0.073849484,0.115829945,0.059869293,0.16340628,0.09372726,0.09456054,frog,0.744432270526886,0.015631419,0.00012906145,0.23676741,0.00054925523,7.24362e-05,0.00069222314,0.7444323,9.9376386e-08,9.651056e-07,0.001724931
63R,airplane,airplane,0.1739573627710342,0.17395736,0.09994458,0.15281975,0.08657992,0.027558174,0.07632052,0.06394205,0.07769146,0.15408902,0.087097175,ship,0.9826830625534058,0.01680694,2.3454152e-06,0.00011064418,8.442915e-05,0.00026497597,3.7455207e-05,8.62378e-06,2.65379e-12,0.98268306,1.5709803e-06
63T,bird,ship,0.2342983186244964,0.14734481,0.07879796,0.103681296,0.055525023,0.04548168,0.10424452,0.06636276,0.052542455,0.23429832,0.111721165,deer,0.5673127770423889,0.0049268515,0.009046178,0.009652118,4.4135446e-05,0.5673128,0.4077543,0.00095639215,8.895357e-05,0.00010455875,0.00011383131
63W,deer,horse,0.1849043369293213,0.035487927,0.07988526,0.11530338,0.058260363,0.12575649,0.085360736,0.10158096,0.18490434,0.06652332,0.14693722,horse,0.8628154993057251,1.6558305e-08,1.8929846e-08,2.200711e-07,1.4306198e-07,0.0010100056,0.13606647,7.972565e-05,0.8628155,2.4187562e-05,3.7630666e-06
63Y,frog,truck,0.1870052963495254,0.013394015,0.11287557,0.15018377,0.067386046,0.1390887,0.042217728,0.12070737,0.11200724,0.055134214,0.1870053,deer,0.8615584969520569,0.00011794314,4.5437534e-07,0.13574877,2.9967234e-05,0.8615585,0.0014750017,0.00028098383,0.00077401067,1.4388463e-05,1.6062446e-08
640,dog,bird,0.1875479072332382,0.0306714,0.09874331,0.1875479,0.10122415,0.08935862,0.0838803,0.11728885,0.09955172,0.06931978,0.12241405,dog,0.3525365889072418,0.0014666172,0.042523675,0.10945369,0.22944331,0.0007465986,0.3525366,0.004072008,0.12670313,0.07313875,0.05991569
642,frog,frog,0.21335369348526,0.003021163,0.08766002,0.15404412,0.1040666,0.12621322,0.050879203,0.2133537,0.17292398,0.0119498465,0.075888135,deer,0.5506128072738647,2.1167364e-07,0.0010652714,0.00053467986,6.9544485e-06,0.5506128,3.5807123e-05,0.013775129,0.43396723,3.7216827e-09,1.9428999e-06
644,bird,horse,0.2597085237503052,0.03413992,0.073813975,0.14665245,0.07795673,0.104184255,0.14765762,0.09394947,0.25970852,0.022706121,0.039230954,horse,0.848423957824707,2.296992e-06,2.8538476e-08,0.09584621,0.00017559962,0.01684359,0.03865162,5.660762e-05,0.84842396,2.3192326e-08,5.7889175e-12
646,bird,horse,0.1920516937971115,0.01557097,0.054178096,0.13127252,0.15013961,0.07448296,0.1679279,0.1783272,0.1920517,0.013449526,0.022599565,deer,0.9701232314109802,1.3986795e-06,1.3001206e-08,0.010679246,1.994781e-05,0.97012323,1.40718685e-05,0.00038261813,0.018779572,5.1957482e-08,1.828531e-10
648,horse,frog,0.2677471041679382,0.006448598,0.044619758,0.13988626,0.14553636,0.10725736,0.1361639,0.2677471,0.084894516,0.026442492,0.041003678,bird,0.9330361485481262,8.902026e-08,1.5225387e-08,0.93303615,0.0010476494,0.0041278643,0.0013258479,0.002886012,0.05757637,1.4879296e-09,1.2201684e-09
64A,automobile,automobile,0.1722189933061599,0.064185634,0.172219,0.11683377,0.08613173,0.09530538,0.08071119,0.08230083,0.13789934,0.058632746,0.105780415,automobile,0.6098502278327942,0.36972216,0.6098502,0.014186455,0.0011457177,1.257163e-05,6.773644e-08,1.2496396e-05,1.219153e-06,0.00023105882,0.004838051
64C,ship,truck,0.2308822572231292,0.058000036,0.12880498,0.065437935,0.041613717,0.11205283,0.04270545,0.056994162,0.09486001,0.16864862,0.23088226,ship,0.9959235191345216,0.00044360774,0.00037980563,2.7869322e-07,2.2533136e-07,0.00084047596,2.6143346e-06,8.778391e-08,5.599176e-10,0.9959235,0.0024093718
64E,airplane,truck,0.3336375653743744,0.05048225,0.057879675,0.11130498,0.03127581,0.05419176,0.021693757,0.047858745,0.18220589,0.10946949,0.33363757,airplane,0.7283403277397156,0.7283403,0.0033702787,1.3014062e-07,0.0009279871,0.00021856387,6.6139216e-07,0.006151734,2.0769714e-05,0.003141222,0.2578283
64G,truck,truck,0.3620082139968872,0.013627589,0.09469765,0.09852664,0.04445556,0.09362623,0.024615536,0.08081781,0.06753403,0.12009068,0.3620082,truck,0.933645725250244,2.1416694e-08,0.06634808,7.321775e-08,2.5153316e-10,7.519444e-09,3.326678e-10,3.2328035e-08,6.2692274e-09,6.1329993e-06,0.9336457
64J,airplane,ship,0.2640441954135895,0.2564003,0.056282524,0.11015104,0.047914214,0.01812775,0.06288938,0.047024168,0.054020178,0.2640442,0.083146304,ship,0.9994599223136902,0.0005388918,6.020128e-11,5.7195746e-07,1.4431858e-08,2.4794576e-07,7.4662324e-08,3.1280544e-07,1.938645e-14,0.9994599,1.3562719e-09
64M,horse,truck,0.1705455929040908,0.032720856,0.081527434,0.08606182,0.074208565,0.11734609,0.068436064,0.11626856,0.13532941,0.117555685,0.1705456,automobile,0.6392799019813538,0.00036935767,0.6392799,1.9168794e-05,0.034445304,0.014463124,0.004664236,0.1813269,0.01086526,0.00035639422,0.11421026
64P,automobile,frog,0.2314953953027725,0.0075037633,0.05035663,0.15119594,0.20845053,0.04814441,0.15849781,0.2314954,0.120312415,0.008684447,0.015358592,cat,0.7655079960823059,9.99456e-06,3.76327e-05,0.2338954,0.765508,3.4343317e-05,0.00012850863,0.00016023048,0.000120179575,0.000105607156,1.5157468e-07
64R,cat,frog,0.2066284567117691,0.014208613,0.06741934,0.107484765,0.17617258,0.0811582,0.14405736,0.20662846,0.14952889,0.022256074,0.031085642,frog,0.7491332292556763,5.880277e-05,0.0011807524,0.00014054768,0.0036916677,0.05546674,0.00035083818,0.7491332,0.18997125,1.5690347e-09,6.205484e-06
64T,truck,truck,0.4286741912364959,0.015713848,0.09495397,0.07385121,0.030905377,0.0914699,0.017354328,0.051864274,0.10808773,0.08712519,0.4286742,truck,0.9999490976333618,5.1581974e-08,3.536241e-05,1.5237028e-07,1.2125853e-05,1.5178038e-06,5.6572457e-08,1.65302e-08,5.09463e-07,1.1600717e-06,0.9999491
64W,frog,airplane,0.1409988850355148,0.14099889,0.0975556,0.07666718,0.054426223,0.097983316,0.1063756,0.06116286,0.138244,0.12078987,0.105796434,dog,0.4829976260662079,0.00026367517,1.88158e-06,0.11893088,3.5507703e-06,0.025566733,0.48299763,0.37223312,7.513365e-07,1.1978634e-06,5.825684e-07
64Y,truck,deer,0.1673709452152252,0.016324343,0.115381345,0.082481176,0.09721769,0.16737095,0.08789175,0.14402276,0.12854475,0.04951921,0.11124598,cat,0.3687843680381775,0.2712145,0.0072620614,0.0008443333,0.36878437,0.23630296,0.0004478361,0.11512956,7.221923e-08,7.5314224e-06,6.8021136e-06
650,horse,dog,0.2359603643417358,0.008959961,0.052626092,0.09927076,0.15736614,0.07348974,0.23596036,0.20856893,0.14219151,0.009788577,0.011777876,horse,0.9940231442451476,6.0544494e-06,2.4483754e-06,1.646051e-05,2.1724681e-07,0.0015063935,0.0044125244,2.7120372e-05,0.99402314,5.666682e-06,4.492349e-09
652,truck,truck,0.1896710991859436,0.036724314,0.1480482,0.09989527,0.07483537,0.108323835,0.060623646,0.091477044,0.11750434,0.072896965,0.1896711,truck,0.9938737154006958,0.00048449612,0.005528251,1.9048208e-05,3.53652e-07,3.989328e-07,1.0169768e-08,4.057079e-06,5.261955e-06,8.4540945e-05,0.9938737
654,frog,truck,0.1927026510238647,0.037022207,0.118834935,0.10313924,0.05801798,0.121113315,0.04490002,0.08298192,0.18086882,0.060418855,0.19270265,frog,0.9823424220085144,1.1500604e-06,0.00017734498,0.00028364305,0.015523818,0.00041279642,0.00074091356,0.9823424,0.000336785,1.6708722e-06,0.00017946814
656,cat,cat,0.3063869774341583,0.0029792972,0.043097574,0.09232606,0.30638698,0.04324655,0.16119933,0.29594266,0.02555486,0.018675664,0.010591051,dog,0.9845920205116272,4.089353e-06,3.0217294e-07,9.235075e-06,0.013375517,0.00067727116,0.984592,2.1714322e-05,0.0013107038,9.059605e-06,6.4867116e-09
658,deer,horse,0.3714432716369629,0.06643098,0.035093624,0.19062988,0.05293834,0.044703647,0.13403964,0.06463955,0.37144327,0.013813643,0.026267467,horse,0.9055267572402954,0.00018099163,8.884932e-09,0.084650606,0.00025084143,0.0031511874,0.002496319,0.0037432502,0.90552676,3.7628972e-10,1.8594998e-10
65A,ship,airplane,0.3994815051555633,0.3994815,0.08001677,0.032669183,0.02772154,0.037135806,0.053336125,0.02240824,0.060812324,0.21066806,0.075750545,airplane,0.758243978023529,0.758244,0.035412595,0.0051296568,1.32731e-05,0.00083494454,1.3768335e-08,1.5673974e-06,1.6324148e-13,0.17208593,0.028278032
65C,frog,frog,0.256357878446579,0.004154469,0.06465792,0.21667571,0.09778056,0.07155357,0.042719826,0.25635788,0.03178497,0.08225407,0.13206102,bird,0.4913045167922973,0.02120651,0.0389737,0.49130452,0.00035663095,0.00017591334,0.010272701,0.38099307,1.8343978e-06,0.048945982,0.0077691157
65E,bird,dog,0.1662917584180832,0.107447326,0.07903653,0.08840107,0.08301138,0.10201574,0.16629176,0.09018146,0.13592374,0.08873432,0.05895656,frog,0.4874856472015381,0.2621086,0.004737694,0.08756175,0.00049949664,0.15644604,0.0008911457,0.48748565,3.873615e-05,5.238203e-05,0.00017860721
65G,horse,frog,0.1527919769287109,0.010139058,0.08603273,0.14970145,0.09671428,0.15066051,0.07210504,0.15279198,0.12936683,0.036973916,0.11551425,deer,0.3440932333469391,0.0053443937,0.00016282474,0.32775548,0.00060548855,0.34409323,0.0069688265,0.006333344,0.3086599,6.530414e-05,1.1177912e-05
65J,horse,frog,0.3412354588508606,0.00084005896,0.08023001,0.08985768,0.19809605,0.08989612,0.09392236,0.34123546,0.07054391,0.0074334587,0.027944902,frog,0.7545428276062012,0.00038041754,0.013003197,0.00023176834,0.0004810416,0.004950031,0.1272168,0.7545428,0.0939449,7.1920012e-06,0.005241807
65M,horse,bird,0.1774684190750122,0.04728784,0.079770386,0.17746842,0.072370574,0.079028584,0.06719777,0.08200089,0.15049228,0.08361944,0.1607638,cat,0.6606842875480652,0.0001311061,4.3775388e-05,0.01982206,0.6606843,6.813823e-05,0.20827062,8.3211504e-05,0.08254201,0.0077947066,0.0205601
65P,truck,truck,0.3319240510463714,0.06792458,0.09577505,0.062241785,0.033735372,0.065503776,0.029416502,0.042045712,0.11459781,0.15683538,0.33192405,truck,0.998114824295044,9.19541e-06,0.0016874715,5.3506193e-07,3.24819e-08,9.1985186e-07,5.571261e-09,1.9379287e-09,5.662116e-07,0.00018648873,0.9981148
65R,cat,airplane,0.1920488178730011,0.19204882,0.095266685,0.07448552,0.033272997,0.08525465,0.075168416,0.040222887,0.1376523,0.13416041,0.13246723,ship,0.9858242273330688,0.0027451215,0.00043603318,7.863259e-05,1.9115629e-05,0.009408787,0.00067011843,7.817748e-06,5.868376e-08,0.9858242,0.00081012066
65T,horse,truck,0.1716108918190002,0.0054708375,0.07106168,0.1679787,0.08679679,0.12248498,0.0422825,0.16387221,0.13371375,0.034727637,0.17161089,horse,0.9999085664749146,2.425034e-07,1.4624436e-06,1.35019945e-05,7.27675e-07,4.6332072e-05,9.319015e-07,8.4239e-06,0.99990857,8.191748e-10,1.9821757e-05
65W,automobile,truck,0.3116888999938965,0.02959328,0.16148162,0.10223645,0.049326845,0.07707434,0.023480272,0.06700398,0.07206994,0.10604433,0.3116889,automobile,0.6687283515930176,0.00040479522,0.66872835,8.220863e-07,9.3293316e-08,2.732825e-07,1.00194304e-10,3.4465228e-07,2.3128102e-08,5.6329775e-08,0.33086526
65Y,automobile,frog,0.372391790151596,0.00057073525,0.06333906,0.17345658,0.14954084,0.091564536,0.04692044,0.3723918,0.044095393,0.009820595,0.048300054,automobile,0.9958168864250184,8.414902e-06,0.9958169,1.5838774e-05,3.1466738e-05,5.8958057e-07,6.4693594e-08,0.0020968923,2.2006114e-05,1.461236e-07,0.0020077825
660,frog,frog,0.3287805914878845,0.0019025438,0.06093961,0.13239592,0.21117526,0.08195153,0.08266631,0.3287806,0.052706946,0.016522283,0.030958926,deer,0.588575541973114,2.2078359e-05,0.009818029,0.13170211,0.027129797,0.58857554,4.2834195e-05,0.24154952,0.0011597075,1.3428325e-07,2.0268995e-07
662,deer,horse,0.1703863739967346,0.037666246,0.08976398,0.12364623,0.0880474,0.13010675,0.10271469,0.11804701,0.17038637,0.042276785,0.09734453,frog,0.3855734169483185,0.00016574094,6.369045e-05,0.032668497,0.0013382125,0.2705779,0.124168165,0.38557342,0.1851847,0.0002490851,1.058493e-05
664,cat,horse,0.3523189425468445,0.051945075,0.055693623,0.14480808,0.07750952,0.06726647,0.099091806,0.078486964,0.35231894,0.023781404,0.049098153,deer,0.3539816737174988,0.044482637,2.1342928e-05,0.22542106,0.0007103005,0.35398167,0.001004126,0.1596036,0.21474768,2.7428026e-05,2.6464707e-07
666,airplane,horse,0.1671269536018371,0.06348738,0.089808896,0.15203685,0.10016659,0.089538254,0.1015761,0.10719393,0.16712695,0.048615765,0.08044931,bird,0.4444152116775512,0.14169125,0.00028805644,0.4444152,0.00066547305,0.13556375,0.006160533,0.27038085,0.00074957596,8.183624e-05,3.4315237e-06
668,airplane,truck,0.2229431122541427,0.04336686,0.16974065,0.05232505,0.04817458,0.12549114,0.044355314,0.056676287,0.050590966,0.18633609,0.22294311,deer,0.4773673415184021,0.021961918,0.010448116,5.3988665e-06,7.4180396e-05,0.47736734,8.103418e-07,5.022971e-08,4.2972985e-09,0.34129393,0.14884825
66A,ship,truck,0.2213009297847747,0.029731862,0.10830846,0.1500922,0.06488689,0.0648662,0.040141534,0.09893339,0.054974478,0.16676416,0.22130093,ship,0.9933329224586488,0.005382976,4.789798e-05,3.7524846e-05,1.4781381e-07,1.07648725e-08,2.0296179e-07,0.0006810212,4.3614055e-09,0.9933329,0.0005172878
66C,bird,airplane,0.6727260947227478,0.6727261,0.024895638,0.021469979,0.007370659,0.013105362,0.019610552,0.006845263,0.042588327,0.14968623,0.041701872,airplane,0.9868320226669312,0.986832,5.1840797e-15,5.46925e-05,6.0876217e-12,0.012878155,3.213149e-09,0.00022037757,5.7985484e-14,1.4829105e-05,2.2791808e-13
66E,horse,horse,0.2754836678504944,0.018792266,0.04489028,0.13532348,0.12650347,0.063257344,0.18056606,0.12715112,0.27548367,0.009397056,0.01863531,horse,0.9885085225105286,1.2865846e-07,1.6139415e-09,1.3527921e-05,0.011210464,0.00012161365,0.00013627762,9.554687e-06,0.9885085,3.7233418e-11,1.1694633e-10
66G,automobile,truck,0.2398528605699539,0.21141563,0.13979602,0.07010501,0.026121935,0.036014263,0.029319124,0.0153089315,0.07432432,0.15774186,0.23985286,airplane,0.9990466237068176,0.9990466,6.060153e-05,0.00045049778,2.118335e-09,2.156347e-05,6.52317e-11,7.334177e-09,1.43435585e-11,1.2794967e-05,0.00040792787
66J,airplane,cat,0.2243823856115341,0.014309439,0.08606689,0.07868386,0.22438239,0.07209677,0.21310149,0.1978947,0.07879036,0.019289207,0.015384961,automobile,0.7571954131126404,2.7160684e-05,0.7571954,0.0015578197,0.0058514285,0.017059805,0.03632762,0.15608966,0.023863878,0.0018711004,0.0001561903
66M,frog,frog,0.1865919828414917,0.0059760027,0.12970895,0.10132494,0.10520135,0.11880815,0.03565273,0.18659198,0.06640751,0.07550112,0.17482738,frog,0.916117548942566,0.0020726956,0.0013289695,1.0721816e-05,0.014716702,0.00029923566,0.00016546794,0.91611755,0.00019956655,0.000890763,0.06419843
66P,frog,frog,0.4148886203765869,0.0008240543,0.054657046,0.11385456,0.20038356,0.073943324,0.066765554,0.41488862,0.03107824,0.014105603,0.029499454,frog,0.9722889065742492,0.0005002554,0.008485794,0.010254776,0.005871738,0.002417078,5.340909e-05,0.9722889,1.5935988e-05,7.53144e-06,0.00010453582
66R,deer,frog,0.2668260633945465,0.007834154,0.044605117,0.0862138,0.16145484,0.09374635,0.22370812,0.26682606,0.080986835,0.016535193,0.018089483,frog,0.9348483085632324,2.2704215e-08,5.026015e-09,0.03440791,4.609128e-05,0.010291587,0.020398332,0.9348483,7.734108e-06,1.6428984e-08,1.2516456e-11
66T,airplane,ship,0.1821509003639221,0.05587075,0.102178134,0.16015951,0.104173414,0.038846415,0.065033115,0.10674814,0.051475346,0.1821509,0.13336428,ship,0.9525454640388488,0.04741712,4.5589763e-06,2.2960294e-06,1.3989829e-06,1.7303057e-07,8.842907e-08,8.337214e-06,6.5328355e-12,0.95254546,2.0472855e-05
66W,ship,ship,0.3310906589031219,0.07331555,0.078009054,0.11236045,0.04251289,0.04101843,0.031098105,0.05296069,0.039112605,0.33109066,0.19852152,ship,0.9980525970458984,0.00030831818,0.00019207735,0.00029515053,9.2804385e-08,1.9281632e-07,8.1462814e-10,5.77624e-07,8.2305587e-13,0.9980526,0.0011509188
66Y,dog,frog,0.2255941927433014,0.012086488,0.060681272,0.108377464,0.12651707,0.10448,0.17629494,0.2255942,0.13945803,0.018287852,0.028222788,deer,0.7474886775016785,1.7337192e-07,1.757701e-05,0.0138885835,4.1276285e-06,0.7474887,0.0006568249,0.10411503,0.13382895,1.1390106e-11,2.9050492e-08
670,cat,airplane,0.2033057212829589,0.20330572,0.08538901,0.06308644,0.075882785,0.0781784,0.11918883,0.06710315,0.08815406,0.15023106,0.06948046,deer,0.7964402437210083,0.053835828,2.8385234e-06,0.0027845562,0.00021353863,0.79644024,0.0037901269,0.0078203585,1.1358079e-07,0.13480249,0.00030983848
672,truck,frog,0.1621544361114502,0.011485306,0.12427639,0.10778131,0.118390776,0.10702552,0.13193399,0.16215444,0.15100275,0.025543015,0.060406547,automobile,0.9993845224380492,3.886212e-09,0.9993845,3.983443e-09,1.6403012e-06,3.010886e-11,0.0005100979,2.184696e-05,4.95271e-06,8.048241e-11,7.6993325e-05
674,ship,ship,0.2440802901983261,0.13530599,0.11460569,0.09309916,0.036862962,0.053436376,0.03757247,0.04040002,0.050703794,0.24408029,0.19393332,airplane,0.9010875821113586,0.9010876,0.0001427829,0.00018799539,4.184551e-09,2.5842923e-05,1.3080256e-10,2.624378e-05,2.13755e-12,0.09850903,2.0482034e-05
676,automobile,airplane,0.2566096484661102,0.25660965,0.12363681,0.06443842,0.045110337,0.043648306,0.08182603,0.033794567,0.051837176,0.1990061,0.10009261,ship,0.9941311478614808,0.00488652,1.0874411e-05,0.0006988831,3.1317535e-09,2.7372388e-07,1.3803128e-06,1.2933525e-05,3.8184564e-10,0.99413115,0.00025804515
678,truck,ship,0.1537395566701889,0.025368968,0.12653957,0.11287441,0.118044786,0.07976478,0.08122617,0.13635339,0.042095415,0.15373956,0.12399294,automobile,0.96329003572464,0.001405288,0.96329004,8.6044965e-06,2.5160175e-06,7.399082e-05,3.438839e-07,2.0801259e-05,4.415207e-07,0.014309224,0.02088869
67A,truck,truck,0.3436647057533264,0.028095154,0.10414482,0.14290819,0.040612433,0.0689907,0.024406537,0.055503096,0.09435799,0.09731641,0.3436647,truck,0.9932588338851928,4.809255e-05,0.00016359866,0.0021473458,0.0043126126,7.456025e-07,2.0099338e-05,6.54432e-06,2.2383686e-06,4.0007468e-05,0.99325883
67C,truck,truck,0.230719581246376,0.043866217,0.13104397,0.11651368,0.059582975,0.077475965,0.04188708,0.06903375,0.07408001,0.15579677,0.23071958,truck,0.9654138088226318,0.00030005784,0.016824048,0.010160623,0.0032905648,0.00025071512,1.8644984e-06,0.00020317786,7.1303666e-06,0.0035479413,0.9654138
67E,airplane,airplane,0.7564470767974854,0.7564471,0.021125033,0.013815138,0.009885311,0.0092714885,0.025436815,0.006203569,0.032352306,0.1027088,0.022754371,airplane,0.9999984502792358,0.99999845,1.32247085e-14,3.7944217e-09,2.36779e-13,8.138966e-07,2.6889683e-14,1.3029624e-09,1.9747683999999996e-18,7.5575883e-07,1.7363412e-13
67G,dog,bird,0.2034919410943985,0.010648113,0.054548133,0.20349194,0.13613094,0.09200597,0.0670336,0.18157038,0.151084,0.031249706,0.072237216,dog,0.5943408012390137,1.0693915e-05,1.2749254e-06,0.00015944261,0.35578904,0.021767452,0.5943408,0.023612645,0.004316151,2.521273e-06,1.4089559e-08
67J,automobile,truck,0.1729514598846435,0.13844724,0.07470624,0.1306836,0.044543833,0.063451104,0.06687249,0.04784958,0.12035547,0.14013898,0.17295146,airplane,0.9728201627731324,0.97282016,0.00145143,0.00026808624,0.00090788427,0.0101297265,2.5135637e-06,9.16056e-05,2.4917981e-05,0.00086752453,0.013436092
67M,cat,frog,0.258683979511261,0.004999931,0.0764977,0.1152324,0.13354272,0.12971261,0.10020069,0.25868398,0.11533484,0.01908854,0.046706613,frog,0.6440077424049377,3.902079e-07,0.0009188677,0.022935828,0.00034994178,0.33106223,9.773254e-06,0.64400774,0.0007151422,9.864984e-12,1.9844853e-08
67P,horse,horse,0.1507908254861831,0.04960919,0.098569386,0.12731394,0.066697545,0.12683074,0.09837987,0.08557445,0.15079083,0.06475748,0.13147661,horse,0.8021010160446167,2.0733153e-06,5.649122e-07,0.0063541727,0.09694719,0.017176379,0.07740616,2.1551298e-06,0.802101,1.4535864e-08,1.0261889e-05
67R,frog,truck,0.167337566614151,0.009823362,0.08543455,0.14770427,0.090695634,0.11853487,0.06288611,0.15752172,0.10617849,0.053883415,0.16733757,dog,0.9040898084640504,1.8936278e-07,2.0948648e-06,0.0002550619,0.00056347885,0.0004119206,0.9040898,0.006457182,0.079377145,1.7296536e-05,0.008825913
67T,airplane,airplane,0.7792164087295532,0.7792164,0.017528737,0.008885544,0.0044201873,0.0062403926,0.009286483,0.0028302826,0.020120991,0.12565765,0.025813308,airplane,0.9999101161956788,0.9999101,5.664463e-16,8.937748e-09,5.267142e-14,6.170127e-05,5.963133e-16,6.350861e-08,2.359756e-19,2.800622e-05,4.5700336e-13
67W,cat,horse,0.2070313841104507,0.07495712,0.075186715,0.19912264,0.06675767,0.08461535,0.0870977,0.06794462,0.20703138,0.050241362,0.08704533,bird,0.9134801626205444,0.0075386334,1.3846368e-08,0.91348016,0.029097717,0.008475469,0.036745764,5.7666333e-05,0.0045885816,1.5905634e-05,7.375073e-09
67Y,ship,frog,0.3151952624320984,0.0027737035,0.068354495,0.10487729,0.21587375,0.0784826,0.05654205,0.31519526,0.045600735,0.04241996,0.069880106,cat,0.6590743660926819,0.0017057004,0.00022651878,0.00010564268,0.65907437,0.022284497,0.10311393,0.12713933,0.08522738,5.8024457e-06,0.0011169057
680,automobile,frog,0.1908859014511108,0.009545701,0.09289675,0.15473238,0.096054845,0.09775435,0.070164874,0.1908859,0.062241998,0.08399484,0.14172828,automobile,0.9834930896759032,3.256046e-05,0.9834931,0.004154324,5.207467e-08,4.122696e-06,1.7088848e-07,2.1095332e-07,5.175948e-06,1.2717013e-05,0.012297545
682,dog,frog,0.3267068862915039,0.003930283,0.059109107,0.1616604,0.1511189,0.07767069,0.059716962,0.3267069,0.034554917,0.055946935,0.06958488,frog,0.9807955622673036,1.8056154e-07,1.053279e-06,0.0005859421,0.012848115,0.005734482,2.4365594e-05,0.98079556,7.1932544e-07,8.030401e-06,1.6871237e-06
684,frog,bird,0.1710802167654037,0.010336183,0.12760632,0.17108022,0.105626464,0.10989805,0.05564618,0.16571084,0.07141853,0.05618153,0.1264957,automobile,0.4695945084095001,0.00078907807,0.4695945,0.021598082,0.100103475,0.0019013181,0.00017139866,0.3649015,9.593692e-06,0.030787053,0.010143974
686,automobile,automobile,0.1787795424461364,0.010759634,0.17877954,0.074352704,0.09476343,0.16422433,0.06663946,0.12580587,0.13365343,0.038215354,0.11280632,truck,0.6523672342300415,0.0003209825,0.34529287,2.3246127e-10,9.753285e-06,0.0016721148,1.4948043e-05,2.1676456e-06,2.290559e-07,0.0003197799,0.65236723
688,horse,bird,0.2440061122179031,0.0039441925,0.053449858,0.24400611,0.104573555,0.09589981,0.06320211,0.20969307,0.10693659,0.026098827,0.09219584,bird,0.9661155939102172,2.81789e-06,3.8431924e-08,0.9661156,0.006053816,1.509716e-05,0.0146855,6.0617713e-05,0.013066501,6.576821e-09,1.2945812e-09
68A,truck,automobile,0.1981450915336609,0.013957658,0.19814509,0.063046575,0.046568055,0.16263412,0.045590363,0.07718334,0.15542258,0.051840506,0.18561172,automobile,0.9961701035499572,3.9515932e-08,0.9961701,2.662719e-07,1.9049924e-06,1.3147155e-05,6.7607893e-06,2.773822e-05,0.0016769026,3.5822175e-08,0.0021030745
68C,dog,frog,0.2328488230705261,0.003227932,0.08490769,0.16340086,0.12845904,0.111594774,0.07273566,0.23284882,0.13899453,0.011265722,0.05256494,horse,0.2740017771720886,0.00018587412,0.00084734627,0.03421272,0.050864294,0.1830068,0.2299269,0.22648862,0.27400178,6.5996396e-06,0.0004591268
68E,dog,frog,0.1504833847284317,0.027368305,0.122114,0.057587884,0.13584736,0.12623706,0.13024084,0.15048338,0.07294356,0.10231789,0.074859716,cat,0.6908937096595764,5.6843523e-06,0.004485367,3.0560832e-09,0.6908937,0.0016080842,0.0028850103,2.9834507e-07,4.194952e-05,9.967605e-07,0.3000789
68G,frog,frog,0.2508067786693573,0.012225776,0.05267239,0.15755074,0.19532652,0.059016667,0.11601443,0.25080678,0.104613096,0.019217987,0.032555573,frog,0.7670140266418457,0.0033529936,5.393026e-05,0.13044989,0.04452423,0.01868187,0.013172359,0.767014,5.233405e-05,0.022676745,2.1563186e-05
68J,frog,bird,0.2246144115924835,0.013969478,0.077146105,0.22461441,0.13775378,0.05742929,0.060520582,0.17262493,0.12106206,0.044477284,0.09040207,airplane,0.5524428486824036,0.55244285,5.331077e-05,0.025948768,0.24534564,0.0009750488,1.1173511e-05,0.05316947,0.0003007644,0.119266346,0.002486647
68M,deer,horse,0.3927172124385834,0.07016177,0.064331785,0.13011979,0.049913313,0.069341786,0.08748239,0.04438807,0.3927172,0.024226801,0.06731704,horse,0.9999880790710448,1.0475725e-08,2.2412103e-11,1.9803897e-06,5.1492395e-07,4.2379866e-06,5.2867076e-06,2.754275e-08,0.9999881,3.1555486e-10,4.810986e-10
68P,cat,frog,0.1900063753128051,0.013437391,0.08526909,0.119450174,0.13228635,0.116314895,0.1386053,0.19000638,0.1276599,0.028966602,0.048003938,dog,0.6635499000549316,3.9098863e-06,0.00047381784,2.0018684e-05,0.08431177,0.014506392,0.6635499,0.007126802,0.22925308,1.659055e-05,0.00073767675
68R,automobile,truck,0.1931095123291015,0.11822136,0.15805405,0.09961498,0.061093576,0.033569884,0.038630877,0.052142512,0.056639683,0.18892351,0.19310951,truck,0.6356217265129089,6.7287635e-07,0.36421025,0.00013124409,7.603645e-07,4.7346015e-07,3.1398115e-12,2.2144269e-09,5.482382e-12,3.4947974e-05,0.6356217
68T,dog,dog,0.1437028348445892,0.061866276,0.07499064,0.11415129,0.08129437,0.11670791,0.14370283,0.09160144,0.12142451,0.11145205,0.08280867,dog,0.8830190896987915,7.08309e-08,2.4545697e-11,1.907532e-06,0.00044137228,0.11638973,0.8830191,6.209e-07,0.0001464064,7.758171e-07,4.9864357e-09
68W,truck,truck,0.3434175848960876,0.009432918,0.08596527,0.14829008,0.05095622,0.07542225,0.022640156,0.10252626,0.059989296,0.10135992,0.34341758,truck,0.9977630376815796,5.046042e-06,0.0021202432,3.8820646e-05,2.7932998e-07,2.0639e-08,1.03105045e-08,6.398514e-07,1.04269745e-07,7.177801e-05,0.99776304
68Y,automobile,frog,0.2056735903024673,0.007819174,0.14730982,0.154063,0.18068738,0.055898767,0.057031605,0.20567359,0.04995264,0.051521588,0.0900424,automobile,0.9120306372642516,0.047644872,0.91203064,3.3560768e-06,2.6296515e-08,8.324405e-11,1.1948622e-12,7.677639e-08,1.0285747e-09,9.48633e-05,0.040226173
690,truck,truck,0.2638814747333526,0.026507577,0.11921337,0.0740596,0.04821344,0.1224893,0.047001924,0.078079484,0.08582622,0.13472761,0.26388147,deer,0.8661311864852905,1.2873865e-05,0.0001237826,0.00013048401,0.00075659394,0.8661312,0.027250025,6.0912964e-07,0.05911415,6.143807e-06,0.046474017
692,bird,frog,0.1761601865291595,0.013750521,0.08110385,0.1621011,0.114287555,0.12768985,0.073390946,0.17616019,0.10702095,0.043435685,0.10105934,deer,0.8946548104286194,2.9487685e-06,3.9183707e-08,0.093860194,0.00060885504,0.8946548,0.0005190147,0.00978409,0.0005696897,3.7479447e-07,1.1143037e-08
694,horse,cat,0.1737332344055175,0.008725583,0.14049701,0.106968835,0.17373323,0.095123015,0.10017415,0.16758892,0.11071017,0.030407486,0.06607155,cat,0.5771886110305786,0.004790705,4.1709187e-05,0.0006129927,0.5771886,0.09114339,0.23132135,7.6370605e-05,0.0943989,0.0001523873,0.00027360846
696,airplane,horse,0.22291100025177,0.06907274,0.0632745,0.16093425,0.09658104,0.049794715,0.084300034,0.0999232,0.222911,0.050323613,0.10288489,frog,0.411825954914093,0.00022696915,3.1821346e-05,0.00036162915,0.24342506,0.009379607,0.00011850597,0.41182595,0.101350255,0.00041623594,0.23286392
698,bird,frog,0.2764117419719696,0.001994974,0.070402324,0.18165298,0.15562385,0.0913583,0.0806912,0.27641174,0.085409366,0.01380867,0.042646583,dog,0.6650832295417786,0.0005914185,0.00095063244,0.0016742392,0.0009655769,0.30760467,0.6650832,0.0006696596,0.022254717,0.00020441195,1.3556597e-06
69A,frog,frog,0.2410448044538498,0.007456069,0.0776678,0.13002078,0.16684839,0.09645384,0.10470215,0.2410448,0.11707378,0.019254208,0.039478194,frog,0.7916999459266663,0.00019719441,0.011925014,0.007478057,0.017111534,0.16483971,0.0020832065,0.79169995,0.004484785,6.599106e-06,0.00017399658
69C,frog,frog,0.1921234428882599,0.0073996647,0.090521745,0.1817714,0.1310975,0.09424242,0.043474995,0.19212344,0.108626254,0.034909543,0.11583308,cat,0.8570270538330078,4.331276e-05,7.8485245e-05,0.00020666042,0.85702705,0.010302848,0.00067486777,0.13150747,0.00014000919,2.429372e-06,1.697717e-05
69E,frog,frog,0.2789279520511627,0.0059190984,0.064462356,0.120731756,0.15820369,0.11398924,0.11848763,0.27892795,0.06660383,0.030650854,0.04202362,deer,0.7860250473022461,0.00023163801,0.0001100281,0.10567578,0.0029067746,0.78602505,0.06253854,0.040166546,0.0022703914,7.458973e-05,6.348921e-07
69G,frog,frog,0.3492597043514251,0.0024481046,0.048627086,0.11413761,0.21158034,0.079730555,0.10779066,0.3492597,0.045720655,0.017364357,0.023340957,bird,0.6904358863830566,2.4448084e-07,1.6734739e-06,0.6904359,0.039364807,0.22850361,0.0009728769,0.04060338,0.0001174799,4.3171948e-08,6.6015673e-09
69J,dog,bird,0.2094184905290603,0.020008795,0.09718659,0.20941849,0.07392021,0.11839096,0.08846675,0.13447359,0.13540956,0.033674438,0.08905063,bird,0.3162677884101867,0.0112714935,0.00058564474,0.3162678,0.14938763,0.022153376,0.23786378,0.16084522,0.10137083,0.00018197583,7.2220224e-05
69M,bird,airplane,0.2836866676807403,0.28368667,0.06582393,0.07467822,0.054715175,0.055738915,0.096727766,0.043210883,0.16123635,0.094725296,0.06945678,airplane,0.9999701976776124,0.9999702,1.402771e-07,4.25582e-10,1.7630029e-07,1.7834665e-07,2.8025438e-12,2.9228842e-05,6.8572215e-13,6.5492536e-08,9.077472e-08
69P,dog,dog,0.2518951892852783,0.17766704,0.040279325,0.06770237,0.12580374,0.02954288,0.2518952,0.08811715,0.05367675,0.13863671,0.026678836,dog,0.9997299313545228,1.8655966e-09,6.130546e-13,7.877079e-09,6.2737214e-05,9.893092e-07,0.99972993,9.82853e-06,8.933769e-09,0.00019656854,2.0209303e-09
69R,automobile,cat,0.1816151589155197,0.012334863,0.1362581,0.14247392,0.18161516,0.059988342,0.14388613,0.13726933,0.14781548,0.013871939,0.024486793,automobile,0.998864769935608,0.00030169517,0.99886477,1.0076896e-05,7.042422e-07,1.0232372e-07,2.7214792e-08,4.476028e-08,0.00082245975,1.0002848e-08,1.5205619e-07
69T,horse,truck,0.1629538387060165,0.012084398,0.11416226,0.15069142,0.09311028,0.1099142,0.059646737,0.15245524,0.079176575,0.06580509,0.16295384,truck,0.814038097858429,0.00019078817,0.16980214,0.00082607777,0.00013404869,2.9496703e-05,0.0007624256,0.009999412,0.004214923,2.5833067e-06,0.8140381
69W,automobile,automobile,0.1650195270776748,0.0093460325,0.16501953,0.14186491,0.117038414,0.09786627,0.05190134,0.16274668,0.054190733,0.07044443,0.1295816,automobile,0.7544912099838257,0.21525033,0.7544912,0.010659917,3.3246164e-05,0.0016462065,8.341234e-09,8.696098e-07,5.4752444e-08,0.0037870312,0.014131214
69Y,horse,bird,0.1698375791311264,0.060319204,0.060154445,0.16983758,0.09791721,0.070758194,0.14257699,0.114843026,0.16201699,0.05440796,0.06716849,frog,0.5425340533256531,8.064401e-06,1.7398728e-06,0.00020526389,3.1131316e-05,2.0817643e-05,0.0006055906,0.54253405,0.4565864,6.976682e-06,7.9223035e-08
6A0,horse,horse,0.208067700266838,0.021302667,0.07292248,0.18150161,0.107171096,0.075487226,0.14102171,0.14156805,0.2080677,0.017015219,0.03394222,deer,0.5153502821922302,4.1686217e-08,0.0022339483,0.0018136626,2.034026e-06,0.5153503,0.052353214,0.0076574893,0.42052016,6.664702e-05,2.478706e-06
6A2,cat,frog,0.1945772767066955,0.0073957406,0.09228477,0.14602801,0.101956636,0.15525296,0.08506301,0.19457728,0.073733844,0.04584327,0.09786448,bird,0.8551636338233948,2.881213e-06,5.340897e-07,0.85516363,0.046387702,0.07680917,0.021476278,8.611871e-05,2.2685654e-05,4.9824528e-05,1.1639632e-06
6A4,bird,ship,0.3144513368606567,0.02896717,0.08417227,0.11665275,0.045665704,0.055720225,0.029129215,0.07798207,0.026242929,0.31445134,0.22101639,bird,0.9529830813407898,0.003862507,0.0020935116,0.9529831,8.706924e-07,0.00028602922,3.021769e-07,2.9583221e-05,6.5524447e-10,0.037835572,0.0029085192
6A6,cat,bird,0.1620747447013855,0.019566042,0.11760308,0.16207474,0.14272718,0.08904289,0.06311316,0.1539318,0.06705088,0.069214076,0.11567617,bird,0.8288844227790833,0.037418224,0.061188083,0.8288844,0.05307127,0.0025018982,0.00035540818,0.0026790253,1.4413881e-05,0.013262225,0.0006248983
6A8,cat,frog,0.3248128294944763,0.0027354434,0.056747936,0.07337619,0.22678478,0.071374856,0.15319952,0.32481283,0.06514604,0.0125271,0.013295329,frog,0.9723384380340576,6.7154993e-09,0.00012835147,0.005733094,0.0026998492,0.016925965,0.0017785357,0.97233844,0.00039569402,9.160036e-10,4.7286672e-09
6AA,horse,deer,0.1541360169649124,0.0365348,0.13071705,0.0774904,0.0963707,0.15413602,0.1374691,0.11393741,0.08498631,0.080679595,0.087678604,deer,0.8263151049613953,0.004553201,0.002752036,0.00012006153,0.003056185,0.8263151,0.14914761,8.5536485e-06,0.002906254,9.885971e-05,0.01104208
6AC,ship,dog,0.2494720369577407,0.010931311,0.047046803,0.08263261,0.22370885,0.04003104,0.24947204,0.18557863,0.14985017,0.005699935,0.005048635,frog,0.9606013894081116,0.003663006,0.00024703844,4.250231e-06,0.0046141283,0.03073173,1.6708937e-06,0.9606014,0.00013646127,2.385361e-07,3.972448e-08
6AE,frog,frog,0.3617394864559173,0.0011033125,0.036375042,0.1569585,0.18906388,0.06850132,0.09146991,0.3617395,0.06911546,0.007853307,0.017819727,deer,0.9799915552139282,2.6234883e-08,1.0151058e-07,0.0065347315,0.00014500722,0.97999156,4.8712536e-05,0.0132242665,5.5592853e-05,7.668038e-11,1.0264408e-11
6AG,truck,truck,0.4059785306453705,0.07101091,0.11324023,0.07491033,0.01945143,0.05438419,0.015939318,0.025699314,0.09424917,0.12513654,0.40597853,truck,0.5674269199371338,0.12503791,0.26330036,0.014559594,9.452624e-06,0.0004268998,5.9977985e-08,4.2711214e-05,2.0869081e-06,0.029194025,0.5674269
6AJ,frog,frog,0.3858589828014374,0.000837588,0.042732123,0.11378594,0.20127587,0.07324076,0.08084725,0.38585898,0.07556162,0.006658048,0.019201905,deer,0.901699721813202,2.2440464e-08,1.5391653e-07,8.019821e-05,0.00097378035,0.9016997,0.0002325872,0.09669071,0.00032285516,1.3965941e-10,4.8154245e-09
6AM,automobile,horse,0.1959301233291626,0.074826255,0.18156566,0.07908577,0.058638234,0.085989915,0.05120909,0.05287951,0.19593012,0.07103504,0.1488404,automobile,0.9997859597206116,4.821498e-07,0.99978596,9.204306e-10,6.005134e-07,1.260675e-07,4.7200008e-11,9.554222e-06,1.03599085e-07,1.1675431e-10,0.0002032377
6AP,bird,frog,0.2806361019611358,0.0033698322,0.067189395,0.14797378,0.16336289,0.10386726,0.08604876,0.2806361,0.084441364,0.017704375,0.04540628,deer,0.7913437485694885,0.00045102971,0.006274891,0.078530036,0.0009021339,0.79134375,0.0004153696,0.11077193,0.011302412,1.4094034e-06,6.982847e-06
6AR,dog,frog,0.3373787403106689,0.0024997154,0.042364493,0.117598526,0.21435633,0.05950137,0.14081436,0.33737874,0.05502569,0.013017589,0.017443115,dog,0.5924925804138184,4.133545e-08,1.8349145e-06,0.076836735,0.0009709605,0.002492211,0.5924926,0.3244097,0.0027960073,1.4784409e-09,2.1517264e-09
6AT,ship,ship,0.4031637012958526,0.09483256,0.04795012,0.081161834,0.088420965,0.027838238,0.089091316,0.070586145,0.024209658,0.4031637,0.072745465,ship,0.9991236329078674,1.5916827e-06,1.7007548e-06,0.00047629935,2.1616454e-06,1.5983323e-05,0.0003205371,7.3158594e-07,3.1127434e-11,0.99912363,5.737188e-05
6AW,truck,truck,0.298840194940567,0.19434796,0.11433134,0.048818458,0.020742131,0.0373181,0.023515824,0.015426504,0.05976598,0.18689346,0.2988402,truck,0.9999891519546508,5.4208244e-06,3.3061203e-06,1.6379598e-10,8.04069e-08,4.609056e-08,2.2654472e-12,3.5131396e-08,7.11177e-14,1.8592106e-06,0.99998915
6AY,frog,frog,0.2609773874282837,0.0035305808,0.061435413,0.217715,0.1285791,0.074028075,0.052961715,0.2609774,0.0829676,0.028705774,0.08909928,frog,0.6153554320335388,0.0016157497,0.005263233,0.026316317,0.022335602,0.00019894684,0.0014829823,0.61535543,0.25481027,0.00077763357,0.071843795
6B0,deer,bird,0.2804089784622192,0.013264157,0.054611307,0.28040898,0.12594385,0.058381286,0.07635629,0.17209506,0.114434905,0.034988552,0.06951559,cat,0.9773672223091124,0.0017759824,0.0004941082,0.0029562707,0.9773672,3.1343065e-05,5.4028333e-05,0.012645236,0.000760287,0.003903275,1.2301541e-05
6B2,ship,airplane,0.2829445004463196,0.2829445,0.093602106,0.053962022,0.026333656,0.038067285,0.042211026,0.024346938,0.064340055,0.2440551,0.13013737,automobile,0.4605255722999573,0.3911974,0.46052557,0.052535295,5.253496e-07,0.00456977,1.9706015e-06,0.0017051459,2.430013e-09,0.07441318,0.015051154
6B4,bird,bird,0.1811554878950119,0.008979792,0.10223661,0.18115549,0.097748645,0.12139022,0.055563685,0.1790725,0.090667546,0.048554163,0.114631325,deer,0.408084899187088,0.0008764878,0.019827498,0.3743562,0.025884742,0.4080849,0.001508687,0.15606178,0.011656368,0.00027321553,0.001470116
6B6,ship,horse,0.160228431224823,0.12650101,0.054811396,0.11783971,0.04986889,0.071478195,0.06463786,0.06251567,0.16022843,0.14485629,0.1472626,ship,0.996013045310974,0.00395791,2.0512305e-08,1.9848963e-08,2.1514173e-09,2.5324282e-05,6.818815e-07,6.8645263e-09,1.0438836e-09,0.99601305,2.9174112e-06
6B8,automobile,ship,0.3137730360031128,0.19454592,0.101339154,0.06990053,0.023377527,0.035006214,0.028782874,0.021914281,0.042290214,0.31377304,0.16907023,airplane,0.5533544421195984,0.55335444,0.4428575,0.0012858527,1.941959e-10,2.91915e-05,5.9656516e-12,3.1930512e-07,2.8873341e-11,0.0010426214,0.0014299254
6BA,ship,ship,0.2213751226663589,0.10598508,0.07716603,0.0986739,0.052466217,0.07853438,0.06726061,0.07291478,0.080574766,0.22137512,0.14504918,ship,0.9981347322463988,0.00063550635,4.9953655e-07,7.942863e-07,3.5831855e-09,4.0907147e-05,0.0011865074,4.335155e-07,3.811329e-09,0.99813473,5.9502173e-07
6BC,ship,ship,0.2388585954904556,0.15640166,0.087231666,0.10206641,0.04553568,0.045902975,0.04424783,0.04925631,0.06820292,0.2388586,0.16229597,airplane,0.8674785494804382,0.86747855,6.488695e-08,4.863313e-06,7.718867e-09,1.4274251e-05,6.2134147e-09,5.266919e-07,1.734753e-11,0.1324996,2.0609814e-06
6BE,bird,ship,0.249291643500328,0.07056867,0.07259853,0.109091654,0.04911967,0.07895759,0.10277007,0.06535709,0.07737935,0.24929164,0.12486573,horse,0.375802218914032,0.0020691988,0.008859502,0.17727503,3.437873e-05,0.03198118,0.29447424,2.2097369e-05,0.37580222,0.10673893,0.002743287
6BG,frog,frog,0.2522956728935241,0.0043847533,0.07953595,0.14607409,0.169184,0.09076482,0.09445015,0.25229567,0.09732673,0.015537775,0.050446093,frog,0.6505440473556519,9.138831e-08,0.043707833,0.24195942,0.038123418,0.00019116647,0.019927198,0.65054405,0.0049624764,2.5575875e-06,0.00058184844
6BJ,ship,truck,0.2621281743049621,0.081030235,0.10438676,0.09616987,0.030293763,0.09083544,0.0364767,0.052834727,0.08945672,0.15638761,0.26212817,ship,0.6660153865814209,0.11789875,0.03218802,0.004457136,8.834518e-05,0.0030878067,0.00012122396,0.14343861,2.4567456e-07,0.6660154,0.032704454
6BM,horse,horse,0.2262448221445083,0.058939107,0.07689454,0.12489133,0.044093654,0.115837276,0.07321049,0.05928532,0.22624482,0.06051672,0.16008677,horse,0.4943809807300567,1.380977e-05,1.916421e-07,0.0038531905,2.1873926e-05,0.13883522,0.36277762,6.3918065e-05,0.49438098,5.3008534e-05,1.14521626e-07
6BP,automobile,truck,0.1668740659952163,0.018095564,0.15163037,0.11002902,0.08878502,0.12192069,0.055050276,0.12980694,0.07364047,0.084167585,0.16687407,automobile,0.7682799696922302,0.023646917,0.76827997,0.041286394,0.0010341181,0.0025367676,0.00063957757,0.15989287,7.666945e-05,0.00032823312,0.0022785435
6BR,frog,frog,0.3066606223583221,0.0036808082,0.05484773,0.11410436,0.23994973,0.069106236,0.12377522,0.30666062,0.047361534,0.020549718,0.019964091,cat,0.8749489188194275,3.3119218e-06,1.1121175e-06,0.047930557,0.8749489,0.04886503,0.016645532,0.011446549,0.00014309837,1.5864209e-05,1.5314987e-09
6BT,dog,frog,0.2201154828071594,0.013897452,0.08801542,0.07758882,0.18154366,0.10722889,0.10021879,0.22011548,0.07014151,0.07360868,0.06764132,cat,0.8333741426467896,4.0901236e-06,9.491063e-05,6.249795e-07,0.83337414,0.10460521,0.0024071087,0.05720425,0.0020902525,2.333678e-08,0.00021951247
6BW,bird,frog,0.2081760317087173,0.009378617,0.10595784,0.15856127,0.14482352,0.09756936,0.06794472,0.20817603,0.06964091,0.04569222,0.09225545,bird,0.8556749820709229,0.001985405,0.028358156,0.855675,0.011058614,0.012888487,0.00057733356,0.087610036,5.3597756e-05,0.00069494464,0.0010983851
6BY,truck,frog,0.2103014290332794,0.0021209216,0.09277843,0.15926604,0.08955323,0.11442721,0.029942354,0.21030143,0.08614205,0.033374045,0.1820943,cat,0.9958416819572448,3.8805332e-08,0.0025134375,7.28542e-07,0.9958417,3.229254e-06,3.5069468e-06,0.00031658015,4.009005e-05,6.8969515e-13,0.0012806673
6C0,automobile,truck,0.2365570366382599,0.02398014,0.1341155,0.107136644,0.050981227,0.11150586,0.033588316,0.08823253,0.14267726,0.07122545,0.23655704,automobile,0.9494855403900146,9.040585e-08,0.94948554,5.9485446e-12,1.5812557e-10,5.476036e-11,4.3244797e-11,3.7086322e-06,1.2174093e-11,2.0630222e-07,0.05051052
6C2,dog,cat,0.2321936339139938,0.010918515,0.07068898,0.08317777,0.23219363,0.052476294,0.18346253,0.20800914,0.11986637,0.016800188,0.0224066,dog,0.7762588858604431,3.3392157e-06,3.5631383e-05,4.193275e-06,0.0008930582,1.7236397e-06,0.7762589,5.2909098e-05,0.22272453,3.614913e-09,2.5759116e-05
6C4,automobile,truck,0.2221258133649826,0.027894715,0.16912287,0.10122667,0.06119922,0.08302864,0.032350086,0.08099196,0.053143684,0.16891634,0.22212581,automobile,0.7752217650413513,0.00028388223,0.77522177,2.2426027e-06,6.829781e-05,6.894911e-05,7.172503e-08,2.3826576e-06,1.6867025e-08,2.4413772e-05,0.224328
6C6,airplane,truck,0.2594035565853119,0.016664037,0.10919064,0.13268666,0.06360269,0.08207244,0.025093783,0.11182189,0.062178615,0.13728562,0.25940356,airplane,0.9924405813217164,0.9924406,0.0007937726,2.3967088e-05,1.7742539e-07,9.8066776e-05,6.8890027e-09,2.9695811e-06,2.1177846e-07,0.0049935747,0.0016465908
6C8,airplane,cat,0.1407975852489471,0.02848806,0.119343184,0.11945384,0.14079759,0.10522119,0.1273276,0.13759537,0.11383941,0.04395265,0.063981116,airplane,0.6835771203041077,0.6835771,0.0834826,0.15836498,0.008270424,0.002803862,8.163685e-05,0.00014678595,0.03704656,0.0129852975,0.013240756
6CA,bird,frog,0.3555894196033478,0.0011548701,0.032348014,0.21652818,0.14792804,0.060936637,0.04636232,0.35558942,0.05186655,0.021808323,0.06547767,cat,0.9951199293136596,1.6120955e-05,2.7966346e-06,3.841852e-07,0.9951199,7.0160864e-09,1.6560861e-07,0.004100982,0.00070676225,1.2595179e-10,5.2951316e-05
6CC,truck,frog,0.3150267899036407,0.0021398684,0.0804942,0.09061476,0.14236677,0.1278662,0.074230395,0.3150268,0.087630555,0.01667121,0.06295923,truck,0.8348886370658875,7.01259e-08,0.16510794,1.2281897e-14,2.4028692e-09,3.2202782e-10,1.4507459e-10,3.3050158e-06,4.307068e-08,1.0640326e-08,0.83488864
6CE,deer,horse,0.243772342801094,0.033027463,0.07721355,0.12777811,0.1100418,0.08944736,0.09856622,0.12401796,0.24377234,0.031456422,0.06467872,deer,0.9362022280693054,4.9057553e-06,6.8496392e-06,0.0110866325,0.0016512228,0.9362022,0.00093015144,0.0038384008,0.046279475,3.7787237e-10,1.2982102e-07
6CG,airplane,airplane,0.2586756944656372,0.2586757,0.09381491,0.04937052,0.055826027,0.06774261,0.08473625,0.042087503,0.085852645,0.17380369,0.08809003,airplane,0.9971023201942444,0.9971023,2.7844895e-05,0.00029051237,3.8773857e-07,0.00054115197,4.738175e-07,6.298445e-07,1.0416269e-08,0.002005168,3.1554086e-05
6CJ,horse,horse,0.2011689245700836,0.0215705,0.09882696,0.08182609,0.06934143,0.16806614,0.08823143,0.103324436,0.20116892,0.045203563,0.12244054,horse,0.9994638562202454,5.742653e-10,9.952188e-07,1.2792182e-07,7.0616245e-08,0.0002946386,0.00023984305,3.011453e-07,0.99946386,5.2646255e-12,2.6801828e-08
6CM,automobile,truck,0.3015232682228088,0.063227445,0.15565586,0.08054617,0.027940236,0.07893596,0.02390284,0.033948082,0.09684171,0.13747849,0.30152327,ship,0.5308848023414612,0.037702702,0.4286171,1.5892988e-06,1.726378e-07,0.002271258,3.8030823e-05,6.423204e-05,2.0835346e-06,0.5308848,0.00041807824
