Image_RID,XZP_pred,XZP_prob_airplane,XZP_prob_automobile,XZP_prob_bird,XZP_prob_cat,XZP_prob_deer,XZP_prob_dog,XZP_prob_frog,XZP_prob_horse,XZP_prob_ship,XZP_prob_truck,Z1R_pred,Z1R_prob_airplane,Z1R_prob_automobile,Z1R_prob_bird,Z1R_prob_cat,Z1R_prob_deer,Z1R_prob_dog,Z1R_prob_frog,Z1R_prob_horse,Z1R_prob_ship,Z1R_prob_truck,103T_pred,103T_prob_airplane,103T_prob_automobile,103T_prob_bird,103T_prob_cat,103T_prob_deer,103T_prob_dog,103T_prob_frog,103T_prob_horse,103T_prob_ship,103T_prob_truck,True_Class
5PW,frog,0.015422093,0.096213356,0.12273402,0.07967826,0.15117027,0.10066571,0.19906843,0.10777471,0.032565806,0.09470741,dog,0.011920555,0.0062370864,0.051053543,0.039830346,0.24818392,0.3127227,0.10300952,0.21700919,0.0076287147,0.0024043238,deer,0.0014712885,0.0010558938,0.00034743524,3.690424e-05,0.8971029,0.052551504,0.03135327,0.0153906895,0.00010361081,0.0005865548,airplane
5PY,frog,0.016575838,0.07831363,0.15263718,0.08909076,0.1210259,0.10861357,0.21850865,0.11515763,0.026130993,0.07394589,deer,0.009141938,0.02067289,0.1169641,0.12655316,0.27227855,0.10365461,0.24137205,0.0865082,0.0074822777,0.015372189,frog,0.001521596,0.00654332,0.035922427,0.0109605435,0.06398939,0.07354029,0.7988401,0.005594794,4.149492e-05,0.0030459678,frog
5Q0,frog,0.0052509634,0.10935302,0.17712428,0.09001412,0.108094856,0.10149162,0.24676542,0.06437035,0.018082993,0.07945232,frog,0.016029868,0.055664696,0.13668446,0.19154061,0.20539246,0.02581953,0.2668709,0.004957523,0.043410406,0.05362958,frog,0.0006437497,0.0025759889,0.00058507966,0.00017107553,0.011287794,5.9105492e-05,0.97317916,2.200229e-07,5.7769444e-06,0.011492109,frog
5Q2,frog,0.0040435987,0.08668305,0.17752744,0.087691754,0.1147337,0.11904339,0.27710938,0.062628485,0.012115159,0.05842407,frog,0.0009380384,0.016604528,0.12739748,0.17075779,0.20583296,0.061198663,0.40695116,0.0019578377,0.00085320143,0.007508352,frog,2.6535412e-05,0.036040664,0.0016807395,0.0011592419,0.046766486,0.07899676,0.81950253,4.5351797e-07,7.939193e-09,0.015826648,dog
5Q4,frog,0.021604985,0.09889738,0.1200617,0.103093706,0.10621129,0.118022196,0.16133153,0.09203409,0.04551166,0.13323152,cat,0.003695432,0.015548961,0.05413265,0.4964027,0.09736461,0.07312138,0.08151711,0.031118749,0.019877886,0.12722051,cat,4.1673702e-05,1.6268035e-05,0.0034533942,0.7402409,0.00016331015,0.15960333,0.0018377019,0.0458768,6.193248e-05,0.048704732,dog
5Q8,airplane,0.6104732,0.034645163,0.022442136,0.026852958,0.023023631,0.08020578,0.015343518,0.020104073,0.12240646,0.044503074,airplane,0.73671615,0.0039166007,0.012180325,0.0006294574,0.008355869,0.00012137119,0.0007781243,0.00037435404,0.23253255,0.004395258,airplane,0.5172397,1.927538e-06,3.769963e-07,1.6991354e-09,2.7259784e-07,2.7786098e-12,1.0901079e-07,8.92199e-13,0.48275763,2.4412776e-09,airplane
5QM,frog,0.02114714,0.08572009,0.1516475,0.0978381,0.11235645,0.15229419,0.18271242,0.097843185,0.03427105,0.064169906,frog,0.0036310116,0.0021193102,0.3414049,0.09740648,0.05718981,0.1156148,0.3487517,0.027122306,0.0052811387,0.0014786198,frog,0.0001202134,0.0010891826,0.3621162,0.00067068805,6.792718e-07,0.0028032407,0.6329162,4.1213672e-05,0.0002052235,3.7186644e-05,ship
5QR,dog,0.044420224,0.09474439,0.117751144,0.10894532,0.12140585,0.15467288,0.13673005,0.111031845,0.042302523,0.06799575,deer,0.011420514,0.038039755,0.113870434,0.10598107,0.3356992,0.16011429,0.1490775,0.061496817,0.00336895,0.02093145,dog,0.00475762,0.018930547,0.3358765,0.035633795,0.006153193,0.4430933,0.15239841,0.00056289084,5.7862442e-05,0.0025358938,bird
5QW,truck,0.03959791,0.124797426,0.07806321,0.06484911,0.1258193,0.08341751,0.08987316,0.06590928,0.106236055,0.22143708,frog,0.006941317,0.045349382,0.14183342,0.18222322,0.09729523,0.11559302,0.21956925,0.09335779,0.047924366,0.049912952,truck,0.00027494133,0.39645708,0.00812022,0.15362374,0.002967051,0.012268114,0.004808484,0.006222466,0.003872256,0.41138563,automobile
5R0,ship,0.16108693,0.090451494,0.044968557,0.063975416,0.08788212,0.09670565,0.05598541,0.06316507,0.18796927,0.14781013,ship,0.041215725,0.0044073565,0.0025187987,0.0023280333,0.01049443,0.023837741,0.0020099336,0.010239661,0.90000844,0.0029399616,ship,0.00019310616,2.2518865e-05,5.171562e-09,1.3760084e-09,7.9525427e-07,2.0586185e-05,1.0716737e-08,1.314859e-08,0.99975055,1.2403017e-05,ship
5R2,frog,0.0072055375,0.044092968,0.15877704,0.0757827,0.112408236,0.1152754,0.28987706,0.13418284,0.010256075,0.05214221,deer,0.0013801693,0.00026130033,0.043906827,0.097417586,0.35099745,0.04232499,0.18964516,0.2709672,0.0010589106,0.002040432,horse,4.655853e-06,2.38372e-09,0.007582518,0.0006768912,0.32588238,0.0018806604,0.019121813,0.6448506,4.406244e-10,5.4633574e-07,deer
5R4,frog,0.018391505,0.07415699,0.104487754,0.0802419,0.15126808,0.11627079,0.19064307,0.13531928,0.027187338,0.10203329,dog,0.00071936473,0.005244772,0.03854761,0.07561288,0.11802125,0.37680772,0.109393194,0.26984107,7.155021e-05,0.0057405434,bird,2.144818e-08,0.016363481,0.44457123,7.717871e-05,0.0007034336,0.34772214,0.18724619,0.002571325,1.0263099e-11,0.0007450664,dog
5RC,automobile,0.03412957,0.22411782,0.067091756,0.08006853,0.115011595,0.12569126,0.08029048,0.045988258,0.059679635,0.16793102,automobile,0.0043029916,0.91513604,0.0006582277,0.0035051352,0.010822194,0.0034788032,0.0012766414,0.00041951094,0.002606424,0.057794083,automobile,1.0367254e-08,0.98894113,1.453863e-09,3.8088834e-09,6.606582e-08,1.49856405e-05,3.6628824e-06,6.4014927e-10,3.3588512e-07,0.011039782,automobile
5RE,truck,0.098156765,0.091431916,0.045560215,0.06360871,0.11231197,0.090697944,0.06696986,0.07580547,0.13059022,0.22486688,deer,0.0031562762,0.03095482,0.0057041394,0.07942724,0.3947673,0.08258137,0.06159008,0.117631264,0.016278144,0.20790932,deer,1.8219544e-07,4.484017e-06,7.3884e-07,0.001631012,0.47120604,0.45234656,1.5170941e-05,0.057468347,2.0813117e-08,0.017327452,truck
5RG,airplane,0.28564218,0.06671012,0.024586491,0.040319625,0.0669851,0.07842088,0.03523795,0.042667788,0.1778141,0.18161584,ship,0.059750363,0.021008622,0.001296728,0.0005436467,0.0073092687,0.0010286068,0.003446121,0.00041645032,0.8863489,0.01885127,ship,0.00018651618,0.0023746616,4.7365397e-08,1.3470368e-10,2.9396622e-07,1.26309585e-08,1.9523019e-07,1.4259002e-10,0.99178433,0.005653925,ship
5RM,truck,0.056011442,0.097017385,0.10271374,0.07326872,0.13644135,0.08814166,0.116765805,0.11980215,0.061743185,0.14809456,deer,0.031453446,0.106921814,0.14209285,0.14976016,0.32838848,0.059615154,0.06765646,0.02770667,0.0096401265,0.07676487,airplane,0.4352346,0.2858459,0.01776216,0.0072360663,0.05292356,0.007428775,0.11378405,0.00015232828,0.00095412787,0.078678444,bird
5RP,automobile,0.024507692,0.15826784,0.11966957,0.065842256,0.15034051,0.08095832,0.12593111,0.07420745,0.05085518,0.14942007,airplane,0.38952133,0.1653308,0.19855186,0.008059874,0.079911694,0.054247607,0.011025238,0.005137586,0.07179008,0.016423963,bird,0.43777207,0.015724992,0.5209275,7.28389e-08,0.00487773,0.012312711,0.004318169,2.1023127e-06,0.0040420108,2.2777174e-05,bird
5RR,truck,0.028866317,0.099944875,0.112769954,0.06559907,0.13771985,0.09764979,0.13454558,0.11607325,0.047003016,0.15982825,bird,0.027944056,0.04404414,0.2175929,0.0922093,0.14714763,0.0715729,0.08416098,0.17675246,0.018097611,0.12047804,bird,0.000556474,0.00025083194,0.8880608,0.00020133627,0.0024154524,0.00050450803,0.00046002635,0.023497518,4.0744453e-06,0.08404904,ship
5RT,airplane,0.4836131,0.062093686,0.028188422,0.03903224,0.03277794,0.10985013,0.020352129,0.023116156,0.13730785,0.06366826,airplane,0.56175774,0.06344204,0.12402828,0.0081458045,0.020525973,0.010504604,0.0068182168,0.0023430558,0.19379027,0.008644045,automobile,0.022590082,0.5562068,0.06545226,7.199257e-07,2.1631135e-06,0.004069661,0.0032168683,1.6609318e-08,0.34842268,3.8701535e-05,automobile
5RY,airplane,0.33058867,0.053111907,0.036338363,0.09043927,0.057435296,0.17405081,0.046877403,0.057808124,0.11037362,0.04297653,cat,0.0027649445,0.0009967698,0.03622623,0.6194703,0.21759108,0.028744388,0.031024126,0.057022605,0.0027343088,0.0034252512,cat,2.3572631e-05,0.0010515128,0.18717624,0.73368514,0.037332553,0.018197479,0.02053153,0.0015022481,0.00011461479,0.0003850946,cat
5S0,truck,0.08350189,0.1216145,0.06732779,0.08209244,0.11932884,0.11721722,0.084509835,0.080326095,0.08068442,0.16339694,automobile,0.022022298,0.31885868,0.04542217,0.0579252,0.18716574,0.020071073,0.048191335,0.013774222,0.027612036,0.25895727,truck,0.00819823,0.20196399,6.467563e-05,6.3736414e-05,3.430456e-06,6.4580905e-05,0.0005765408,1.9183226e-05,0.00017745078,0.78886807,truck
5S2,dog,0.107929274,0.086970374,0.07390022,0.102089815,0.09588614,0.13261826,0.091839395,0.09401365,0.10209592,0.112656936,cat,0.002429938,0.005593515,0.12674363,0.45772392,0.122636124,0.024968216,0.074038126,0.16497374,0.006873871,0.014018996,horse,1.5434102e-07,0.0030377805,0.03954919,0.33938116,0.0062159174,0.26431978,0.00506065,0.3422211,3.7639632e-06,0.00021048922,cat
5S4,frog,0.012064153,0.11414887,0.11122002,0.077986464,0.15057725,0.12057848,0.1771187,0.10201842,0.016783133,0.117504515,automobile,0.0051885266,0.718536,0.0034832987,0.016289482,0.09223132,0.009518088,0.00892463,0.009140589,0.00076478964,0.13592324,automobile,9.161032e-05,0.85179806,7.7547206e-08,2.1919143e-07,0.00056383666,0.00039416048,3.084746e-05,0.0001411012,8.501103e-08,0.14697993,ship
5S6,airplane,0.4998291,0.042353258,0.031613167,0.03497769,0.03893381,0.09061069,0.027339907,0.03469433,0.14376542,0.055882644,airplane,0.7069794,0.0009626254,0.028551115,0.0002699514,0.010084577,0.0011882926,0.005933273,0.0007832028,0.24441415,0.0008333975,airplane,0.92372876,2.6843196e-07,2.6849215e-05,2.5198672e-09,2.6257912e-05,2.3731333e-08,2.4988969e-05,9.561259e-13,0.07619287,7.3030965e-10,airplane
5S8,frog,0.008608075,0.10487,0.14438628,0.074218266,0.13633274,0.069690526,0.20086643,0.081721514,0.03523345,0.14407279,cat,0.0028553952,0.020535413,0.1274001,0.42173958,0.11170141,0.10293137,0.11661613,0.057277232,0.016447911,0.022495478,cat,0.000108326065,0.01952724,0.16684934,0.5786798,0.011992911,0.17238483,0.016467698,0.022418877,1.003054e-06,0.011570034,cat
5SA,frog,0.005102578,0.08361802,0.14849849,0.094009355,0.11297974,0.105739504,0.28252858,0.07612093,0.019217957,0.07218483,frog,9.878713e-05,0.0009294448,0.015585664,0.36031938,0.093167305,0.024272306,0.47524014,0.027884157,0.0015183316,0.0009845434,frog,1.5993844e-08,0.00012636304,3.319645e-06,0.016283827,5.103421e-05,8.629357e-05,0.98284286,0.00060485216,8.4858826e-08,1.4344873e-06,frog
5SE,dog,0.050452974,0.083400786,0.10484783,0.112100706,0.11000515,0.18012202,0.14448343,0.110420175,0.032196786,0.07197012,deer,0.0038552862,0.037035957,0.038412787,0.19998877,0.4194923,0.016154764,0.23279338,0.013161154,0.002585773,0.036519762,deer,0.0015278761,0.007186821,7.953742e-05,0.15626174,0.5032713,0.075849205,0.051991872,0.19047458,1.1746111e-05,0.013345323,deer
5SP,airplane,0.65893275,0.022559678,0.01038493,0.01795559,0.020803591,0.06661993,0.012054086,0.013854949,0.14089695,0.03593763,ship,0.47233534,0.0016486667,0.0068987254,0.0022043914,0.012203746,0.001974197,0.0139611075,0.00017563603,0.48748145,0.0011166304,airplane,0.5438213,2.9156437e-05,4.829998e-08,3.594255e-08,3.5389427e-08,3.8761114e-10,3.8547396e-09,7.65332e-18,0.45614937,4.6743707e-09,ship
5ST,ship,0.14751141,0.13674204,0.05648585,0.06590198,0.06492737,0.08975234,0.04122985,0.03522263,0.2051054,0.15712114,ship,0.007103306,0.037662324,0.043597613,0.016659336,0.008682154,0.0018779653,0.004272159,0.00071908557,0.85852647,0.020899516,ship,1.4700382e-05,0.10410701,0.16419432,6.8212557e-06,1.0604622e-08,4.7209934e-07,6.320539e-05,1.2886674e-09,0.7314181,0.00019535549,ship
5T0,truck,0.11330888,0.11174228,0.036514096,0.04634479,0.10019138,0.06885606,0.046240933,0.053843506,0.15001757,0.27294043,ship,0.09184522,0.27253166,0.0033120548,0.0014823801,0.0139821125,0.0074767214,0.006578339,0.003136589,0.5870357,0.012619242,automobile,0.10339324,0.6146023,1.1246949e-08,1.3053322e-10,2.7363092e-06,2.3942155e-06,4.852854e-06,2.9748193e-08,0.14846954,0.13352494,truck
5T2,airplane,0.20389177,0.06960409,0.070332356,0.08847276,0.08878274,0.15703568,0.078287534,0.0855026,0.08921565,0.06887477,deer,0.08487153,0.0008577941,0.21520351,0.090155855,0.23802383,0.094327405,0.23686528,0.03198315,0.0030938159,0.0046178955,bird,0.19511846,9.458645e-08,0.45727053,0.06970275,0.0038490745,0.010792871,0.2631606,0.00010396193,9.4184674e-07,6.336214e-07,cat
5T4,frog,0.011154452,0.09605205,0.15300706,0.09150969,0.13456964,0.11184831,0.21242012,0.08247745,0.024417168,0.082544036,bird,0.002590535,0.01052185,0.25802878,0.12566474,0.19990912,0.15605251,0.2181678,0.026320508,0.0009555627,0.0017885747,dog,0.00022877006,0.008168854,0.07804981,0.21290737,0.011402644,0.6799165,0.0059051244,0.0034091729,7.7781735e-08,1.1664301e-05,bird
5T6,frog,0.00853522,0.081271775,0.15398647,0.08101631,0.1348339,0.099316455,0.2477753,0.09871696,0.019522771,0.07502487,frog,0.0010767032,0.00478397,0.06854451,0.09353199,0.38462922,0.035317816,0.38890266,0.016670546,0.0026336187,0.0039089606,deer,1.1836865e-05,3.6170928e-05,0.00036172583,0.00013643282,0.63317806,0.00023531317,0.36587027,5.1042713e-05,2.8536815e-07,0.00011883744,frog
5T8,truck,0.016056169,0.11065572,0.10457693,0.0737888,0.1427877,0.07037138,0.1570927,0.08097826,0.046899155,0.19679324,frog,0.014127787,0.030011507,0.121543795,0.0692921,0.19011477,0.033965107,0.3469913,0.028120378,0.08332667,0.0825066,frog,0.00010429487,2.031923e-05,0.005659755,5.0281516e-05,4.6632387e-05,0.00021268098,0.9919803,7.694249e-05,7.051858e-05,0.0017782174,frog
5TA,frog,0.0045526535,0.05921488,0.19436795,0.069707826,0.11396661,0.103998095,0.29718757,0.09637076,0.011567546,0.049066156,frog,0.00086436304,0.00022458937,0.23018026,0.047810066,0.28409386,0.049472477,0.34285054,0.04277208,0.0013567153,0.0003750744,bird,3.1125937e-06,3.9998444e-08,0.65127766,2.2226583e-05,0.2958562,0.0013271683,0.05122329,0.0002902996,3.9391563e-11,8.113168e-09,frog
5TC,frog,0.010924625,0.060401674,0.13275461,0.08929422,0.13441552,0.11827004,0.24300015,0.12373049,0.017937737,0.06927098,deer,0.00017814497,0.0007171791,0.015038038,0.1928341,0.41076988,0.037681602,0.16920227,0.17025857,0.00024266283,0.0030774586,frog,3.814359e-07,0.00012299078,0.00015256606,0.033438098,0.11429549,0.012646236,0.77738684,0.060887728,5.8742597e-09,0.0010697049,deer
5TE,frog,0.026736127,0.068989396,0.11993578,0.07068107,0.15430608,0.097022384,0.16842525,0.15366766,0.038752556,0.10148372,horse,0.0032533824,0.0011239434,0.17084771,0.05348103,0.16449577,0.21776484,0.031931836,0.35555068,0.000502417,0.0010484034,bird,1.3131475e-06,1.5663574e-06,0.7422031,0.0016336333,0.013976579,0.09967841,0.00022012486,0.14227974,7.9751955e-10,5.585251e-06,dog
5TG,truck,0.11373155,0.08159655,0.07591784,0.07367904,0.10238803,0.11005248,0.08448977,0.11476222,0.10805572,0.13532692,horse,0.022264104,0.012189149,0.07238422,0.23113005,0.04153899,0.16933626,0.016819818,0.4185653,0.01218382,0.0035882248,dog,0.00027500073,0.008520112,0.00016595013,0.25750875,0.0022185445,0.71906215,9.607845e-05,0.012022907,8.632646e-05,4.4146273e-05,horse
5TJ,frog,0.0046396493,0.089165926,0.20858249,0.07171961,0.11039823,0.08864527,0.25217533,0.082649164,0.015843535,0.076180786,bird,0.033105735,0.009703598,0.37038824,0.2995562,0.078872934,0.027975455,0.082830906,0.04016528,0.04752993,0.009871686,cat,0.18048958,0.048351455,0.04836062,0.4106607,0.010805393,0.0008254257,0.12018438,0.10686779,0.0011831647,0.072271556,horse
5TM,ship,0.13248643,0.09960803,0.082725145,0.08784533,0.08287352,0.11642049,0.070923805,0.07858218,0.13552,0.11301508,dog,0.014266032,0.037357796,0.13015951,0.30786845,0.044601496,0.31298292,0.013497336,0.08983277,0.032799013,0.01663466,dog,2.9793458e-07,1.532494e-05,0.0033651895,0.00053222995,0.0007954752,0.99526584,5.4177362e-06,1.8620212e-05,1.1332553e-06,4.814539e-07,dog
5TP,frog,0.024087518,0.059099495,0.1439926,0.08621884,0.12098767,0.13697106,0.19557661,0.15348892,0.022771012,0.056806292,deer,0.008031927,0.0033483522,0.08888016,0.11664098,0.449098,0.042310555,0.108365126,0.16972308,0.010197738,0.0034041218,deer,0.00029936826,1.5399777e-05,0.00030447874,0.0012830304,0.97584176,0.0008799762,0.00094439817,0.020182729,0.00017967622,6.916942e-05,horse
5TY,frog,0.015025017,0.09240225,0.13815077,0.078564115,0.13114937,0.075669475,0.18982188,0.10740283,0.03399541,0.13781892,cat,0.0052897655,0.054862298,0.077336594,0.46730015,0.13673724,0.0641844,0.109104045,0.028546277,0.008436957,0.04820228,cat,0.0004914747,0.009315742,0.0028330507,0.9164207,0.024919651,0.021884704,0.020298665,0.00065449486,3.677272e-06,0.0031777993,frog
5V0,dog,0.03822081,0.06607794,0.08698901,0.14284697,0.098482944,0.24866994,0.15039983,0.09844599,0.02577803,0.044088405,horse,0.0012967329,0.0006115433,0.0036286602,0.26142663,0.16214627,0.16496782,0.085307196,0.315713,0.00040753267,0.0044945506,horse,8.272489e-07,6.4726596e-06,0.0003814316,0.26700467,1.6806807e-05,0.2794033,0.002893061,0.45028815,7.639206e-08,5.1952225e-06,horse
5V2,horse,0.060291577,0.09475981,0.10424236,0.08007582,0.13268833,0.1268632,0.11653538,0.14480822,0.04439724,0.09533804,horse,0.020630505,0.03056975,0.05831241,0.06580188,0.15868093,0.26388353,0.0310292,0.3642118,0.0016985236,0.005181395,horse,0.00011762564,0.00011786393,0.0036420869,0.063840814,0.0013330645,0.06675817,0.0011253521,0.86305064,1.2047511e-08,1.432837e-05,horse
5V4,dog,0.018977508,0.08733637,0.12404634,0.13460712,0.088015825,0.22450489,0.16445653,0.08200973,0.0261325,0.04991318,cat,0.0010955035,0.0028725287,0.019693583,0.5516489,0.14556727,0.086816624,0.06900728,0.113227874,0.0027660509,0.0073044286,cat,9.5443006e-08,1.9177305e-07,0.00040898463,0.9333257,1.19080405e-05,0.05890508,0.00075293623,0.006595137,5.097091e-09,2.9076343e-08,cat
5V6,truck,0.1498044,0.08987083,0.06378337,0.053955372,0.098496735,0.09209657,0.061078545,0.09169515,0.13163412,0.16758491,deer,0.0951257,0.02659044,0.18994027,0.06185688,0.22338378,0.025180012,0.016842112,0.18975519,0.12561241,0.04571316,bird,0.002405394,0.25317842,0.44006574,0.0017255793,0.2783674,0.003129301,0.011807386,0.0038688572,0.0026501876,0.002801697,horse
5VA,frog,0.005626746,0.0986099,0.12715067,0.06849664,0.17345849,0.09177374,0.23304506,0.08239692,0.016785845,0.102655925,deer,0.00012145098,0.020879421,0.042571954,0.10789911,0.5568806,0.091964774,0.15843995,0.015971292,8.4297535e-05,0.005187189,deer,1.0067431e-10,1.118129e-05,0.1279767,3.4209883e-05,0.86608195,8.582133e-05,0.0058054454,4.766345e-06,3.7117702e-14,1.6661396e-08,bird
5VC,deer,0.043744348,0.1105239,0.09458117,0.08122638,0.1701074,0.13547625,0.116829716,0.10776229,0.042087622,0.09766091,deer,0.011438228,0.007341403,0.06821839,0.20809376,0.5359803,0.10340516,0.03436762,0.027572671,0.0005073361,0.003075106,cat,0.010985285,0.00018976182,0.0022748422,0.9723518,0.01167068,0.0014093915,0.0004224269,0.0006817722,3.2012764e-08,1.4017622e-05,dog
5VG,truck,0.06549525,0.1490008,0.053943872,0.052586984,0.1071984,0.069928095,0.056605116,0.058160722,0.10628407,0.2807967,automobile,0.013418864,0.6726109,0.0012735841,0.00886193,0.010924608,0.0018953189,0.00034131587,0.0014188453,0.05775882,0.23149572,automobile,9.003048e-08,0.9969817,1.93533e-07,1.3019865e-08,7.6793655e-10,9.2761056e-08,1.2372158e-07,6.008672e-11,2.5156667e-06,0.0030152255,truck
5VM,airplane,0.30633962,0.06018606,0.03349335,0.05055268,0.075866416,0.09719965,0.041449618,0.054044984,0.16231215,0.118555434,deer,0.061203156,0.010655524,0.061159614,0.021934971,0.51330125,0.050553013,0.14115223,0.01698612,0.07475272,0.048301402,dog,0.0037044086,1.5727632e-05,0.0005111326,0.00018225514,0.13433142,0.8357892,0.025238838,6.8792074e-06,0.00016427564,5.5876517e-05,cat
5VR,dog,0.045044303,0.054320283,0.11935511,0.114970826,0.10427318,0.18884458,0.16226344,0.13920479,0.027290946,0.0444326,horse,0.0059537417,0.0009996948,0.08310366,0.19066766,0.21855916,0.07030981,0.13216741,0.2937953,0.001118011,0.003325478,horse,0.00026827585,3.2539778e-05,0.19957237,0.16229074,0.0103001855,0.0072764354,0.05120679,0.56886667,2.2107324e-06,0.0001837191,horse
5W2,frog,0.011398249,0.0986679,0.1280293,0.060233343,0.15877146,0.07098265,0.16530454,0.13354152,0.026104884,0.14696614,cat,0.0024193567,0.06265562,0.02170406,0.34728044,0.14416313,0.05939533,0.0070451726,0.32844195,0.0018228524,0.025072042,cat,2.3736231e-06,0.01629567,0.0059303925,0.90792876,0.0057413294,0.009602955,5.7827233e-06,0.054471776,3.058322e-09,2.098377e-05,horse
5W4,frog,0.024553187,0.10020791,0.1279334,0.081817254,0.119090326,0.10127527,0.16483773,0.13139045,0.040796753,0.108097695,deer,0.0815268,0.029449478,0.07388164,0.18266715,0.18722987,0.0352208,0.06641455,0.16767797,0.14295937,0.03297239,airplane,0.4165483,0.0021177672,0.00083323003,0.19086692,0.25590894,0.00010309738,0.06666663,0.003245576,0.05393801,0.009771449,frog
5WA,airplane,0.21884425,0.06060168,0.06476637,0.08263116,0.079383366,0.19158098,0.059755087,0.117097765,0.052677248,0.07266212,cat,0.0018458554,0.00174413,0.012324348,0.850187,0.011592652,0.029325778,0.00058732304,0.087035544,4.184884e-05,0.005315572,dog,9.0003067e-07,5.4829134e-06,0.030587262,0.32262236,2.5074408e-07,0.6404643,1.4801015e-05,0.006268696,1.4836252e-10,3.584882e-05,airplane
5WE,truck,0.09252897,0.09124966,0.061001576,0.07084796,0.11480203,0.0819311,0.07592092,0.089507364,0.12226581,0.1999446,deer,0.02200026,0.054404788,0.029727073,0.07530867,0.22644803,0.10072579,0.046040133,0.093068756,0.209296,0.14298041,deer,0.001509116,0.03774011,8.239953e-05,0.0006630578,0.69902647,0.012188651,0.0016169728,7.22528e-05,0.007237584,0.23986337,deer
5WG,dog,0.027445883,0.056561645,0.13385276,0.12138541,0.11803164,0.18528137,0.18152323,0.11679911,0.0210191,0.038099866,deer,0.0008709867,0.0011992115,0.052664533,0.17816132,0.46761295,0.10278495,0.109730415,0.08588966,0.000291734,0.00079416635,deer,1.5722396e-06,0.00016293264,0.0029318805,0.041961536,0.8571214,0.06498854,0.005494058,0.027337514,2.5815938e-08,6.4441195e-07,deer
5WJ,ship,0.14651695,0.1162779,0.042063545,0.07152424,0.10071797,0.09227331,0.048313826,0.044186417,0.17155005,0.16657576,ship,0.061598442,0.17264792,0.0047503677,0.022872198,0.28445807,0.019120572,0.010443049,0.0014344881,0.38275936,0.039915554,deer,0.21195258,0.006364501,3.289763e-07,5.7749534e-05,0.6101551,1.82324e-05,2.3725293e-06,3.4327863e-09,0.1678225,0.0036266274,airplane
5WM,truck,0.045931,0.09554414,0.070430145,0.06431059,0.15451843,0.07246224,0.10574371,0.10591285,0.06972883,0.21541804,deer,0.004295061,0.09455305,0.030510899,0.09578816,0.3484721,0.029548341,0.1770601,0.063554436,0.008695189,0.14752275,frog,3.426204e-05,0.024390336,0.004943071,0.067551725,0.014413219,0.10066293,0.5971476,0.0710568,8.5781365e-05,0.11971434,truck
5WP,airplane,0.21822928,0.11063898,0.052758507,0.060952265,0.0720669,0.12594597,0.042230915,0.061394233,0.14542708,0.110355765,airplane,0.39632744,0.009821476,0.18698938,0.024342814,0.08191682,0.04589743,0.0052837,0.1397666,0.10746438,0.0021899003,bird,0.02203603,0.00017909636,0.9721101,5.796635e-05,8.199453e-06,0.0020727124,0.0014348205,0.0007397737,0.0013614859,4.5862847e-09,horse
5WR,frog,0.02496302,0.11981701,0.12005766,0.10790685,0.10920141,0.14596806,0.1497932,0.08307034,0.052607562,0.08661494,cat,0.005842481,0.0029368903,0.06122338,0.3839135,0.036054242,0.15014611,0.03689494,0.29995608,0.01749713,0.0055351485,cat,6.85433e-05,3.3139655e-05,0.008230316,0.57289743,3.393324e-05,0.13072348,0.00020651141,0.28771287,3.1963722e-05,6.182688e-05,horse
5WT,airplane,0.6695115,0.03335319,0.020323634,0.025971962,0.015196816,0.11366254,0.009192291,0.013458581,0.07674212,0.022587385,airplane,0.6921332,0.0048740185,0.044788294,0.010276747,0.039455745,0.00037447258,0.0005171483,0.0015387565,0.20188498,0.0041565807,airplane,0.6272967,0.050424196,0.010652175,6.4804786e-05,2.5666588e-05,9.234244e-12,1.8088536e-05,1.6489207e-09,0.3113926,0.00012579533,ship
5WW,truck,0.14421853,0.14927946,0.034984354,0.060228013,0.08668372,0.10516263,0.03742985,0.03238806,0.13461961,0.21500567,automobile,0.0026418557,0.80204254,0.0011167614,0.006273533,0.0059898505,0.0007261965,0.001635718,7.838353e-05,0.0018928193,0.17760234,truck,4.786982e-08,0.002138193,1.4539729e-11,1.4887935e-11,2.1091211e-10,3.2887704e-10,3.2062215e-09,1.186959e-10,9.0154567e-10,0.9978618,automobile
5X0,frog,0.00498304,0.10174725,0.17089197,0.08302554,0.118149415,0.099677876,0.26278868,0.066671394,0.016400462,0.07566436,frog,0.0075536696,0.03608593,0.1983164,0.12967099,0.19047755,0.041627094,0.35134396,0.009836142,0.0148647595,0.02022362,frog,0.0004542963,0.00040710528,0.015534874,0.0010482775,0.010426951,0.00062688283,0.97032106,0.00012867812,7.875641e-07,0.0010510564,frog
5X2,horse,0.080884375,0.08938516,0.10784344,0.09783396,0.11229468,0.117993966,0.11748665,0.1261632,0.06303228,0.08708228,bird,0.038747102,0.022307249,0.2607113,0.11924493,0.19852316,0.13375647,0.11696661,0.08225644,0.014674336,0.012812317,airplane,0.52120763,0.00811665,0.15466306,0.0117238145,0.21365853,0.023113476,0.06603006,0.0012844702,0.00014161244,6.069922e-05,airplane
5X4,dog,0.037348866,0.051042944,0.12028095,0.1054665,0.12538247,0.18815246,0.15577602,0.155266,0.02092798,0.04035585,horse,0.0019654387,0.00039144544,0.029442638,0.18976115,0.17431423,0.10647207,0.017663805,0.47924623,0.00021614404,0.00052686804,horse,1.3272823e-06,1.4374075e-07,0.00063076464,0.0438918,0.00022583887,0.0627044,6.9568773e-06,0.8925387,2.382012e-10,1.8759444e-08,horse
5X6,frog,0.0071913977,0.06763052,0.13854316,0.055828515,0.1593063,0.07120709,0.25021735,0.12677842,0.01531926,0.10797797,deer,0.0021521165,0.0067481594,0.10975845,0.041545924,0.38447416,0.02749033,0.3390712,0.07918518,0.00081187196,0.008762515,frog,1.8981083e-05,0.00015054611,0.030642862,1.6599348e-06,0.029449793,0.00053954014,0.92948455,0.0065500517,2.3805578e-08,0.0031620348,frog
5X8,frog,0.012456826,0.06034126,0.13287446,0.120068185,0.10070344,0.17830601,0.24306475,0.092523724,0.015793191,0.043868043,frog,0.0011174432,0.00093906536,0.013048695,0.25490823,0.25776887,0.123117335,0.2848247,0.05190743,0.00071574055,0.01165253,dog,6.0864096e-07,1.2320568e-06,0.0006376593,0.00054516905,0.0032618465,0.84899914,0.14038141,0.006092621,4.244612e-09,8.035287e-05,dog
5XA,frog,0.026573002,0.08292305,0.13844347,0.10544014,0.11293815,0.14621723,0.18645269,0.10923765,0.028630566,0.06314398,deer,0.0121273305,0.015686944,0.13530852,0.08757988,0.4105089,0.019966822,0.25965667,0.017396452,0.0133139435,0.028454516,deer,0.0029659392,0.000399145,0.12551421,0.0014127046,0.4952814,0.0041592955,0.36725068,0.0014371775,1.4444746e-05,0.001565059,frog
5XE,airplane,0.22704896,0.089032315,0.028706701,0.049947176,0.08194412,0.08882564,0.035256617,0.036787506,0.19569479,0.16675627,ship,0.14091966,0.069213495,0.020698894,0.018229628,0.23287402,0.034412738,0.04779873,0.0024373666,0.4139692,0.019446258,airplane,0.91179425,0.0074863043,5.9191752e-05,1.05792415e-05,0.017162044,0.010150368,0.005055837,6.9912837e-10,0.036938895,0.011342464,ship
5XG,airplane,0.31330544,0.07392557,0.052237555,0.07063248,0.05838117,0.16636358,0.043310426,0.04894416,0.10953384,0.06336578,bird,0.18097651,0.009863086,0.3447634,0.11527697,0.119072385,0.14204146,0.027866036,0.02791949,0.0239477,0.0082730325,dog,0.0054502715,6.691632e-05,0.01630906,0.009461461,0.00013989733,0.96821475,0.0001211117,1.9761308e-05,0.0001836858,3.3028886e-05,horse
5XP,truck,0.01794594,0.12365424,0.10565029,0.05957833,0.13706975,0.07038152,0.12966888,0.09447219,0.04079188,0.22078705,truck,0.018297687,0.16570722,0.03294142,0.05305529,0.082808435,0.007104895,0.015530288,0.011438131,0.020684801,0.5924319,truck,3.9119095e-05,0.0045025847,0.00015305157,3.651395e-05,3.496673e-06,6.896973e-06,2.5863663e-05,5.179683e-06,2.8728238e-07,0.995227,truck
5XT,dog,0.06946994,0.08169512,0.10690801,0.107988395,0.087488115,0.14442877,0.12748872,0.10476617,0.08704123,0.08272559,bird,0.0055375807,0.0013196676,0.28160655,0.23669179,0.04153623,0.043905634,0.17126706,0.14775874,0.06798335,0.0023933814,cat,4.1725663e-05,0.0001586637,0.019641574,0.61327904,0.0016291583,0.008037236,0.09693488,0.25127563,0.009001826,3.030452e-07,frog
5XW,airplane,0.18333508,0.0793809,0.042144734,0.057963256,0.10214363,0.081006356,0.06302228,0.06631017,0.14138815,0.18330553,ship,0.22054379,0.021951653,0.004500733,0.0007637103,0.07108927,0.000932029,0.0757071,0.00027291704,0.5661645,0.038074266,ship,0.031748857,0.0003525001,7.098779e-10,5.3953517e-09,0.00028052143,6.2230254e-07,0.0004230459,1.2795391e-10,0.9669466,0.00024787136,automobile
5XY,airplane,0.17487827,0.07032849,0.055158217,0.08472406,0.09459134,0.15582058,0.08125122,0.09886781,0.10033858,0.08404138,horse,0.013421834,0.003024285,0.060566835,0.11017415,0.23483534,0.09296181,0.1910348,0.2710083,0.007055185,0.015917351,dog,0.00036365926,0.0001829723,0.011221697,0.056487378,0.06588858,0.82561487,0.011887448,0.027421523,2.959008e-05,0.00090232905,dog
5Y0,frog,0.010282236,0.07712082,0.17598847,0.07593799,0.13617317,0.10112293,0.21822129,0.11352211,0.01989232,0.07173869,deer,0.0019174216,0.0027291526,0.2581359,0.12107696,0.28598532,0.06902418,0.15505406,0.10341725,0.001426654,0.0012331235,bird,1.1806936e-06,6.89587e-07,0.9724023,0.0005333269,0.02640016,6.165322e-05,0.00026514052,0.00033557473,7.700326e-11,9.187397e-09,deer
5Y8,frog,0.018255955,0.06721148,0.14533994,0.104583256,0.110384114,0.12780319,0.2132147,0.12644732,0.023727885,0.06303215,cat,0.0017683242,0.004703671,0.061547656,0.4207541,0.15076843,0.08020278,0.09230425,0.1799113,0.0021844427,0.005855089,horse,1.5933973e-06,4.4960772e-05,0.002449581,0.020033982,6.116059e-05,0.4392923,0.00032141517,0.53777915,4.8792634e-07,1.5412743e-05,cat
5YC,airplane,0.42299414,0.038381632,0.024443228,0.044816382,0.060281385,0.10837968,0.035343476,0.046991065,0.14860101,0.06976799,frog,0.036782872,0.00046315434,0.14564086,0.06470518,0.2847465,0.042318963,0.40950698,0.010545353,0.002704356,0.0025857396,frog,0.00013365508,5.273366e-08,0.022065599,8.8865854e-05,0.0009105011,0.0121134035,0.9646878,4.177721e-09,2.0383889e-10,2.0399895e-08,frog
5YJ,deer,0.036863927,0.124139674,0.10368219,0.09203234,0.12806647,0.12562235,0.12370238,0.08994322,0.055832546,0.120114915,dog,0.012244295,0.038122237,0.15469144,0.09642004,0.15261643,0.26767686,0.07383243,0.1926255,0.0055837706,0.0061869514,bird,6.0774724e-05,0.0027413412,0.7477259,0.014134712,0.010930165,0.17504248,0.002132904,0.047230348,6.653535e-08,1.392444e-06,airplane
5YM,frog,0.013074537,0.10597769,0.13518299,0.07749956,0.14632744,0.09332287,0.20316996,0.090365656,0.030992828,0.10408649,bird,0.003970365,0.023028104,0.25104946,0.0593076,0.19150461,0.17898849,0.2456642,0.039200272,0.0017383891,0.0055484576,bird,6.569366e-06,0.0015521504,0.9402259,0.00020060904,0.0016317397,0.0035190461,0.05265909,0.00017657602,1.8822501e-08,2.824058e-05,deer
5YP,truck,0.09288871,0.121657155,0.04417372,0.05576909,0.107929125,0.06727261,0.046455152,0.039547097,0.14559591,0.27871153,truck,0.012757354,0.28855,0.006363582,0.004378362,0.056444302,0.0012112386,0.013863918,0.00012654853,0.2018294,0.41447535,truck,0.0019694688,0.0011596612,1.799949e-07,5.425103e-08,0.0002921128,1.2975961e-09,9.181503e-07,3.4140399e-12,0.0014856111,0.99509203,ship
5YR,frog,0.015522832,0.057998937,0.119264536,0.112111434,0.11720739,0.15482494,0.23576033,0.11488589,0.015750388,0.056673255,deer,0.00039813702,0.0020657745,0.003046666,0.13882034,0.57237715,0.0044859303,0.25318924,0.008972952,0.0005068345,0.01613698,frog,3.5604544e-06,6.288583e-06,1.1668725e-07,0.0009491263,0.36203355,0.00059054286,0.62175757,0.002870119,1.3926852e-07,0.01178897,deer
5YT,dog,0.062278915,0.103901945,0.08895485,0.108691856,0.109773554,0.19913293,0.11056058,0.10249969,0.043303877,0.070901796,deer,0.04135555,0.07552984,0.059250887,0.12178669,0.24661952,0.22501577,0.037848093,0.16013002,0.008422751,0.024040855,dog,0.031740952,0.33836812,0.044278797,0.09498431,0.02198554,0.45970774,0.0028282227,0.0050304313,9.033277e-06,0.0010668829,automobile
5YW,airplane,0.22265577,0.09438984,0.031093573,0.038010474,0.06687211,0.068021566,0.029495677,0.033598464,0.19402702,0.22183545,ship,0.096618414,0.16133839,0.007198064,0.0010986676,0.012079873,0.0007512685,0.0015360242,0.00019929135,0.651594,0.067586035,ship,0.016745914,0.31841016,3.6245567e-06,3.5107325e-10,4.4794962e-08,2.9315557e-09,2.1994701e-06,1.1952107e-12,0.62835014,0.03648793,truck
5YY,truck,0.115664326,0.12159783,0.03329989,0.041334115,0.07665419,0.06501351,0.035782613,0.040130932,0.12193169,0.34859094,truck,0.0040525086,0.26648027,0.00046163227,0.000112260226,0.0013553359,3.386729e-05,0.0004549118,4.8464888e-05,0.081510164,0.6454905,truck,3.0477816e-09,0.0010809103,2.0153039e-11,2.6588276e-14,9.973268e-11,1.1664991e-12,1.7409022e-08,4.659951e-13,7.17317e-06,0.998912,automobile
5Z2,airplane,0.55208105,0.033558592,0.023161396,0.03450384,0.032380786,0.098617956,0.021113707,0.029513136,0.12832554,0.046743978,airplane,0.37264228,0.0017880552,0.18765597,0.024140036,0.19679223,0.005704676,0.029028397,0.045181714,0.12343024,0.0136364335,airplane,0.69137067,5.3146528e-06,0.21833478,8.2194965e-05,0.004371095,3.363257e-08,0.001152801,1.8918621e-07,0.08468007,2.731585e-06,airplane
5Z4,truck,0.04420366,0.13529383,0.0676903,0.06921417,0.12607259,0.08173933,0.085964695,0.06511632,0.07292218,0.25178292,truck,0.004665401,0.44069505,0.017228225,0.017364083,0.03231927,0.018714653,0.015042171,0.0025815002,0.010455186,0.44093436,truck,2.8278788e-05,0.0674779,0.0153971305,3.5274938e-05,6.726442e-06,0.20296666,0.00031589085,8.972195e-06,1.923428e-05,0.7137439,truck
5Z6,frog,0.010311262,0.14529641,0.17045653,0.08495024,0.12923747,0.09479013,0.1844404,0.065501,0.03111704,0.08389954,cat,0.00939572,0.14652073,0.25744906,0.27582407,0.0850116,0.069379866,0.120709434,0.012321257,0.01759485,0.0057934257,automobile,0.000286236,0.65780973,0.29870087,0.041376047,0.00052984984,0.0010849342,0.00013153012,6.102275e-05,1.0797372e-05,9.054415e-06,horse
5ZA,dog,0.090567835,0.11111342,0.06877349,0.09138832,0.11662042,0.16252416,0.088101186,0.08816432,0.06965988,0.11308693,horse,0.016087543,0.03766388,0.056756068,0.19362761,0.26100785,0.09330894,0.026983047,0.29566532,0.0015139593,0.017385777,horse,3.074093e-08,9.2351954e-08,0.00037909378,0.026942987,0.00070484774,0.0071612434,3.48718e-08,0.9648117,3.6039817e-11,1.6876543e-08,horse
5ZC,frog,0.008537973,0.10026979,0.1760334,0.08079314,0.1272824,0.09495877,0.22736266,0.08148026,0.023576917,0.079704724,frog,0.0053519057,0.021356253,0.24807562,0.12988308,0.22871369,0.053429596,0.2723428,0.02460263,0.008543513,0.007700856,bird,4.057394e-05,0.0011489302,0.7552192,0.00043121426,0.21572037,6.0309878e-05,0.027332311,2.8717257e-05,9.457283e-08,1.8219189e-05,bird
5ZJ,truck,0.1295364,0.1286461,0.037677184,0.05154213,0.07645395,0.067403674,0.034423884,0.028867666,0.18970661,0.2557423,ship,0.01596385,0.22354871,0.0019610561,0.0010749642,0.0040408075,0.00032327988,0.0009260326,8.996639e-05,0.62195355,0.13011774,automobile,3.3251898e-05,0.9491394,1.955495e-06,1.0053759e-09,1.7630886e-07,4.2317758e-08,4.41763e-07,2.0582056e-12,0.0031088467,0.047715873,automobile
5ZM,ship,0.1277369,0.12902248,0.050015375,0.065759875,0.07365094,0.0998281,0.04289739,0.038109507,0.1988079,0.17417149,truck,0.013065861,0.18508975,0.03178104,0.22972445,0.07158887,0.007367257,0.002813961,0.0066087735,0.10068684,0.35127315,truck,5.115323e-06,0.05526855,8.853852e-07,0.00015387502,5.9076956e-06,6.3626895e-09,3.964295e-08,1.2414707e-11,0.00010637104,0.9444592,truck
5ZP,airplane,0.37557858,0.04802288,0.034413807,0.07664625,0.045365736,0.1812785,0.039989207,0.04709839,0.10375417,0.04785247,cat,0.008742207,0.004912244,0.0026565625,0.5563895,0.031173058,0.28275305,0.0103215305,0.08239866,0.0019661814,0.018686987,dog,6.320945e-06,0.006116514,2.3193811e-08,0.072595686,0.0019093374,0.9117231,0.0002987754,0.0007528838,0.00025999284,0.006337321,cat
5ZR,airplane,0.7395168,0.016210247,0.013330675,0.013,0.013444304,0.06082262,0.009258706,0.012819448,0.09783308,0.023764133,airplane,0.9343841,5.2951174e-05,0.0120787015,2.3567229e-05,0.00065372506,7.768109e-05,0.000248914,4.7769197e-05,0.0522744,0.00015830039,airplane,0.9987072,6.080148e-10,7.781844e-08,3.278813e-13,8.445669e-10,1.0996907e-12,8.0481e-10,4.3816210000000004e-18,0.0012926442,1.575618e-13,airplane
5ZW,frog,0.0202209,0.05647824,0.12043019,0.114038385,0.12115947,0.17776693,0.21230158,0.11043926,0.02043454,0.046730436,deer,0.00040299437,0.00061675604,0.061741605,0.24982171,0.2828445,0.15810297,0.16150455,0.08312791,5.984712e-05,0.0017771232,dog,1.1432991e-06,0.0026212053,0.054498106,0.07054001,0.0005186402,0.85702443,0.012243943,0.0023815543,2.1163261e-08,0.00017094068,dog
602,airplane,0.2573306,0.06818632,0.059573993,0.07951746,0.07741446,0.119899504,0.058977112,0.07998916,0.11664138,0.08247004,cat,0.08054539,0.007425092,0.20239787,0.26005378,0.20954484,0.048346184,0.075091064,0.08232952,0.014831506,0.01943472,cat,0.01651831,8.921022e-05,0.40254882,0.5714379,0.002896131,0.00034252641,0.0039556776,0.0008134168,0.001268248,0.00012970062,airplane
604,frog,0.0145045705,0.09900118,0.16585453,0.11311076,0.109442964,0.14646868,0.19187565,0.08008074,0.025464838,0.05419604,deer,0.0028900458,0.008022905,0.20456156,0.16934188,0.38311726,0.07840335,0.10728551,0.03139598,0.011787682,0.0031939275,bird,6.6086335e-07,9.618399e-06,0.58486253,0.0050846552,0.3834695,0.018749373,0.0033176835,0.004505915,3.0472073e-08,4.5834568e-08,frog
606,dog,0.09261533,0.081272475,0.0895019,0.123720825,0.07639973,0.22465238,0.09517245,0.081423566,0.07988261,0.055358723,horse,0.001520145,0.00040043838,0.043076966,0.17066894,0.013817997,0.25662076,0.01281833,0.49917156,0.0013980478,0.0005068329,dog,5.441413e-08,4.5925635e-06,0.00056714815,0.014856363,6.453685e-06,0.9660631,4.057121e-07,0.018501822,3.8540897e-08,1.6140719e-08,dog
608,airplane,0.17046954,0.047485337,0.04890942,0.06250376,0.1206559,0.11570978,0.09090306,0.14718643,0.081444934,0.114731856,frog,0.0054585394,3.934622e-05,0.05389816,0.21840249,0.20437251,0.032313667,0.29169723,0.19309796,0.00027035852,0.00044973937,frog,0.00010766193,7.6129575e-10,0.00018401342,0.0047119725,3.8743788e-06,1.886588e-05,0.9948436,0.00012996691,8.4484375e-10,4.6425946e-08,horse
60A,airplane,0.20128259,0.106409945,0.043573912,0.06393718,0.092706844,0.10903935,0.047311157,0.07370692,0.096553504,0.16547856,automobile,0.05480101,0.8121454,0.0011991592,0.0050994675,0.0129545955,0.0027973624,0.00029747043,0.0038637468,0.008466773,0.09837485,automobile,0.01642863,0.774795,1.847974e-07,1.3282054e-05,5.1872985e-06,3.6742938e-09,2.1898249e-08,1.7959524e-08,0.0025304623,0.20622723,ship
60C,frog,0.023082765,0.0912805,0.112087555,0.0898884,0.1528247,0.1015104,0.17545627,0.10444387,0.042650457,0.10677499,deer,0.0013452274,0.0050455118,0.1211391,0.093550816,0.35960898,0.05570453,0.32157573,0.032485746,0.0011433113,0.008401087,frog,2.104491e-06,0.00023833913,0.2098757,0.015222888,0.10462548,0.002964596,0.66663355,0.00012344251,5.6247114e-08,0.00031381162,cat
60E,airplane,0.28395745,0.08174066,0.043201935,0.058854993,0.048099972,0.115413465,0.03383649,0.041667584,0.17102377,0.12220365,ship,0.035960022,0.007070555,0.023314431,0.0057789944,0.022821628,0.00016084229,0.0008205081,0.0010111454,0.7122233,0.19083852,ship,0.0005840114,0.0001226612,7.8339894e-05,1.4404068e-07,2.1365315e-06,1.16482275e-11,3.615406e-07,1.5199232e-10,0.99855334,0.00065908255,ship
60G,frog,0.022807254,0.1055572,0.124393284,0.0860154,0.1502079,0.10088309,0.16129889,0.10415338,0.037600614,0.107083,deer,0.0050586932,0.02806026,0.1802164,0.101729505,0.26623252,0.25179988,0.103935905,0.05498288,0.0013150563,0.006668785,bird,2.7231517e-06,0.00014623711,0.9087659,0.0016892777,0.022367133,0.055332318,0.011230117,0.00046434763,1.1037455e-09,1.8801354e-06,bird
60J,truck,0.14521681,0.103732474,0.049485553,0.051823985,0.08915076,0.06883817,0.056685437,0.062258333,0.13915911,0.23364936,ship,0.21256204,0.12170398,0.0061950516,0.00056037615,0.0065461528,0.00040962783,0.007878397,0.00030520748,0.55887944,0.08495972,ship,0.24331479,0.29215184,5.3058916e-06,4.0955164e-09,1.11341635e-07,1.3767441e-08,0.0016000242,1.336478e-11,0.43583584,0.027092133,automobile
60P,frog,0.009437668,0.0909117,0.1595352,0.07937642,0.13108106,0.08935486,0.2388811,0.08716754,0.023352006,0.090902366,frog,0.0034712153,0.018469576,0.17121768,0.09742642,0.22206222,0.042242803,0.39972252,0.025666798,0.0051044123,0.014616348,frog,0.0006280094,0.021613585,0.18850574,0.0057491357,0.10130823,0.0045532696,0.6699438,0.00082663173,8.703976e-06,0.0068629524,dog
60T,frog,0.029225377,0.09737749,0.123717844,0.08560514,0.13551928,0.11400991,0.16590545,0.11888298,0.03998469,0.08977177,bird,0.020851929,0.0096850665,0.25187758,0.059183855,0.14924909,0.1166789,0.19043477,0.18419492,0.012411468,0.0054324986,bird,5.4127977e-05,4.580199e-05,0.97811425,4.760015e-05,1.1530174e-05,0.0017537214,0.013933328,0.0060364665,2.6711925e-06,5.823466e-07,frog
60W,airplane,0.20254952,0.055634562,0.04695875,0.060788497,0.10493175,0.11124431,0.075366065,0.118442714,0.110063694,0.11402016,frog,0.0127534075,0.0009036662,0.074956745,0.120082416,0.25915843,0.043847557,0.3468783,0.13367383,0.0059459102,0.001799749,frog,0.0035023454,4.8628954e-05,0.007769062,0.05766218,0.00091884215,0.009267083,0.466948,0.453775,3.787998e-06,0.000105059684,airplane
60Y,truck,0.02634003,0.08341701,0.05905567,0.04965193,0.16237229,0.05422798,0.10496569,0.08911589,0.049163543,0.32168996,truck,0.00011964282,0.042853456,0.0053329077,0.03348303,0.3593754,0.003875518,0.15060796,0.0077729532,0.0004623134,0.39611685,truck,5.452174e-08,5.652178e-05,7.895698e-05,0.0045570005,0.13001306,0.0012497152,0.003518777,2.9131985e-05,2.4611542e-09,0.86049676,frog
61G,airplane,0.25358817,0.07485982,0.039231095,0.06803541,0.090981886,0.12067841,0.051564027,0.061348222,0.13252993,0.1071831,deer,0.038894683,0.03256433,0.06475244,0.09070618,0.5023266,0.060089137,0.15400168,0.024516886,0.008651064,0.023497008,frog,0.029175753,0.13727038,0.041221276,0.00045854016,0.008338422,0.015520726,0.7675874,1.0969693e-05,4.5379736e-07,0.0004161016,airplane
61M,frog,0.033168525,0.08293064,0.10363036,0.08793954,0.13427071,0.10499544,0.15224689,0.13303128,0.03703307,0.13075347,deer,0.0021002733,0.03495053,0.031302027,0.18495119,0.3265763,0.06864924,0.19721736,0.059965074,0.0012437829,0.09304423,dog,0.000113786904,0.0011920609,0.00057908834,0.24743441,0.023358995,0.44955748,0.08054075,0.042595953,1.7108378e-05,0.15461032,cat
61P,frog,0.013095091,0.11073363,0.16212736,0.11432272,0.10634335,0.1601361,0.1923666,0.06732492,0.022667946,0.050882295,cat,0.0053837467,0.05336247,0.18829763,0.26110932,0.1487382,0.17232008,0.13157822,0.029016359,0.0067389933,0.0034549788,deer,6.081424e-05,0.014835566,0.02878209,0.041855387,0.45558542,0.43858707,0.009684024,0.010600937,1.3789221e-06,7.345395e-06,dog
61R,truck,0.049146447,0.09555109,0.0670477,0.0853719,0.14813395,0.10511696,0.108272076,0.09967859,0.06009463,0.18158668,deer,0.0033235955,0.20050152,0.00852668,0.060488094,0.39118266,0.014151962,0.082250245,0.017930187,0.0042664134,0.2173786,truck,1.350817e-05,0.016548,9.968685e-11,4.8248236e-05,0.00043770377,4.668686e-06,1.966538e-06,3.66674e-05,3.3617118e-06,0.98290586,automobile
61T,airplane,0.22265038,0.06962831,0.052011956,0.09344287,0.090855815,0.13736807,0.066090465,0.07512946,0.11089838,0.08192429,cat,0.03099296,0.0039094198,0.070235096,0.41484913,0.2682587,0.08383263,0.09561306,0.01688905,0.0017172165,0.013702691,frog,0.0028886355,9.244383e-05,0.012008191,0.22024205,0.032084085,0.046846453,0.68567127,3.5084822e-06,7.729342e-07,0.00016254472,bird
61W,dog,0.112989016,0.044490524,0.07691936,0.11521391,0.093856886,0.25159052,0.10833354,0.12107345,0.042079736,0.03345308,horse,0.0031232825,1.9344387e-05,0.050497912,0.21839172,0.17231727,0.14094974,0.079195864,0.3349964,0.00015131918,0.00035714105,dog,0.000114345916,3.8511633e-08,0.0028894641,0.01537605,0.0074451,0.86263305,0.015966255,0.095575646,2.6269916e-08,6.332406e-08,bird
622,airplane,0.46968096,0.029940797,0.023746327,0.040577587,0.04959117,0.113547415,0.03131492,0.053322304,0.12929818,0.05898038,deer,0.044958793,0.00017032813,0.18007776,0.16697274,0.27098495,0.088462904,0.11219006,0.13113174,0.0020104414,0.0030402641,frog,7.207123e-05,3.34793e-07,0.22511147,0.11529455,0.18897262,0.2071631,0.26337895,3.5323724e-06,2.1360256e-09,3.328785e-06,horse
626,truck,0.07204195,0.117558055,0.095913954,0.09775213,0.10688882,0.11489611,0.10047018,0.08084995,0.08957008,0.12405875,deer,0.023461688,0.08204273,0.121457204,0.11614654,0.31624463,0.01377121,0.12562622,0.017945325,0.08801479,0.0952896,frog,0.001669195,0.014609012,0.0021010682,0.005256088,0.31443357,1.7598739e-05,0.64954805,2.5474583e-05,0.0073631234,0.0049768197,deer
62A,frog,0.0031343114,0.08140774,0.1805307,0.07250737,0.11142725,0.08679527,0.30752012,0.07013953,0.014056416,0.07248124,frog,0.0007294153,0.0034238216,0.063169174,0.2320208,0.08038515,0.028812902,0.57015365,0.015346976,0.0028370542,0.0031210347,frog,2.1603765e-07,9.4644005e-05,8.140729e-05,0.0004987648,0.00013240009,0.00016289153,0.999012,2.0120558e-06,1.7160325e-09,1.5499974e-05,frog
62C,frog,0.033994578,0.061455477,0.11400682,0.097073175,0.10763165,0.14659396,0.17424077,0.14453593,0.035488345,0.08497927,horse,0.0016745252,0.000401471,0.018908747,0.21504797,0.06138214,0.11396802,0.0668363,0.5073245,0.00093463814,0.013521642,horse,6.1080805e-06,3.2137527e-07,1.555325e-05,0.00017749476,9.642407e-06,0.117040694,6.8180765e-05,0.8794081,3.937354e-07,0.003273473,horse
62E,airplane,0.70639706,0.021448892,0.019043295,0.019528,0.018437188,0.077095486,0.012934911,0.01951554,0.08286113,0.022738425,airplane,0.9478602,0.00012669226,0.011707413,0.00012621579,0.004866219,0.00034907638,0.0005318365,0.00032450634,0.03399785,0.00011004496,airplane,0.9996767,8.949247e-11,4.2005507e-08,1.244944e-11,4.1561922e-08,1.7451117e-12,1.9201383e-09,2.473997e-15,0.00032333907,3.4027228e-15,airplane
62G,frog,0.009619347,0.091655955,0.14527032,0.07160429,0.12559314,0.0913467,0.21763217,0.10572974,0.025156446,0.11639192,frog,0.020034065,0.012191917,0.1877371,0.19671765,0.10280531,0.07775219,0.20282438,0.16496806,0.012995034,0.021974264,frog,0.0038671237,0.0048763333,0.029340625,0.016307702,0.00020704373,0.008900218,0.673551,0.08169344,4.8462727e-05,0.18120809,frog
62J,horse,0.06648806,0.056314014,0.10879956,0.084106945,0.11584702,0.12472978,0.13002172,0.19611946,0.041337162,0.07623635,horse,0.019995898,0.00052112207,0.06688067,0.03401231,0.064970024,0.04824068,0.011133048,0.7506685,0.0026418995,0.00093582214,horse,0.024572205,0.00013116762,0.08455544,0.0013548327,0.09316272,0.0007462126,0.018343896,0.776661,0.00014766277,0.0003248911,cat
62M,frog,0.00996551,0.0744842,0.1416094,0.07852819,0.14977771,0.09634613,0.2463562,0.1035963,0.020029018,0.07930738,frog,0.00016507399,0.0023219965,0.100710124,0.05206628,0.3381082,0.029909475,0.45591262,0.017893145,0.00023056265,0.0026825333,frog,1.6611165e-09,1.6836855e-06,0.31120026,0.00032317915,0.022937814,3.4001944e-06,0.66552556,8.097374e-06,9.1586174e-12,5.8499893e-08,deer
62P,frog,0.014053715,0.09095568,0.13656554,0.088876866,0.11875073,0.095388874,0.1968281,0.09966432,0.03845486,0.12046136,frog,0.004310937,0.0034043798,0.15522407,0.31336966,0.04853768,0.07365824,0.3398058,0.03414516,0.017804885,0.009739249,frog,1.7761242e-05,4.8254096e-05,0.0044209226,0.3505357,2.8569302e-05,0.0013056862,0.64284986,7.7397235e-05,4.146378e-06,0.0007116435,dog
62T,truck,0.071333595,0.11436508,0.06582611,0.06465141,0.113969095,0.06680685,0.07598089,0.064132325,0.122214034,0.24072061,ship,0.029620087,0.05159496,0.007564663,0.0026043113,0.022711024,0.0043624886,0.023180518,0.0016427888,0.77830356,0.07841558,ship,0.0002654648,0.0010734661,2.483912e-07,4.475384e-09,3.1713157e-06,2.0742632e-06,3.145426e-05,3.9847503e-09,0.9949759,0.0036482187,ship
62W,airplane,0.17204936,0.12087788,0.06708638,0.07100151,0.09019744,0.13917874,0.057476114,0.063785866,0.12041051,0.09793616,airplane,0.36113214,0.023310551,0.13586323,0.013178805,0.2471802,0.012244566,0.022362165,0.024767455,0.15140289,0.008557899,bird,0.20490542,0.0025502264,0.41925424,3.8288067e-06,0.3446602,4.8490812e-05,0.018013436,9.7097356e-05,0.010423582,4.3576e-05,airplane
62Y,frog,0.008765198,0.0828706,0.094713405,0.077425905,0.16720839,0.09203693,0.2312978,0.104517,0.021781152,0.119383566,frog,0.00030994165,0.044651188,0.0073602158,0.11543779,0.20712557,0.017105255,0.5043715,0.040951613,0.0015177102,0.061169222,truck,6.450701e-09,0.04932992,1.4634277e-08,5.499267e-08,4.3887133e-07,4.956825e-08,0.020864986,2.1293468e-05,1.0932202e-06,0.92978215,truck
630,airplane,0.6627394,0.026304297,0.017001614,0.019987656,0.019590346,0.07148536,0.013430907,0.015301038,0.11853806,0.03562129,airplane,0.7460408,0.002597113,0.047188196,0.00047741347,0.012937573,0.00028106122,0.0053223576,0.00016028772,0.18082288,0.0041723563,airplane,0.99698657,1.4134282e-06,0.00010249816,1.6401563e-09,1.6546568e-06,6.954187e-11,2.345602e-06,4.7965697e-15,0.0029054733,4.1265763e-10,airplane
636,airplane,0.32582048,0.060027942,0.040983856,0.068687275,0.06184513,0.13877808,0.043179475,0.05429066,0.12934168,0.077045344,cat,0.054060522,0.011644836,0.12145293,0.35630867,0.20043553,0.1496943,0.031499,0.017816694,0.0060523935,0.05103505,dog,0.001522511,0.008875221,0.0032704491,0.0007369368,0.06726528,0.9094724,0.0038898445,3.9807162e-08,1.576415e-06,0.004965702,dog
638,airplane,0.17752782,0.11330279,0.08936592,0.07068968,0.06681355,0.14578494,0.06254321,0.07107994,0.10188645,0.10100569,ship,0.28352544,0.012065976,0.036851056,0.002905681,0.02220414,0.00086304283,0.0016453164,0.00067108293,0.61956066,0.019707626,ship,0.019213311,7.301886e-05,0.0018384586,5.028621e-07,0.004562831,6.407127e-08,2.3852932e-05,4.5625556e-10,0.9742774,1.052917e-05,airplane
63A,deer,0.081538334,0.08759634,0.07525261,0.09646431,0.13466989,0.13244003,0.110362746,0.11918727,0.063414946,0.09907344,deer,0.0042916536,0.0031246913,0.04263831,0.17657298,0.44709268,0.055022504,0.062334903,0.20353937,0.0005961951,0.004786697,horse,2.202203e-06,1.8173903e-06,0.008062768,0.020674048,0.002138641,0.0037845408,0.0020625386,0.96326584,1.0783454e-08,7.6047663e-06,deer
63E,frog,0.015033126,0.061899833,0.1386394,0.11628306,0.10806523,0.16776481,0.21556725,0.10087311,0.02094827,0.054925878,frog,0.00033731744,0.0006214746,0.039930753,0.17156896,0.24971709,0.098609395,0.4110187,0.024405839,0.00040046588,0.003390012,frog,3.435966e-07,1.4858727e-05,0.10640718,0.02435911,0.0009269614,0.20521948,0.6613727,0.0016798282,6.189813e-09,1.952152e-05,cat
63G,truck,0.021403518,0.10030012,0.07781595,0.06216505,0.15933256,0.07293954,0.13293144,0.08881421,0.052240945,0.23205663,truck,0.0023322022,0.07198168,0.011777085,0.04410584,0.26087198,0.07745183,0.11011932,0.04983664,0.003683517,0.3678399,truck,4.5539815e-07,0.0007505122,1.2354249e-08,1.5540468e-06,0.0110319415,0.00088065845,7.788841e-06,6.3698026e-05,4.492184e-08,0.9872634,automobile
63J,frog,0.009285056,0.10291697,0.13368903,0.07729307,0.13583656,0.076631576,0.21339485,0.0776149,0.03572931,0.13760863,frog,0.0016487731,0.020838233,0.036460746,0.19949509,0.103278324,0.045704365,0.50917214,0.04964171,0.010015938,0.023744598,frog,5.2422195e-07,0.0012314437,7.159523e-06,0.0017219167,2.134711e-05,1.7050291e-06,0.995274,3.3660401e-06,3.716076e-08,0.0017385287,frog
63M,frog,0.035987906,0.12290479,0.10816087,0.0952123,0.1302504,0.12303681,0.13080356,0.088473395,0.06265498,0.10251504,cat,0.02237033,0.03054253,0.0857834,0.2277363,0.19651555,0.13932703,0.1606439,0.11672569,0.013613811,0.006741525,dog,0.0021269752,0.028866662,0.0006465335,0.2363906,0.008811327,0.6890362,0.0052286224,0.02858753,1.120696e-05,0.00029430137,dog
63R,airplane,0.16798198,0.07919753,0.05285455,0.09088766,0.0963371,0.13842325,0.0723659,0.08555114,0.11866215,0.09773871,cat,0.0026965546,0.005474774,0.029744169,0.44025508,0.26443037,0.06187873,0.09112925,0.08118282,0.008211884,0.014996394,cat,8.572084e-06,0.00240288,0.00021249331,0.4602223,0.039483085,0.31716067,0.14040676,0.019149572,0.00055543665,0.020398298,deer
63T,deer,0.102345414,0.0748502,0.07042425,0.08026335,0.12728927,0.10955567,0.10793754,0.127142,0.07357698,0.12661539,frog,0.020997953,0.0052974788,0.0685773,0.1686393,0.24038146,0.07461591,0.32653198,0.08059938,0.004576557,0.009782604,frog,0.014908392,0.000381363,0.00059506507,0.009542745,0.0016590294,0.0015896484,0.97066015,0.00027497535,5.033781e-06,0.0003835511,cat
63Y,airplane,0.18991442,0.09773258,0.045608103,0.07010158,0.06352515,0.15917157,0.043667983,0.047664005,0.13635255,0.14626208,truck,0.0052618077,0.038901865,0.014547961,0.16691521,0.033129916,0.045746997,0.006637547,0.045154188,0.022583624,0.6211208,truck,4.5001173e-08,7.648551e-06,5.534154e-07,1.0252818e-05,8.2168356e-07,0.018537901,3.1226104e-05,0.00023724767,0.00014291685,0.9810315,ship
642,dog,0.028313637,0.084849216,0.12841381,0.12274607,0.08174044,0.27460974,0.15125197,0.078772835,0.019248359,0.03005383,cat,0.1440615,0.021643337,0.1557632,0.20927566,0.14520276,0.18102309,0.04158728,0.061921477,0.03470696,0.004814814,airplane,0.7767354,0.0046097287,0.03355233,0.004787852,1.195591e-06,0.00037837843,0.00030841393,0.028201407,0.15096778,0.00045748198,automobile
644,truck,0.080589846,0.11446924,0.06491873,0.07200747,0.14405651,0.11524959,0.07619273,0.11672909,0.055159852,0.1606269,airplane,0.33531657,0.2206414,0.030906081,0.09830377,0.17705753,0.02678091,0.0028974663,0.03954986,0.008842354,0.05970407,airplane,0.769082,0.011382815,0.12334823,0.08149149,0.00051245757,1.6815851e-05,1.9357289e-05,0.00021189617,3.0912024e-06,0.013931795,bird
64A,automobile,0.03900604,0.13381065,0.103413545,0.07928634,0.13141309,0.109464176,0.11498013,0.086588345,0.081125684,0.120912015,deer,0.004983268,0.04931867,0.10989231,0.25110984,0.25373644,0.12833491,0.08154315,0.09780918,0.019148555,0.0041237446,cat,5.489498e-06,0.0015256099,0.0140575385,0.96830106,0.010756494,0.0030499178,0.0012989374,0.0010007661,6.4401013e-07,3.452463e-06,dog
64E,horse,0.13431627,0.05854313,0.07025155,0.07991918,0.0949895,0.12250174,0.09937257,0.14085598,0.07023947,0.12901053,horse,0.009102546,0.0024606648,0.06401617,0.19283405,0.118440375,0.0066287387,0.17326938,0.3157806,0.010227204,0.10724025,horse,0.00014495668,2.914472e-05,5.3114174e-05,0.062324528,4.6981175e-05,9.931506e-07,0.00096718647,0.904551,9.8957134e-05,0.03178311,airplane
64M,airplane,0.40358657,0.06282373,0.031795863,0.04288019,0.042799193,0.104021445,0.025913432,0.049535163,0.12735718,0.10928727,truck,0.012675511,0.346413,0.012821533,0.031020574,0.016975582,0.0030352823,0.0009771542,0.022669557,0.07444361,0.4789682,truck,5.1117895e-06,0.15835354,9.786876e-05,7.3040167e-07,2.9731052e-06,1.4891398e-10,1.261012e-09,1.1469838e-07,0.0016056286,0.83993405,automobile
64R,truck,0.021349339,0.11460289,0.086083174,0.072825156,0.13786751,0.075445235,0.11675752,0.08777007,0.035844423,0.25145462,automobile,0.00030916653,0.7039565,0.0024994628,0.03728228,0.009891616,0.005642895,0.0047411323,0.0023446067,0.00025917182,0.23307323,automobile,1.21369075e-08,0.6177835,1.2903584e-07,6.7254355e-06,4.3597698e-08,2.5578206e-07,2.7214492e-05,1.4995601e-08,5.7521716e-09,0.38218212,truck
64T,truck,0.03066243,0.13214384,0.09317771,0.091317125,0.13535963,0.10364803,0.10633019,0.092493914,0.042817682,0.17204946,automobile,0.0010017746,0.5801386,0.0025406207,0.1511469,0.046715748,0.019143812,0.001962326,0.028464135,0.0013140229,0.16757196,automobile,1.40196e-06,0.98374087,6.173247e-05,0.0074141733,0.0010609162,0.00067567744,2.7358712e-07,0.0032987033,1.8501134e-07,0.003746164,horse
64Y,truck,0.07274237,0.08354835,0.05691139,0.06028789,0.14129755,0.06710548,0.09541355,0.09983685,0.08550982,0.23734675,frog,0.008229194,0.120379604,0.01636962,0.01692336,0.19928996,0.0022501098,0.41815478,0.0043214266,0.016819334,0.1972626,automobile,1.6576545e-06,0.9442574,2.8341049e-08,2.2051456e-08,1.5354055e-05,2.986461e-07,0.007736432,7.746375e-08,3.6917058e-06,0.047985047,automobile
650,airplane,0.23935883,0.067038774,0.027437182,0.058676064,0.078855045,0.101292506,0.04080607,0.044343874,0.1525169,0.18967476,deer,0.03606029,0.057126768,0.008869264,0.058282945,0.4873086,0.020256275,0.18027854,0.0056429245,0.060329247,0.085845165,deer,0.00039816636,0.00019613944,3.2632173e-08,0.00016796803,0.99825186,8.648975e-05,7.348513e-05,1.5388358e-07,1.2792703e-05,0.0008127816,airplane
65A,truck,0.0555523,0.08339183,0.04842353,0.072360866,0.12700847,0.07274105,0.08561357,0.09614847,0.080559455,0.27820048,truck,0.00015581909,0.049435098,0.00093350146,0.05177326,0.04832861,0.0060946704,0.051182758,0.018658657,0.007174329,0.7662633,truck,5.4828067e-09,0.00083943567,3.1444694e-07,4.085581e-05,2.6443277e-07,1.2626701e-05,5.860898e-05,4.5195407e-05,8.588401e-05,0.99891686,truck
65C,automobile,0.09355387,0.12150707,0.09510845,0.08075433,0.11615868,0.1130396,0.08585292,0.092867844,0.09774559,0.103411645,bird,0.10011839,0.06510468,0.2658255,0.038241252,0.17916214,0.12115004,0.03899807,0.15411283,0.033187967,0.0040990678,deer,0.032889385,0.10069244,0.37570664,0.0012320561,0.4102059,0.06471237,0.008643575,0.0057478123,0.00016689149,2.9003118e-06,deer
65E,truck,0.04377447,0.106468126,0.09100512,0.07724648,0.13090155,0.12410887,0.11656847,0.104010575,0.038873978,0.1670423,truck,0.0059786546,0.20546407,0.0046904315,0.028276011,0.08107903,0.0006698279,0.011998216,0.003223505,0.009645826,0.6489744,truck,1.0230924e-06,0.0035419785,4.5244195e-09,4.808587e-07,6.5316067e-07,1.2637999e-10,7.038649e-05,5.9668736e-08,1.8159918e-06,0.99638355,truck
65G,dog,0.07531189,0.08839672,0.08286104,0.123777755,0.09075716,0.22836514,0.09297624,0.093214095,0.05298687,0.071353145,dog,0.0014041736,0.007569866,0.0055754404,0.25124097,0.060827646,0.37333024,0.00948142,0.26639107,0.0007404182,0.023438731,dog,1.7873083e-08,2.0436217e-05,8.7870685e-06,0.0074381763,1.0577204e-05,0.7171801,8.018729e-06,0.2751909,1.57829e-08,0.00014293409,horse
65J,frog,0.005985666,0.09537949,0.16387723,0.06720221,0.13636613,0.07684994,0.2501672,0.08377443,0.021869728,0.098528035,frog,0.007531153,0.010645145,0.25604308,0.08951931,0.13617961,0.05118324,0.39501736,0.036624357,0.01058536,0.0066714506,frog,0.0004977794,0.00062038546,0.18487574,0.0003445087,0.017365634,0.0005989348,0.7931594,0.00053648785,5.092317e-07,0.002000627,frog
65M,frog,0.0101572955,0.086333364,0.19257542,0.08594227,0.110335484,0.10990205,0.22142698,0.10203664,0.01997874,0.06131177,bird,0.037681594,0.012866166,0.4292675,0.12557675,0.12353023,0.05970086,0.08810307,0.08318439,0.036892608,0.0031968213,bird,0.0015762396,0.000116627605,0.99096656,0.0016044902,0.0054720524,3.023159e-05,0.00019952223,3.2479602e-05,8.676844e-07,8.7126074e-07,truck
65P,frog,0.015232733,0.11028252,0.15714057,0.07650023,0.12664388,0.09312392,0.1797047,0.0976169,0.035350118,0.108404495,bird,0.04368848,0.0335567,0.5251447,0.09770437,0.06671037,0.050499648,0.10873523,0.031656154,0.02651472,0.015789602,bird,0.0044546607,0.0024432468,0.9631635,0.00085062,0.0007116719,7.50904e-05,0.027795842,0.00011546502,1.4450598e-05,0.0003754427,bird
65R,truck,0.040630978,0.098516695,0.08287915,0.05723097,0.13769057,0.08085325,0.09837617,0.1156623,0.063463114,0.22469684,horse,0.04781976,0.021795038,0.11905236,0.08599332,0.114448,0.084880926,0.018164767,0.3682676,0.051521026,0.088057205,horse,0.00022143725,0.0002613574,0.00931456,8.412949e-05,3.780369e-05,0.003812561,0.00014467331,0.96927077,0.00060689665,0.016245734,horse
65T,frog,0.0070995428,0.06831374,0.14770837,0.10730967,0.10672661,0.13910067,0.27689582,0.07619744,0.015854916,0.054793123,frog,6.493645e-05,0.00071472075,0.02401595,0.18326342,0.1560247,0.04429724,0.5814808,0.0070956233,0.00023836616,0.002804221,frog,9.6320525e-09,0.0010283837,0.00034378684,0.008369584,0.00059690257,0.06858916,0.92093265,1.6153585e-05,3.8167203e-09,0.00012340763,dog
65W,frog,0.009196216,0.10621645,0.13690242,0.08671943,0.14297165,0.11747469,0.19184665,0.10274573,0.016371474,0.0895553,deer,0.0063633355,0.2538009,0.011205436,0.101098925,0.3421383,0.006888136,0.030862767,0.1377157,0.011652814,0.09827374,automobile,0.00045659626,0.5147492,0.0009753464,0.0067435266,0.3713509,1.9478243e-06,0.022545122,0.035033833,4.164954e-05,0.04810191,automobile
65Y,frog,0.012130909,0.109209254,0.14388163,0.07046866,0.14832677,0.073759995,0.19041558,0.089793906,0.035186846,0.12682651,deer,0.0044508292,0.022917997,0.27907756,0.0687667,0.27986827,0.09599439,0.1874821,0.049110696,0.0051374673,0.007193941,bird,2.0702416e-06,6.497324e-05,0.97854096,0.00025694838,0.017907124,4.5685832e-05,0.0031674805,1.3251739e-05,1.1930061e-09,1.4760849e-06,bird
660,airplane,0.49663112,0.04771858,0.022564445,0.02911172,0.039118003,0.08070593,0.019279025,0.02637008,0.14854006,0.0899611,airplane,0.86727846,0.0058854325,0.021502841,0.0001835566,0.016505396,0.00011532682,0.0015255841,0.00025533768,0.06930529,0.017442651,airplane,0.9999423,2.092718e-06,1.5364069e-06,1.467144e-11,6.3515193e-10,1.3530169e-12,1.2713037e-08,9.120752e-14,1.0638031e-05,4.341581e-05,airplane
662,truck,0.060804646,0.11728595,0.057207223,0.06128711,0.12633163,0.07719084,0.071654215,0.07878948,0.089253515,0.26019543,truck,0.00043394996,0.24132665,0.007067007,0.08297128,0.15610397,0.009330937,0.02962517,0.015547394,0.0019447248,0.45564893,truck,1.6073441e-08,0.021439979,1.8175753e-06,0.00014320853,6.76027e-06,2.9082632e-06,6.157801e-05,1.3160553e-06,2.9151006e-09,0.9783424,truck
664,truck,0.074109286,0.0722551,0.061649233,0.04663887,0.1133689,0.06393739,0.08266563,0.124025054,0.09938594,0.26196465,horse,0.060848497,0.022407718,0.07471665,0.059766833,0.11450227,0.019678716,0.023634076,0.39174384,0.11666467,0.11603674,truck,8.2024475e-05,0.014110401,4.0554496e-06,1.4984631e-06,5.1990217e-05,3.3660065e-08,4.044375e-05,1.2024293e-05,3.0301385e-06,0.98569447,airplane
666,truck,0.08257632,0.17777933,0.075519785,0.052839953,0.084336914,0.089990236,0.055471465,0.047884934,0.11228555,0.22131555,airplane,0.50374174,0.1821772,0.02784162,0.0021371548,0.01062214,0.00044739878,0.00082848273,0.00047402846,0.14409256,0.1276377,automobile,0.03677958,0.93673813,5.8312844e-07,1.3091522e-09,5.2448534e-08,6.8546566e-12,2.7454385e-08,1.8844312e-13,1.8097395e-05,0.026463559,automobile
66A,airplane,0.31903353,0.05893865,0.04123443,0.07467835,0.069127485,0.1281507,0.04923225,0.055432364,0.13235742,0.071814865,cat,0.030162912,0.0035412868,0.059435565,0.5345863,0.21155128,0.04094628,0.08549351,0.011700744,0.0061983885,0.01638368,cat,0.01890913,0.00095328444,0.06534251,0.7710181,0.07805088,0.0027496922,0.062069412,8.6223105e-07,6.408053e-05,0.0008420688,airplane
66E,dog,0.11425643,0.066790916,0.074709184,0.12183765,0.10235982,0.16336825,0.104377955,0.10563159,0.07516417,0.07150398,cat,0.0036826925,0.00042887466,0.0949566,0.4204909,0.18011849,0.080959484,0.13060887,0.08362443,0.0008826067,0.004247164,cat,4.6621985e-06,5.1951616e-07,0.061844416,0.8169873,0.004284916,0.03379214,0.074971825,0.00807793,1.5408309e-06,3.4761346e-05,deer
66G,airplane,0.4177028,0.043223325,0.057261653,0.046941847,0.05678843,0.12715857,0.04224754,0.0805978,0.082927406,0.045150716,airplane,0.6231984,0.00045775605,0.18884952,0.0071359677,0.07751233,0.017764986,0.004794521,0.06019887,0.019654976,0.00043277125,airplane,0.9985667,2.8025472e-08,0.0013497289,2.4106063e-07,4.8899115e-06,5.294243e-08,2.3081802e-05,1.3326655e-09,5.5286942e-05,2.807635e-12,airplane
66J,truck,0.038071204,0.11938663,0.05218407,0.05839897,0.17905772,0.08377662,0.08264433,0.07342807,0.060281202,0.25277114,automobile,0.0011753918,0.3624428,0.0026758926,0.15392357,0.35946518,0.008030432,0.008590026,0.007932004,0.00090636493,0.09485828,automobile,1.2281471e-07,0.6646454,1.267613e-08,1.8658553e-05,3.4232165e-05,5.864431e-06,1.37732e-08,0.0009914052,2.4012152e-07,0.33430415,automobile
66M,dog,0.01707619,0.14952295,0.10436349,0.12108378,0.10288392,0.198652,0.1513211,0.061786003,0.024933811,0.06837682,automobile,0.0012783019,0.7433521,0.0015632014,0.14065534,0.016548034,0.048526414,0.009950551,0.030673426,0.00072504487,0.0067276293,automobile,4.2503024e-07,0.9320837,4.912107e-10,0.0012580795,3.267881e-06,0.009823841,9.133784e-05,0.056710932,1.2183315e-07,2.8309341e-05,horse
66R,airplane,0.59396076,0.032191254,0.027084239,0.026377548,0.027783234,0.08324874,0.02010701,0.025382897,0.12410934,0.039754968,airplane,0.80733126,0.0005909604,0.05941064,0.00036717387,0.0076383534,0.00073314656,0.0024433557,0.00068570225,0.12013437,0.00066500803,airplane,0.97944665,4.8575092e-08,3.6803653e-05,4.2944415e-10,2.0429104e-07,1.4204712e-10,1.6083077e-07,1.2219475e-13,0.020516116,2.2816646e-11,airplane
66T,truck,0.047332346,0.08811394,0.07354807,0.06313324,0.1479305,0.08984817,0.10296384,0.12971438,0.05548927,0.20192623,deer,0.0049208133,0.03673715,0.033364523,0.14614359,0.3681446,0.119645014,0.026907878,0.12715192,0.001206172,0.1357782,dog,1.0673558e-06,1.9946432e-05,0.00010617376,0.0012532889,0.072682165,0.9054724,7.004371e-05,0.00034439427,8.104916e-10,0.02005058,dog
66W,frog,0.015741408,0.06673249,0.14058858,0.07818409,0.13416469,0.08698508,0.22187908,0.12853983,0.022975525,0.10420925,frog,0.0011598268,0.004322903,0.09354793,0.05378622,0.22336176,0.017933754,0.57287794,0.020193929,0.00093500223,0.011880719,frog,4.6308647e-05,1.8160661e-06,0.005675516,0.00076691544,0.06879114,0.00013015007,0.9231462,0.00087200024,5.5453242e-08,0.0005699819,bird
66Y,dog,0.12420235,0.06932833,0.07283869,0.08409253,0.10035079,0.15487625,0.09008344,0.122446455,0.092070594,0.0897106,dog,0.011614972,0.00038411064,0.04881315,0.019199032,0.028209973,0.6031058,0.007954447,0.27695104,0.0034808896,0.00028657823,dog,3.7667053e-08,1.7193464e-09,5.154094e-05,4.6703937e-07,4.7349833e-05,0.9997621,3.094393e-07,0.00013811684,1.4753585e-08,7.194874e-10,dog
670,airplane,0.1617883,0.064861044,0.06262552,0.08705246,0.10644639,0.15105855,0.082313515,0.113803856,0.08219284,0.08785751,cat,0.010711619,0.0013851916,0.051427223,0.32109421,0.2070539,0.12745938,0.019825125,0.25570816,0.00051846815,0.0048167943,cat,5.4794207e-05,5.905726e-06,0.0010875192,0.8070836,0.019009583,0.0682907,3.3932705e-05,0.10432173,2.1330078e-07,0.000112053516,frog
672,automobile,0.071574375,0.12965518,0.09933993,0.09096749,0.11558565,0.1266117,0.092213236,0.09125923,0.0753823,0.107410975,cat,0.026768113,0.25634173,0.07710132,0.2872686,0.07607864,0.07838192,0.015417692,0.1497643,0.012756479,0.020121137,automobile,8.206638e-05,0.78281265,0.038685855,0.080088444,0.00016959543,0.028936392,4.5566787e-05,0.06906849,2.6597305e-05,8.437006e-05,dog
676,deer,0.044707365,0.10768306,0.09812721,0.10419874,0.13874738,0.11529846,0.13158844,0.090581,0.06537384,0.10369455,deer,0.003995111,0.0109943645,0.07903797,0.102858305,0.5179138,0.08242923,0.15753455,0.035446137,0.005037858,0.004752621,deer,1.348636e-05,0.00031456107,0.06366088,0.07443473,0.6844435,0.0050812704,0.17173037,0.00028684756,1.3696558e-05,2.0643944e-05,deer
678,truck,0.03806208,0.13177843,0.06273747,0.0680044,0.13061695,0.07748252,0.08113677,0.055933572,0.08355923,0.2706886,truck,0.033471182,0.23104787,0.011494532,0.017730137,0.150881,0.03213509,0.031386312,0.009502751,0.21142964,0.27092144,truck,0.00068483,0.0037725563,3.964407e-06,2.4682477e-05,0.10424989,0.009174904,8.096824e-05,0.00010023658,0.004690775,0.87721723,deer
67A,frog,0.008975734,0.08453001,0.1301845,0.084644295,0.14573407,0.10691579,0.24596481,0.09287981,0.02440478,0.07576625,dog,0.0005193649,0.0019090056,0.075986244,0.19341993,0.22040059,0.26172093,0.11150865,0.13309008,0.0008281085,0.0006171176,horse,4.20704e-06,0.009661491,0.083806604,0.0015391768,0.0067111226,0.27703294,0.18216358,0.4387409,2.17705e-06,0.00033774617,dog
67C,airplane,0.4863167,0.046119973,0.025140315,0.04009726,0.055535402,0.11244804,0.022051811,0.038701378,0.10222743,0.07136169,deer,0.12220614,0.00057638856,0.08285922,0.046476364,0.7335867,0.0013634583,0.004452459,0.004435955,0.00047660086,0.0035667582,cat,0.03513175,1.2676511e-06,0.01891506,0.94472224,0.0009568583,6.8865415e-07,0.00027167122,2.7197746e-07,5.2687832e-12,2.8777984e-07,horse
67E,truck,0.1710801,0.083682425,0.041812737,0.06352202,0.09403631,0.09453056,0.05377916,0.07887258,0.12749362,0.19119039,truck,0.039424423,0.10727007,0.01223398,0.02616198,0.21017501,0.007414434,0.010603519,0.051149704,0.18591557,0.3496514,truck,7.3609312e-06,0.0026114471,4.5171825e-07,4.4332103e-07,2.2652536e-07,1.4126942e-07,1.9586448e-06,1.5541565e-07,0.0043899654,0.99298793,automobile
67G,airplane,0.15032145,0.09823585,0.09798495,0.066956304,0.08724616,0.10752042,0.08160924,0.09782036,0.10089195,0.111413315,airplane,0.45307103,0.005968777,0.1209155,0.0054566064,0.040712606,0.006891938,0.015330623,0.012781112,0.32934934,0.0095224315,airplane,0.793637,4.7003985e-07,0.049044907,2.4505653e-06,9.547044e-06,1.6126063e-07,0.0002276723,1.8485933e-08,0.15707771,2.2274147e-08,bird
67J,truck,0.03728005,0.08046464,0.07250525,0.056237306,0.13570017,0.05981081,0.10842609,0.099951155,0.06405302,0.28557152,truck,0.011219724,0.017909016,0.0321061,0.00960561,0.18233712,0.0027094923,0.12097311,0.023516554,0.057493668,0.5421296,truck,4.267791e-05,0.00018475059,1.0561478e-05,6.2187075e-07,0.0017099784,2.2045508e-06,0.002496876,0.00063200254,0.00029444584,0.99462575,deer
67M,frog,0.015732203,0.12712154,0.14692901,0.071071416,0.13103196,0.08315491,0.16774385,0.086169444,0.04419613,0.12684953,bird,0.021936137,0.04035316,0.5485311,0.046334803,0.09732488,0.020641401,0.11864686,0.0124618905,0.048367288,0.04540249,bird,4.9663282e-05,0.00015456478,0.99968374,1.0543367e-06,6.0936445e-06,3.1846382e-06,8.65272e-05,5.60294e-08,2.5226532e-06,1.267127e-05,bird
67R,airplane,0.90821576,0.0031328348,0.0015169762,0.0019005309,0.0018986324,0.018647764,0.0009873204,0.0011110454,0.056373764,0.006215359,airplane,0.5199551,1.39774875e-05,0.01059723,6.0118117e-07,0.0003221685,2.441067e-07,0.00018384497,4.00569e-08,0.46884543,8.135346e-05,airplane,0.97702163,1.1391097e-12,5.766368e-05,9.4453484e-14,2.9430857e-11,2.2720322000000004e-16,7.6409984e-10,5.905531e-25,0.022920705,2.1321725e-15,airplane
67T,deer,0.07098936,0.09178726,0.0908714,0.10784328,0.12821834,0.11735238,0.116213426,0.107493736,0.078600556,0.09063018,deer,0.007817958,0.00690174,0.10650731,0.22970536,0.35886478,0.10873831,0.095691174,0.07249366,0.004747534,0.008532175,deer,4.5631627e-05,9.642534e-05,0.2090743,0.20010383,0.49501503,0.016037561,0.07594531,0.003606602,1.667364e-05,5.8692276e-05,bird
67W,dog,0.089955285,0.06972,0.07688415,0.1362525,0.0962145,0.24871548,0.10071753,0.09039656,0.046888284,0.044255752,cat,0.0011116175,0.00011995776,0.042080913,0.66878074,0.09320408,0.076439,0.05641176,0.060860246,0.00019115576,0.00080054894,cat,2.8917649e-08,8.789719e-11,6.6379296e-05,0.99371463,3.2702244e-06,0.0016467004,1.7998315e-07,0.0045687966,4.965583e-10,1.3015908e-10,cat
67Y,dog,0.050600514,0.040050816,0.10028729,0.1294132,0.09127643,0.26580405,0.15994594,0.12254323,0.017153312,0.02292527,cat,0.013228592,0.00033657672,0.040326577,0.37222588,0.2826621,0.046687827,0.1620951,0.07987281,0.0018232764,0.0007412581,airplane,0.6400321,4.588562e-06,9.078714e-05,0.22745684,0.042148177,8.1138045e-05,0.06265198,0.027456876,1.9749668e-05,5.7695e-05,ship
680,airplane,0.2037428,0.114540234,0.062724784,0.05822404,0.07502806,0.09033896,0.04797551,0.051457804,0.16351235,0.13245542,ship,0.279387,0.032585092,0.035653252,0.0012054278,0.017377237,0.0005087987,0.0040347287,0.0006099921,0.61213934,0.016499147,ship,0.43894306,0.003077605,0.0031445113,6.650403e-08,2.644398e-05,1.2429779e-09,1.4662519e-05,3.7242622e-09,0.55470616,8.749485e-05,ship
684,truck,0.019585567,0.09799395,0.103116475,0.06584801,0.14711407,0.065478355,0.14443737,0.09961608,0.053049993,0.2037601,cat,0.00095324626,0.0973859,0.0288703,0.25324205,0.17521441,0.09754549,0.074014574,0.086722896,0.0021387348,0.18391241,deer,2.5850557e-07,0.03961708,0.0002647804,0.017635744,0.82797956,0.021564137,0.0006709225,0.00087659643,7.4044397e-09,0.09139085,frog
686,frog,0.030305313,0.08331826,0.14225084,0.12787049,0.10263329,0.15524608,0.16863717,0.0979497,0.038057588,0.053731255,cat,0.0022971146,0.0058795107,0.11086698,0.3130476,0.16843756,0.11077309,0.14256501,0.13683262,0.006006923,0.003293612,cat,9.181507e-06,0.00078969495,0.1777352,0.6142007,0.044689737,0.041672394,0.021366742,0.09952556,6.9134617e-06,3.8532494e-06,cat
688,airplane,0.44925222,0.041882798,0.022884423,0.037736412,0.055477265,0.1068023,0.028173244,0.040002357,0.13970143,0.07808759,airplane,0.7285311,0.001871929,0.034257367,0.015838426,0.081845246,0.039955687,0.05035541,0.0050652325,0.041011076,0.001268626,airplane,0.99822205,0.00013642384,7.0387904e-07,3.8663005e-05,0.00010298421,0.000151938,0.00014045805,6.948659e-12,0.0012055545,1.2322292e-06,cat
68A,deer,0.07673996,0.10238701,0.09993409,0.09812282,0.11954939,0.11751514,0.10125087,0.115692675,0.073800966,0.09500702,horse,0.011596868,0.027206399,0.0970637,0.19573471,0.122526504,0.19446726,0.025749352,0.3126604,0.005942208,0.007052586,horse,0.00012091865,0.0007327411,0.30624577,0.061094873,0.0020691145,0.27032292,0.0007254905,0.3586481,3.1531214e-05,8.622243e-06,deer
68G,frog,0.006524875,0.086096965,0.1888249,0.067756385,0.1328424,0.08100588,0.24070199,0.08768527,0.022839466,0.085721776,bird,0.0024357606,0.003173878,0.5335876,0.09699219,0.06598268,0.058677506,0.22551934,0.00795015,0.0045565683,0.0011243938,bird,1.0619833e-05,0.00010199196,0.98191327,0.0014937667,0.007497286,0.00013486366,0.008839373,7.097783e-06,1.7275555e-09,1.7383601e-06,deer
68M,frog,0.011525227,0.10392216,0.16386892,0.08454449,0.12792896,0.08741662,0.2139146,0.08272953,0.032961536,0.09118808,frog,0.0030841085,0.010483229,0.31618586,0.082212776,0.1757178,0.054230746,0.32451907,0.021390237,0.007382488,0.0047937166,bird,2.1917502e-05,0.00020283574,0.94746804,0.001383814,0.024726901,0.00035055497,0.025790833,5.3026022e-05,1.7695771e-07,1.9829317e-06,deer
68P,truck,0.14373012,0.107913524,0.033743545,0.052168615,0.0823113,0.06580271,0.03614239,0.03987465,0.17360573,0.2647075,ship,0.014954878,0.037574496,0.00090953126,0.0002668181,0.006950881,6.360257e-05,0.0009751697,0.00015361828,0.8588974,0.0792537,ship,0.0045874096,0.0018482157,1.7700355e-08,7.523191e-12,2.508118e-07,3.1450459e-12,1.690874e-07,1.3840215e-12,0.9775458,0.016018048,truck
68R,deer,0.07645728,0.09036794,0.0715632,0.10243052,0.1440782,0.13610834,0.09856636,0.11460128,0.049296558,0.11653036,cat,0.000821707,0.0068874215,0.007352688,0.6841518,0.22013545,0.028814046,0.015152,0.029122017,4.05693e-05,0.0075222333,cat,2.779701e-07,1.0772167e-05,9.783951e-07,0.9993893,1.8776022e-06,0.0005465445,2.4477566e-05,9.959625e-06,1.6875517e-11,1.5783075e-05,dog
68T,dog,0.03242961,0.10397764,0.1071646,0.14554113,0.091523744,0.16792248,0.1274551,0.08883712,0.05212683,0.08302171,cat,0.00015302027,0.0024488708,0.0073864283,0.69940037,0.056652993,0.016563863,0.005614231,0.19971532,0.0075511397,0.004513655,horse,3.6211548e-11,6.3766984e-06,2.6134816e-05,0.12490164,2.1022345e-06,9.290274e-05,8.711829e-09,0.87496316,6.283875e-06,1.3239282e-06,cat
68W,truck,0.12441344,0.09167239,0.058987994,0.05173432,0.09889126,0.07163452,0.05945658,0.08784815,0.15614678,0.19921458,ship,0.10823445,0.038816396,0.037105788,0.022723261,0.08632921,0.0151574565,0.0044092843,0.08366782,0.5525236,0.051032726,truck,0.0146132475,0.12284564,0.0006189137,2.9668684e-06,0.017732814,4.2269166e-06,1.661439e-05,1.381371e-05,0.3896608,0.45449102,ship
68Y,airplane,0.39539608,0.07196018,0.02371264,0.03359165,0.046516877,0.0830667,0.018092873,0.02261283,0.16457593,0.14047423,airplane,0.41931129,0.06529672,0.03387382,0.0016606927,0.26572686,0.00038694116,0.00056672434,0.0001314273,0.0585945,0.15445113,airplane,0.8836246,0.00023503375,0.011493201,1.8988195e-06,0.0048099663,4.670757e-07,7.6367726e-08,5.6597116e-11,0.00016266856,0.09967219,truck
696,truck,0.030576479,0.10559564,0.08916344,0.06521631,0.15166456,0.069608755,0.113718316,0.08522429,0.07477953,0.2144527,cat,0.0096844835,0.08016959,0.04355013,0.26333517,0.25405052,0.16232425,0.027493617,0.08116145,0.02037601,0.057854734,automobile,0.00021704996,0.37095392,0.00024978508,0.05682091,0.3496796,0.16150148,0.00011552165,8.167008e-05,2.7510603e-06,0.060377307,deer
698,dog,0.036119126,0.09501145,0.13663082,0.13413593,0.096279494,0.18020146,0.13678151,0.08913086,0.041348845,0.054360494,cat,0.0010893646,0.005132231,0.18599369,0.41253957,0.04784434,0.28244317,0.021945287,0.04107024,0.0012372929,0.0007047812,bird,4.8185917e-09,7.503281e-07,0.670426,0.08588952,4.1980675e-05,0.24287243,4.941735e-06,0.0007643996,4.9910462e-09,1.9213728e-10,cat
69A,frog,0.006253715,0.07093847,0.17210627,0.06053331,0.13416119,0.080522105,0.25364834,0.113341264,0.015605085,0.09289026,bird,0.006939539,0.0022979851,0.32865754,0.08101219,0.17693795,0.04588876,0.25998238,0.08844423,0.0043384507,0.0055008866,bird,0.00018713213,1.4276158e-05,0.7090993,3.476633e-05,0.008064465,0.0008544471,0.2802343,0.001385334,2.6629653e-08,0.00012594611,frog
69C,truck,0.022198202,0.068444155,0.07487308,0.061657038,0.17000698,0.09196253,0.1470485,0.15249945,0.03495565,0.17635444,horse,0.00022879038,0.00047709342,0.017152252,0.06346921,0.09622409,0.11500738,0.040951397,0.66218007,8.129254e-05,0.004228386,dog,9.797293e-10,0.000117523654,0.014636067,2.1827866e-06,0.00011537635,0.91833365,0.002624186,0.06415191,4.2597575e-11,1.908484e-05,horse
69G,automobile,0.020719098,0.1674934,0.13044566,0.11097033,0.10208929,0.11392791,0.13394572,0.056941222,0.053550206,0.109917134,cat,0.0006215561,0.19929034,0.038099136,0.63612664,0.03846272,0.031766575,0.033845272,0.0012276263,0.0056781676,0.014881993,automobile,1.940344e-08,0.6383766,0.15538782,0.07938408,0.0013304617,0.12529932,0.000119180746,1.4822003e-06,1.825004e-08,0.00010097882,cat
69P,truck,0.04447169,0.12773925,0.07914965,0.06332296,0.12644842,0.07885868,0.08752024,0.08150063,0.06677789,0.24421063,truck,0.011442582,0.33198625,0.029578105,0.060711015,0.08460256,0.012793873,0.009361142,0.010058323,0.02664898,0.42281717,truck,0.0010022483,0.15964136,0.0051618614,0.016365519,0.00016481164,1.2546623e-05,6.05302e-06,0.00048032668,0.0014781944,0.8156871,automobile
69R,truck,0.025817242,0.10870964,0.08842052,0.06536787,0.14094855,0.0667089,0.1245636,0.09372819,0.054310706,0.23142476,truck,0.0026898703,0.12299638,0.014130348,0.073974915,0.07134848,0.011537663,0.048834037,0.034051694,0.009631826,0.61080474,truck,5.706031e-06,0.0036767712,1.6656943e-05,0.004584001,1.8796443e-06,3.0906037e-06,0.00015680652,0.00010822885,3.4347624e-06,0.99144346,ship
69T,truck,0.1074042,0.09563706,0.0391396,0.05823062,0.09480756,0.07152061,0.052471656,0.053485386,0.13460475,0.2926986,truck,0.0042429627,0.13652818,0.0034784977,0.0035993694,0.033359192,0.0034457003,0.04461896,0.0043413537,0.19135617,0.57502955,truck,3.6112676e-06,0.018749641,2.6617218e-07,1.7758953e-08,5.0766917e-06,0.0003359486,0.0019159418,6.816581e-07,0.06345926,0.9155296,ship
69Y,dog,0.13729322,0.07640445,0.03892889,0.10262757,0.10060092,0.16517736,0.07152956,0.07314472,0.101288475,0.13300489,cat,0.001307148,0.0029404452,0.0004125577,0.54963,0.11216558,0.13586858,0.025918614,0.080084905,0.0005755808,0.09109671,cat,2.8163447e-07,5.6190615e-06,4.759632e-11,0.874165,0.011466019,0.071636796,1.1769385e-05,5.4958182e-05,1.7178363e-09,0.042659625,dog
6A2,airplane,0.22723667,0.11775446,0.04198497,0.059371334,0.064805195,0.107818656,0.042537462,0.044648387,0.13839269,0.15545021,truck,0.0018847615,0.4070634,0.004793892,0.011934256,0.005440108,0.00020375797,0.0035793448,0.00020965324,0.0154328775,0.5494579,automobile,8.9258845e-07,0.92765766,0.0023214729,0.0067682792,1.15514304e-07,5.2785705e-09,1.5373388e-07,4.7033296e-08,3.8603717e-05,0.06321272,automobile
6A4,airplane,0.499342,0.044599608,0.027621297,0.04738302,0.034644365,0.114894815,0.025782717,0.031047678,0.12799846,0.04668609,ship,0.28436306,0.010536245,0.046839178,0.05342386,0.13577993,0.020965343,0.033171453,0.014731272,0.37825644,0.021933163,ship,0.0007492347,0.00057167775,9.562632e-05,0.00021512987,0.0001294278,0.013845466,0.0022197524,5.824748e-08,0.98217314,4.4666433e-07,dog
6A8,frog,0.010883924,0.097377986,0.14319615,0.10706283,0.118429296,0.1508502,0.18767895,0.0894911,0.022650894,0.07237859,cat,7.194786e-05,0.0020353058,0.04455831,0.7044453,0.09035687,0.06354469,0.07824436,0.015388135,0.00012963318,0.0012254132,cat,7.11739e-10,4.710888e-05,0.013119352,0.51709145,8.660535e-05,0.46780944,0.0011429645,0.00070100545,4.2093343e-11,2.037118e-06,truck
6AA,truck,0.042252753,0.14128925,0.0856254,0.08484044,0.13302518,0.096858196,0.10644153,0.07790972,0.07640272,0.15535483,automobile,0.005134582,0.4412494,0.030059244,0.17673124,0.0926904,0.0881945,0.06846237,0.022246527,0.013455183,0.061776508,automobile,5.5074356e-06,0.99734265,1.5892205e-05,0.0007291146,0.00023451088,0.00019471082,0.00097459974,3.1794002e-07,1.0990613e-06,0.0005016534,automobile
6AC,dog,0.030067807,0.14857261,0.118360594,0.124945134,0.085501626,0.20758492,0.11959999,0.05788223,0.040939532,0.066545546,cat,0.013747934,0.3519568,0.06331715,0.37311804,0.021206278,0.06811626,0.031867877,0.0047441814,0.009839524,0.06208596,automobile,0.0008752497,0.8881826,0.00012783242,0.013196022,7.0583334e-10,0.0013520872,0.0007481369,3.826431e-07,0.0008690628,0.09464867,truck
6AG,dog,0.12809125,0.04969835,0.098824814,0.12166102,0.070427,0.24618609,0.11637837,0.10022817,0.039502498,0.029002486,frog,0.0042546135,0.00019599705,0.26385188,0.21869329,0.09306085,0.080233775,0.3106692,0.027602613,0.0010507768,0.00038699465,bird,0.0015330832,6.1603174e-08,0.7065869,0.08435046,0.00077054894,0.20298359,0.0037587343,1.6592285e-05,2.5347221e-08,4.0235107e-11,cat
6AJ,frog,0.015945045,0.097319335,0.1739585,0.09280707,0.104027785,0.1242281,0.19773927,0.10354987,0.032013085,0.058411937,horse,0.01916205,0.004328211,0.22629698,0.20633498,0.056358587,0.10078109,0.10486697,0.24096465,0.040303115,0.00060336717,cat,0.017751236,0.0028399236,0.01695648,0.95283294,0.00066129677,0.0027949442,0.000508854,0.004265321,0.0013879458,1.0513797e-06,cat
6AM,truck,0.088102534,0.112581484,0.047515973,0.06166769,0.108477876,0.068066455,0.056908302,0.060365375,0.12527746,0.27103686,automobile,0.011072357,0.30038288,0.0033527743,0.013280057,0.062314447,0.005865242,0.014969059,0.008839277,0.28539407,0.2945298,truck,2.139549e-05,0.06716216,3.1487386e-07,6.605659e-07,8.597363e-05,3.400871e-06,6.7715875e-05,1.2196265e-06,0.002710169,0.92994696,truck
6AT,dog,0.038775764,0.087518744,0.117140636,0.10958559,0.124269865,0.14355522,0.14083816,0.12665524,0.034907665,0.07675312,cat,0.004015561,0.030811416,0.063923635,0.42488104,0.33252758,0.050175857,0.014892327,0.05776696,0.0032448592,0.017760746,automobile,0.00014729417,0.5165667,0.38906908,0.032722313,0.025113294,0.01875739,0.0029971336,0.011529448,0.00029581817,0.0028016355,frog
6AW,frog,0.016601566,0.107063636,0.11767408,0.1003143,0.1259823,0.14540151,0.17932017,0.08236501,0.02989008,0.095387354,deer,0.0031814189,0.01597776,0.016531948,0.19948652,0.49228844,0.102820165,0.12983431,0.020081477,0.0031874652,0.016610526,dog,0.00017003134,0.00071966933,6.7329684e-06,0.001402312,0.33096144,0.65347016,0.00013407951,0.01082469,4.3316577e-06,0.0023066313,truck
6AY,truck,0.12964785,0.11554799,0.05573108,0.086193845,0.08790464,0.11989483,0.07109852,0.070561394,0.1308975,0.13252228,cat,0.009074522,0.057651546,0.034898072,0.44031915,0.083462216,0.011981009,0.045129094,0.049012706,0.16396318,0.10450852,cat,5.7996704e-06,0.00022367123,0.00051117886,0.93283457,1.7206861e-07,1.1349027e-06,8.35788e-05,0.00548766,0.06021606,0.00063628773,truck
6B0,dog,0.064907126,0.065759785,0.06930897,0.10955783,0.12046735,0.17858927,0.11728225,0.13774064,0.0437258,0.092660986,horse,0.00074443343,0.0005186818,0.0029309266,0.113616705,0.07305171,0.08294286,0.039404605,0.6766128,0.00013803333,0.010039324,horse,5.789779e-09,3.5504242e-09,5.715296e-07,0.0031047151,7.93027e-06,0.0006999226,1.7306456e-05,0.9961516,3.854237e-12,1.797621e-05,horse
6B2,frog,0.012257526,0.07263518,0.15180722,0.07303237,0.14011574,0.10130902,0.23253445,0.11813665,0.022692386,0.075479396,deer,0.0017303481,0.0010174641,0.23466404,0.021931019,0.29240605,0.05717391,0.20113833,0.18778153,0.0011786261,0.0009786952,bird,2.288077e-06,8.023863e-06,0.95051086,2.633073e-06,0.0028303375,0.00029343422,0.04066347,0.005688168,1.0335935e-08,8.000157e-07,frog
6B8,dog,0.083939984,0.095435575,0.10655482,0.09261818,0.09286076,0.15921618,0.09421094,0.10891868,0.07054837,0.09569657,airplane,0.2310723,0.023352526,0.22993045,0.16461188,0.026881475,0.086648434,0.0051564276,0.20090692,0.028272817,0.0031667713,cat,0.004664374,1.8587776e-05,0.027896205,0.96437144,2.1682188e-05,3.752597e-05,3.097351e-08,0.0029896905,4.4136345e-07,3.892915e-08,ship
6BG,dog,0.023460383,0.07432587,0.12530139,0.121915385,0.10963337,0.18557389,0.17896865,0.103996895,0.028939785,0.04788438,deer,0.0009119653,0.0007124012,0.15375254,0.17967932,0.2546472,0.118716255,0.090848945,0.19857596,0.0016745095,0.00048094583,horse,3.4545695e-07,0.00012764423,0.09740128,0.0025519573,0.0027536876,0.04735125,0.0004621302,0.8493458,4.0296964e-06,1.8173678e-06,deer
6BJ,airplane,0.48674792,0.037001427,0.028584909,0.040752083,0.04551197,0.10756606,0.029201867,0.04161754,0.13210496,0.05091127,airplane,0.41139737,0.0005729802,0.1419407,0.047669344,0.21203938,0.061832093,0.0672458,0.02893211,0.026485477,0.0018848277,airplane,0.38223204,5.906666e-06,0.07676162,0.001944385,0.30062482,0.19184102,0.046405476,1.9124389e-05,0.00016349115,2.0201105e-06,airplane
6BM,frog,0.02225335,0.103537165,0.13640793,0.12876546,0.092095174,0.15800053,0.16815269,0.08413191,0.043414548,0.06324118,cat,0.000541353,0.0032326665,0.067406125,0.45137435,0.072571516,0.11765369,0.17985758,0.09946974,0.007145659,0.00074728765,dog,2.7473293e-08,5.7564423e-05,0.08657178,0.38422924,0.0028591736,0.45348436,0.054722123,0.018075678,5.8174386e-08,2.8692908e-09,cat
6BP,frog,0.013166583,0.072854355,0.13786551,0.054635894,0.13931426,0.058727745,0.19601756,0.1413704,0.027240315,0.15880737,bird,0.089286685,0.044783533,0.22225936,0.07728578,0.13765515,0.026090695,0.08439715,0.15153044,0.10058502,0.06612617,airplane,0.6609821,0.0036198953,0.0037577206,0.0006045084,0.0014823166,6.734375e-06,0.014955349,0.008110277,0.14677228,0.1597089,cat
6BR,frog,0.022420252,0.095813036,0.13527818,0.0870843,0.13671331,0.09274149,0.18319625,0.104169,0.0423881,0.10019607,frog,0.0033503305,0.0075569763,0.2574671,0.058014713,0.27325442,0.06559419,0.2796907,0.044658136,0.0040801037,0.0063332953,bird,1.0928545e-06,1.9851398e-06,0.8757683,0.00070558215,0.06719508,2.3823255e-05,0.05619188,0.0001120132,2.2406432e-08,2.1770859e-07,bird
6BT,truck,0.08778112,0.1385372,0.062938064,0.06822615,0.10638444,0.085278414,0.070713736,0.057842847,0.1378292,0.18446887,ship,0.09581044,0.06859836,0.009871479,0.0022792406,0.037800148,0.0013772406,0.009256303,0.0007438596,0.7397579,0.03450496,ship,0.03209444,0.10399953,9.4424405e-07,4.9844104e-08,2.3357788e-06,1.6365789e-09,1.7872047e-06,1.3167725e-09,0.8604717,0.0034291123,airplane
6BW,deer,0.044494435,0.10778508,0.10245486,0.0893697,0.14098226,0.091791674,0.11735003,0.11485854,0.06391446,0.12699892,cat,0.010025855,0.06801307,0.077776395,0.39861903,0.1746235,0.0915011,0.014700331,0.14536466,0.0029516225,0.016424427,cat,6.249689e-05,0.017963376,0.21081781,0.68869096,0.034908548,0.0060274526,0.00057442,0.04028949,9.928173e-07,0.00066436577,frog
6BY,truck,0.044049144,0.12492102,0.07084918,0.07493373,0.1358871,0.099578604,0.097824976,0.085277185,0.06500884,0.20167029,automobile,0.0048444807,0.39739102,0.015775846,0.046214998,0.06903847,0.040962517,0.040974893,0.118924774,0.0041401507,0.26173294,truck,4.4404698e-07,0.071079515,1.3524773e-06,7.253214e-07,1.2593424e-08,3.4088273e-05,7.708271e-05,0.0006641008,7.468825e-07,0.92814195,truck
6C2,bird,0.028533008,0.10918076,0.17546429,0.10903167,0.08526529,0.1426052,0.15386978,0.09187492,0.043398995,0.060776126,cat,0.019440705,0.024289778,0.30147725,0.37173188,0.050986435,0.03428092,0.04706586,0.045749426,0.0968832,0.008094512,cat,0.00018343503,0.00010801364,0.0802566,0.9152857,0.00096464227,0.00017696313,4.158856e-05,0.0025653874,0.0004157809,1.919748e-06,dog
6C4,frog,0.02153014,0.091505446,0.15470883,0.08353711,0.12010325,0.115760826,0.16930488,0.12714422,0.03378267,0.082622625,horse,0.032921433,0.004926076,0.1855424,0.19208777,0.075444326,0.09294948,0.049676068,0.33449784,0.029659381,0.0022951274,horse,0.13791773,0.0014714113,0.033699866,0.28571203,0.0004556642,0.0016145827,0.0053019784,0.5325957,0.00115565,7.535943e-05,deer
6CC,truck,0.11947247,0.090728626,0.07875844,0.06935082,0.1244267,0.1014312,0.0824587,0.10592899,0.081721246,0.14572279,deer,0.05201675,0.020636566,0.20163457,0.14513083,0.23960271,0.114198074,0.15802239,0.046184845,0.0033329749,0.019240303,bird,0.00081179116,4.685286e-06,0.8530825,0.024705518,0.0008948078,0.050000455,0.07019159,0.0003052993,3.0637681e-09,3.4129475e-06,dog
6CE,frog,0.006321144,0.078425534,0.18940517,0.0883129,0.09711797,0.14913283,0.24556343,0.0806787,0.013527393,0.051514883,bird,0.078001805,0.010999867,0.32335234,0.19244367,0.097216494,0.1868093,0.051092733,0.033438317,0.01860745,0.00803802,airplane,0.8269142,0.0020845705,0.012500459,0.004979526,0.00021371157,0.11855642,0.0068298313,0.006773595,4.76486e-06,0.021142894,automobile
6CG,airplane,0.29107818,0.04870317,0.035238452,0.071934484,0.08649632,0.12767704,0.053659454,0.07612055,0.11908846,0.090003975,cat,0.0076082363,0.00053381384,0.061696988,0.5261755,0.17570648,0.092201844,0.106359765,0.026114488,0.00039870993,0.0032041552,cat,6.532427e-05,1.2542755e-06,0.008917936,0.89890814,0.0075519565,0.047201443,0.037351277,1.2229916e-06,1.5407626e-09,1.5075757e-06,airplane
6CJ,automobile,0.03673144,0.15592617,0.12690143,0.09681427,0.113146774,0.10430328,0.11968677,0.07847007,0.062370673,0.10564921,automobile,0.036951974,0.47435513,0.12140299,0.12551396,0.055108882,0.024263807,0.025837956,0.013561525,0.06465013,0.058353618,bird,0.0006908555,0.06392989,0.92451847,0.010146821,0.00026079812,0.00015739746,0.00010636098,1.9197478e-05,0.00015940187,1.0830997e-05,cat
6CM,frog,0.020376513,0.07166021,0.1688325,0.109884284,0.09985058,0.12852177,0.21688846,0.10471041,0.029342528,0.04993279,cat,0.0014755249,0.0023348364,0.23650561,0.24264802,0.09341823,0.049576882,0.22626235,0.14264621,0.0040224837,0.0011097878,bird,1.6454736e-05,0.0015178728,0.62851804,0.12567502,0.02068603,0.0014418161,0.13331282,0.088823,5.966653e-06,2.9776463e-06,cat
6CP,airplane,0.31763735,0.08539351,0.02895496,0.034753304,0.04924159,0.08629924,0.024869885,0.030628074,0.20389403,0.13832809,automobile,0.10880534,0.66715413,0.015126569,0.0018127649,0.002169761,0.0017094404,0.0010556212,0.0028607433,0.16339606,0.035909574,automobile,0.06650928,0.93175334,0.0001005773,9.624189e-11,9.695039e-09,1.9632878e-08,4.955318e-07,6.294728e-09,0.0014498021,0.0001865152,automobile
6CW,truck,0.18588635,0.08743567,0.032656066,0.037818946,0.07637829,0.06257976,0.037765414,0.04062162,0.18086709,0.25799075,ship,0.04154711,0.04695374,0.0060205655,0.00048811827,0.010003165,0.00016429237,0.015892653,0.00017696404,0.71601135,0.16274199,ship,0.11308377,0.0006647513,3.5532385e-06,3.5319078e-11,1.11898e-09,2.9660944e-13,5.42483e-06,2.26001e-12,0.64057463,0.24566779,ship
6CY,frog,0.015034686,0.048922606,0.17489184,0.09420482,0.09620385,0.16438594,0.22480915,0.13459203,0.0143502895,0.0326048,horse,0.012146318,0.00067272165,0.07687577,0.17216489,0.056817003,0.17128402,0.008903478,0.49010134,0.010652202,0.00038233373,horse,1.1114246e-05,3.9674194e-07,0.00012928118,0.00017282995,2.008511e-05,0.008596627,1.999514e-06,0.9910651,2.5120316e-06,1.2956282e-08,cat
6D2,horse,0.055289585,0.06664167,0.11856907,0.08672226,0.12806277,0.1557469,0.12900172,0.16243587,0.037554756,0.059975475,dog,0.00900081,0.00043056882,0.11509042,0.031728845,0.10698232,0.36352104,0.0150278015,0.35709786,0.00090352114,0.00021672422,dog,1.5007074e-05,3.2581603e-08,0.35527524,0.0006209653,0.0016773717,0.5286235,0.00012959079,0.11365826,3.2998106e-09,1.0735294e-09,bird
6D4,frog,0.005844694,0.06801277,0.17035623,0.057100352,0.13983917,0.075647466,0.25341907,0.12735024,0.014765241,0.087664686,bird,0.004947359,0.0058245235,0.33070302,0.07822229,0.25442886,0.03555998,0.14206631,0.13580906,0.0061273063,0.0063113654,bird,0.00039997383,0.0061230725,0.8755787,0.00083510537,0.0026772437,0.0006763212,0.09654874,0.012628766,2.0204202e-06,0.0045300564,bird
6D6,frog,0.012518596,0.113575,0.12219449,0.09610133,0.12110472,0.098216884,0.1901464,0.0838211,0.03604564,0.12627587,cat,0.0057596685,0.050701577,0.028299123,0.34548655,0.14909965,0.08710386,0.095413245,0.12123845,0.018663542,0.09823438,dog,0.00012609102,0.0033929143,0.00012424098,0.0679904,0.0013164924,0.6042862,0.009168044,0.30959183,1.0955176e-06,0.004002675,ship
6D8,dog,0.07504785,0.079638086,0.077580236,0.0994435,0.12347811,0.1281568,0.10977454,0.11456457,0.079315364,0.11300092,cat,0.006698627,0.005053186,0.03204127,0.32191995,0.19132763,0.18002203,0.032184556,0.18848975,0.0011704589,0.041092522,dog,9.104214e-06,3.3429922e-06,0.000379523,0.27324057,0.048248276,0.6410789,8.199484e-05,0.030029476,2.9578527e-07,0.006928576,dog
6DA,truck,0.08938218,0.06297973,0.053535525,0.063497655,0.11884031,0.08819289,0.084962435,0.14923963,0.08347404,0.20589559,horse,0.0005502342,0.010759798,0.004230043,0.094970286,0.053451996,0.021526964,0.0128425555,0.7481002,0.0021859147,0.051382005,truck,1.9276271e-07,0.002114899,7.227527e-06,0.00012993363,0.00030189246,2.529511e-05,0.0014731598,0.0071974727,8.575513e-06,0.98874134,truck
6DE,deer,0.014859561,0.12448552,0.104259714,0.061495777,0.18242052,0.078115776,0.14226557,0.08320136,0.0306355,0.1782606,deer,0.008618253,0.17736165,0.054370586,0.05239956,0.48259655,0.034729857,0.05368631,0.0031754528,0.004652599,0.12840912,deer,0.0038953903,0.02926522,0.00037759484,0.00017739598,0.3725889,0.2999664,0.019078692,0.00010741027,1.0468779e-05,0.27453262,deer
6DG,dog,0.105283566,0.06267758,0.092965506,0.09323366,0.09974742,0.15072511,0.1248552,0.13541861,0.058535535,0.07655779,frog,0.013392615,0.0012852355,0.11651923,0.18550916,0.2601537,0.032719262,0.31426117,0.0590957,0.0069900574,0.010073879,frog,0.015279412,7.907521e-05,0.018938411,0.22318128,0.008257042,0.00624936,0.67999387,0.0020824436,0.0015102394,0.044428833,truck
6DJ,truck,0.051049963,0.13746077,0.08006331,0.06820606,0.11713517,0.08768866,0.080998294,0.06658068,0.11123764,0.19957949,ship,0.046773978,0.02925028,0.10390354,0.013909834,0.03980236,0.01156936,0.021959474,0.02052024,0.6834398,0.028871235,ship,0.012002141,0.0057330616,0.01083219,1.7808014e-06,9.5249325e-06,7.4778172e-06,0.0008308231,0.004741256,0.66689503,0.29894674,truck
6DM,frog,0.021347908,0.08574822,0.14922298,0.09654801,0.11887699,0.10749416,0.19805217,0.10736628,0.03544084,0.079902425,frog,0.0056544263,0.0074409805,0.15714486,0.13842417,0.1881475,0.07358515,0.35245505,0.057853654,0.009686955,0.00960725,frog,0.00029925792,0.00017256312,0.024344603,0.024831174,0.18335642,0.0058522057,0.75949544,0.0014156519,3.503847e-05,0.00019767843,deer
6DP,frog,0.022335602,0.094212204,0.10365734,0.077596486,0.14148103,0.09712224,0.15393251,0.13362975,0.03814515,0.13788773,horse,0.0014187719,0.043590594,0.02287111,0.14393814,0.27062863,0.060133114,0.04821533,0.33914867,0.0031468081,0.066908814,truck,4.0010366e-07,0.14177774,5.3849024e-05,0.000723522,0.00011463266,0.00037566284,0.00021323137,0.22274053,1.6709928e-05,0.63398373,truck
6DT,truck,0.025318079,0.084285304,0.09194162,0.064210996,0.14870696,0.07075498,0.1308549,0.12337949,0.059174474,0.20137313,horse,0.00073167175,0.0046401406,0.027974337,0.19717161,0.115774766,0.10005597,0.028206237,0.49228135,0.0064881253,0.026675824,horse,1.2324135e-06,0.000108282904,0.08399392,0.029896276,0.0035359808,0.03333783,4.8114263e-05,0.84861195,2.052693e-05,0.00044595412,deer
6DW,airplane,0.41686666,0.035353743,0.027512116,0.049743127,0.05778094,0.11602004,0.03891879,0.059024323,0.12951954,0.069260724,cat,0.026010927,0.00090269576,0.17514686,0.31326336,0.20067585,0.041722294,0.19783367,0.029880092,0.0037476376,0.010816674,bird,0.00054998876,8.262855e-05,0.75493187,0.0073455274,0.049139544,0.00016165346,0.18768682,8.906317e-08,1.0406146e-07,0.00010187571,cat
6DY,frog,0.008215535,0.071056135,0.16103148,0.07333743,0.13257828,0.09611409,0.24049853,0.114918336,0.016316948,0.085933134,deer,0.015158284,0.00770939,0.14237422,0.10406062,0.42981097,0.06301306,0.116366036,0.09373356,0.008515182,0.019258643,deer,0.034175336,0.005497632,0.020245973,0.002295014,0.46663985,0.009955718,0.079299666,0.22039695,6.436148e-05,0.16142952,bird
6E0,deer,0.030630145,0.10560195,0.09802894,0.10282658,0.1587087,0.1184235,0.12587014,0.09928839,0.043973394,0.11664825,cat,0.00097342546,0.0245043,0.02415721,0.38496846,0.25383475,0.24708802,0.01828234,0.030717134,0.00027968333,0.015194683,dog,4.326322e-09,5.532543e-07,5.6531367e-06,0.028802393,0.00016108982,0.9709917,1.1555148e-06,3.6660407e-05,2.0278772e-12,6.878345e-07,bird
6E2,airplane,0.17444359,0.081381254,0.05678441,0.06435776,0.08824016,0.09499282,0.06696972,0.07780465,0.17313728,0.12188841,ship,0.051232174,0.007592547,0.020571988,0.0071401326,0.039975043,0.070650406,0.033866428,0.020421518,0.74268514,0.0058646463,ship,0.0002312789,7.613361e-07,2.1521637e-06,1.0321181e-08,1.6958114e-05,8.150771e-05,1.9064004e-06,2.3624878e-08,0.9996654,4.8655643e-08,ship
6E4,automobile,0.022018205,0.14586042,0.1155693,0.103029236,0.11893905,0.1428017,0.12799259,0.08816536,0.03355048,0.10207368,automobile,0.025439011,0.2746829,0.04115378,0.19269732,0.1732586,0.11225172,0.0056146225,0.08456857,0.013632913,0.07670064,cat,1.5833608e-05,0.00029750302,0.046030384,0.6718316,0.00078063813,0.16763952,3.7110834e-07,0.11340019,2.5589312e-08,3.952212e-06,horse
6E6,automobile,0.06946402,0.15063858,0.09286793,0.09803159,0.09651902,0.13624749,0.080508806,0.057031494,0.09428107,0.124410026,deer,0.07326889,0.19121139,0.12004636,0.08177645,0.19368674,0.0040915865,0.02859525,0.010519,0.16637863,0.1304258,automobile,0.0020952944,0.88518417,0.0012429196,0.00012207562,0.0011367283,1.282155e-07,0.0029056526,2.3424718e-06,0.03203652,0.07527424,truck
6E8,horse,0.044817567,0.079500556,0.08675624,0.0682165,0.1563771,0.10340957,0.11502145,0.17712536,0.047150414,0.12162528,horse,0.00023759544,0.0006766383,0.015515584,0.048413325,0.07105544,0.0527232,0.0033237224,0.8075657,4.723241e-05,0.00044162368,horse,6.2478335e-11,1.2759087e-07,0.27567518,0.0006235356,0.00033503,0.022360643,6.825172e-07,0.7010048,1.1220988e-12,2.7665867e-10,horse
6EA,airplane,0.2880361,0.05513336,0.03345143,0.07802849,0.082970075,0.12897336,0.053622972,0.063979566,0.121424705,0.09437986,cat,0.0029978,0.0010971987,0.025908027,0.41194567,0.19762777,0.019803604,0.31908405,0.0056573236,0.0014076157,0.014471,frog,6.816142e-05,1.6660337e-05,0.010147783,0.16346306,0.0010470782,0.0039585964,0.8197285,1.4251103e-05,3.637082e-07,0.0015556646,frog
6EE,airplane,0.22814158,0.085505374,0.034649774,0.051358286,0.09029376,0.102930635,0.043800756,0.050857034,0.16335005,0.14911273,deer,0.082676865,0.2787096,0.09451679,0.023735331,0.30402708,0.031048281,0.07679429,0.018291822,0.07116217,0.019037802,automobile,0.027182043,0.9647897,0.0004089743,1.055656e-08,0.0058968817,1.0927427e-05,5.233453e-05,6.203758e-07,6.8284726e-06,0.0016518148,truck
6EG,airplane,0.38918743,0.049374774,0.04243252,0.06934237,0.046493433,0.19848257,0.043016307,0.05700432,0.06770517,0.03696108,airplane,0.31783852,0.0066115176,0.19242145,0.17918654,0.04241788,0.14564635,0.012040333,0.09411042,0.0012094119,0.008517551,bird,0.08698064,0.0054856036,0.44693252,0.4351206,3.896934e-06,0.021004051,1.8822222e-05,0.004365385,4.5026018e-06,8.3986815e-05,ship
6EM,frog,0.02410383,0.07726508,0.098307386,0.0889862,0.1649424,0.1081417,0.18091644,0.116253704,0.032357924,0.10872534,frog,0.0007906433,0.005671777,0.093452804,0.12361639,0.2735772,0.08998048,0.38534072,0.018972019,8.006817e-05,0.008517842,frog,1.1293391e-06,0.000101184574,0.0684976,0.020377982,0.0017723279,0.002494938,0.9060246,8.776333e-05,3.682208e-10,0.0006423919,cat
6EP,frog,0.01868769,0.08515314,0.14367282,0.10171481,0.11084613,0.11509805,0.20287919,0.11066181,0.031354852,0.07993149,cat,0.005621386,0.016762776,0.06089396,0.32961476,0.1855725,0.045713224,0.16790582,0.13283879,0.014588479,0.040488314,frog,0.00043218076,0.0005543067,0.009339304,0.025471715,0.0115769915,0.022175446,0.75801647,0.14900601,0.00015920884,0.023268316,cat
6ET,frog,0.01362498,0.08712817,0.14448872,0.08588896,0.13733967,0.10568112,0.21214299,0.10240473,0.025820618,0.08548007,deer,0.0076259086,0.024793427,0.17602864,0.12603764,0.25453234,0.13383614,0.19555539,0.06785171,0.0023116714,0.011427087,automobile,0.025487494,0.29388872,0.1216741,0.1544548,0.2179891,0.09012253,0.043426294,0.0026931707,3.6150388e-06,0.050260156,bird
6F0,airplane,0.299465,0.07893539,0.038911164,0.06711122,0.04256206,0.12687153,0.03284062,0.031411104,0.21561949,0.066272356,ship,0.0066468953,0.002756311,0.070505664,0.15917069,0.056630746,0.0042918874,0.0048759705,0.0040430776,0.6809352,0.010143616,ship,2.780506e-06,0.032054108,0.0049589444,0.0062537026,1.4020438e-06,1.036389e-05,6.4974374e-06,4.4512873e-09,0.95668834,2.3778268e-05,ship
6F2,truck,0.086348966,0.07019564,0.06045894,0.066793,0.13744813,0.12253505,0.09916021,0.12538062,0.07426647,0.15741296,deer,0.009790534,0.0015637637,0.03212676,0.058115017,0.36858836,0.12184867,0.13747114,0.24907003,0.005253641,0.016172055,dog,1.8475591e-06,6.581436e-08,1.25497145e-05,3.6619247e-05,0.004299981,0.9548882,0.00015664728,0.04059974,1.2659606e-07,4.0695268e-06,deer
6F4,frog,0.004554556,0.07392306,0.18814772,0.060297064,0.12720276,0.07111346,0.27776524,0.099735856,0.015031177,0.0822291,bird,0.01959367,0.0056661256,0.35569,0.13971068,0.14946623,0.057027634,0.17336808,0.07616054,0.01951775,0.0037992818,deer,0.242243,0.009483179,0.09300836,0.008236815,0.57151717,0.0011959617,0.0606496,0.010937124,7.77072e-05,0.0026510477,deer
6F6,airplane,0.50420594,0.047844123,0.02552875,0.030746313,0.03773097,0.0837436,0.021773564,0.028116206,0.15352003,0.06679048,airplane,0.48468915,0.01679027,0.03966323,0.0009593203,0.060521998,0.0002798281,0.007205666,0.00083733705,0.3755841,0.013469142,ship,0.016035981,0.001055995,0.013418501,3.1052516e-06,0.27332476,4.3881933e-05,0.0024323477,1.7159069e-06,0.69360334,8.044251e-05,airplane
6FA,frog,0.015424026,0.116165645,0.12947142,0.095138565,0.12460548,0.13765408,0.16357741,0.101147406,0.02451013,0.092305854,cat,0.0022779463,0.2927634,0.0051341653,0.402524,0.1404771,0.053697597,0.006581246,0.04084632,0.0020763776,0.0536218,cat,7.490364e-07,0.104432106,3.5291356e-07,0.75395656,7.042025e-05,0.02572154,4.366531e-06,0.1151245,4.1132625e-06,0.0006853875,frog
6FC,frog,0.0056218123,0.058388446,0.18832403,0.068070054,0.12063054,0.10217123,0.2800503,0.11335406,0.011061921,0.05232762,deer,0.0050405697,0.0014980054,0.22937256,0.07691416,0.41955668,0.04034315,0.11568804,0.10306344,0.0066497116,0.0018736643,deer,0.000947277,0.00020651409,0.014579106,0.0002608037,0.89320254,0.0028423218,0.07605376,0.011836701,9.2261354e-07,7.012946e-05,bird
6FE,frog,0.020189092,0.06280801,0.12651037,0.11160177,0.12079205,0.16902654,0.20262969,0.10950291,0.017366994,0.059572536,deer,0.0016953237,0.005407419,0.01412916,0.17325746,0.4994428,0.08399698,0.18671079,0.021692736,0.0002719904,0.013395332,dog,0.0003185044,0.00026793504,0.0003728768,0.120147124,0.0056580654,0.7359479,0.13373923,0.0019072575,1.00017274e-07,0.0016410571,deer
6FJ,frog,0.032372918,0.08203526,0.12667462,0.08411712,0.14475344,0.13579875,0.1526959,0.12446833,0.030055707,0.0870279,dog,0.009499955,0.005437959,0.21851918,0.083366565,0.1443164,0.38573208,0.100112915,0.047426064,0.0011306916,0.0044582626,dog,1.7216473e-06,2.0951128e-07,0.0897753,0.00019865674,8.651194e-05,0.89864045,0.011119032,0.00017814779,2.716118e-10,4.7895607e-08,dog
6FM,frog,0.017731471,0.0471695,0.14166495,0.08973791,0.11793225,0.13750315,0.22918947,0.14836784,0.016107064,0.054596454,deer,0.0015946649,0.00017576806,0.05394286,0.07519834,0.6042881,0.011887432,0.18781778,0.05969736,0.0011305048,0.004267121,bird,5.1886393e-05,9.631342e-09,0.56052625,0.0022721044,0.31548023,0.0006799734,0.042932507,0.078010395,6.7033525e-08,4.6621197e-05,deer
6FR,truck,0.14823288,0.10066925,0.051062685,0.05342318,0.0908759,0.08195804,0.051402662,0.06234392,0.17335917,0.18667234,ship,0.12909971,0.23426256,0.108860694,0.02541367,0.1802357,0.010461902,0.011953015,0.013807419,0.24221396,0.04369128,automobile,0.00024846793,0.9954791,0.0030100464,2.1578299e-07,0.00094413024,7.649398e-07,1.3885996e-07,1.3632047e-07,0.00020971418,0.00010722354,automobile
6FT,frog,0.012776209,0.08976015,0.14201383,0.09066941,0.1359629,0.09930471,0.21243289,0.09712006,0.028997023,0.09096281,frog,0.0014289309,0.004609407,0.136222,0.092482485,0.30420884,0.025582405,0.40705582,0.021868637,0.0022017413,0.0043397346,frog,1.885686e-05,0.002047047,0.047352973,0.0006014162,0.09872598,0.0012291387,0.8491348,0.0002302805,2.8628617e-07,0.0006591789,bird
6FW,truck,0.10304453,0.0840452,0.06930717,0.09312827,0.11660509,0.10329881,0.09583197,0.10005909,0.08945483,0.14522503,frog,0.021209994,0.021287065,0.036380168,0.15470219,0.2599671,0.07575791,0.30250382,0.03007908,0.010802357,0.08731028,dog,0.0016347668,0.0002885803,0.0052224956,0.22798009,0.011446836,0.40554723,0.34605208,0.0005445004,0.00013347299,0.0011499432,frog
6FY,dog,0.060606692,0.081915304,0.10745658,0.1432206,0.0839544,0.22364691,0.13037,0.08995834,0.038441394,0.040429775,cat,0.0031065997,0.019770239,0.12795882,0.3159572,0.1600136,0.11714426,0.17446722,0.06993971,0.007872829,0.0037695365,horse,1.3320658e-05,0.21991755,0.13732246,0.1174465,0.00065935,0.0313623,0.00390906,0.48729318,0.0020698516,6.466278e-06,airplane
6G2,airplane,0.39770496,0.05878541,0.03161456,0.048139125,0.048697807,0.103842564,0.03164161,0.036044937,0.16978692,0.07374209,ship,0.13078518,0.017220931,0.09947858,0.024917511,0.18926908,0.008462611,0.03896765,0.008134941,0.45744625,0.025317365,ship,0.00048105864,0.0003995717,0.0055970657,4.0498766e-05,0.0002492625,1.2650025e-05,0.00018674597,4.4019664e-08,0.9928121,0.00022103176,ship
6G4,truck,0.084175654,0.09957166,0.05304652,0.076389454,0.13038532,0.08889905,0.068779044,0.07951455,0.12083973,0.19839899,deer,0.0009876459,0.028519798,0.008448279,0.073682174,0.7192826,0.020130906,0.01273506,0.039382707,0.009889678,0.086941116,deer,6.524331e-09,2.1094862e-05,1.4591957e-07,5.4028395e-05,0.9987413,0.00039822637,3.1573188e-06,8.441916e-06,1.4522868e-08,0.0007735318,bird
6G6,frog,0.010969275,0.087599196,0.13512547,0.091132164,0.14057916,0.10555193,0.21846451,0.09713365,0.026049834,0.087394856,frog,0.00016116173,0.0026196293,0.057271983,0.16203485,0.2170706,0.03141604,0.4893818,0.037481826,0.00041420833,0.0021479032,frog,4.218498e-09,8.772202e-06,0.050774314,0.08586194,0.0019691836,2.2100928e-06,0.86133087,5.27064e-05,1.0714823e-10,1.04200595e-07,frog
6G8,frog,0.012186768,0.07674615,0.14577824,0.06409724,0.13785322,0.09224356,0.20096973,0.1275128,0.03158939,0.111023016,horse,0.0020793024,0.0003065056,0.27741113,0.09561277,0.029622529,0.23910525,0.04377181,0.3109634,0.00079885835,0.00032856181,bird,6.839009e-07,3.027767e-07,0.6035152,0.0009639552,6.4700995e-05,0.0019730893,1.499188e-05,0.3934665,4.428253e-10,6.2528153e-07,horse
6GA,ship,0.17197193,0.113691084,0.04481849,0.06985253,0.08567421,0.09574266,0.044837072,0.045840304,0.1799149,0.14765681,ship,0.086064585,0.24713397,0.015327659,0.03398489,0.099219106,0.03217324,0.005683151,0.005377975,0.41913763,0.055897836,airplane,0.6492884,0.15079896,1.4021999e-05,1.4438396e-05,0.0063008745,2.380557e-05,2.4146061e-06,1.0846645e-08,0.17227983,0.02127724,airplane
6GC,truck,0.019511683,0.10704696,0.1258764,0.048196718,0.16325909,0.054911908,0.14416851,0.12053439,0.04988482,0.16660953,horse,0.08368954,0.06481603,0.15001696,0.077198006,0.20024112,0.05114515,0.04160254,0.24822788,0.0720245,0.011038244,deer,0.01942848,0.0488846,0.1633735,0.012669139,0.73872787,4.8441085e-05,0.0047522206,0.011410949,0.00018984904,0.0005149484,dog
6GG,airplane,0.4278088,0.052856874,0.02592443,0.033737358,0.039649945,0.0845355,0.02507236,0.031530872,0.20087019,0.0780137,ship,0.04174675,0.038577095,0.031206397,0.006283049,0.019395689,0.005021344,0.014241455,0.006660592,0.8198898,0.016977888,ship,0.003975495,0.0022443016,0.003735072,1.3745068e-08,3.201335e-07,1.5984996e-08,0.00010334775,7.827246e-11,0.9899373,4.059694e-06,ship
6GM,frog,0.018971816,0.085687704,0.09413696,0.09206571,0.16350807,0.105716616,0.1920101,0.105010584,0.038413413,0.10447907,deer,0.0004610745,0.0021799586,0.018004844,0.18215351,0.5491827,0.09178003,0.09026723,0.061041135,0.00026394072,0.004665536,cat,1.6953517e-06,0.0012926031,9.014856e-05,0.60159147,0.0038591765,0.0103881955,0.3693017,0.00012565916,5.3898354e-08,0.0133492565,frog
6GP,airplane,0.51546866,0.043819796,0.031207483,0.03767341,0.03592171,0.09323524,0.026337631,0.0339272,0.1305049,0.05190398,airplane,0.84313405,0.00080223364,0.005856281,0.0002645415,0.0061999466,0.00065308705,0.0013694926,0.00030157843,0.14075272,0.0006660754,airplane,0.75333047,1.6302853e-07,3.6382218e-07,2.260506e-09,1.3345867e-07,8.42485e-10,3.086843e-08,1.6108192e-12,0.24666893,2.4217368e-11,airplane
6GT,frog,0.007416584,0.08875058,0.17585185,0.08728622,0.1181606,0.104506165,0.25192013,0.08315409,0.020110738,0.062843,frog,0.000483803,0.0049625426,0.21416652,0.15328175,0.14048457,0.055538658,0.39329195,0.035379644,0.0013501153,0.0010604329,bird,8.9256474e-07,0.0060560466,0.8215678,0.007614341,0.03834088,0.001817009,0.12420248,0.000399668,1.4288153e-08,9.158373e-07,frog
6GW,airplane,0.26822045,0.077465095,0.057354253,0.054018248,0.053772174,0.13193719,0.05022143,0.059413064,0.13402009,0.113578014,ship,0.16787927,0.0010192003,0.025670461,0.0018433434,0.010840627,0.0011080737,0.003174498,0.001022233,0.77761126,0.009831065,ship,0.0028140582,1.7307014e-10,2.2368053e-05,7.862973e-09,1.1996048e-07,1.2025272e-10,1.424494e-07,1.6719138e-11,0.99716336,1.1721154e-09,airplane
6H4,dog,0.17239943,0.045976035,0.08385072,0.09318846,0.082033075,0.21952884,0.10621271,0.1208711,0.047589704,0.028349863,bird,0.007515725,3.8194285e-05,0.59220487,0.09237782,0.045720644,0.10206163,0.1017274,0.05809925,0.00022909734,2.5402778e-05,frog,0.012706474,1.1050848e-06,0.05273383,0.38157046,1.0020568e-05,0.021073135,0.5252416,0.0066633173,1.0745604e-08,7.9383133e-10,cat
6H8,airplane,0.31980398,0.073634,0.053819247,0.060639102,0.05969804,0.11058199,0.03862087,0.049556628,0.15542418,0.078222014,bird,0.16012272,0.017053654,0.50475883,0.05109159,0.11613882,0.026657684,0.011750665,0.02605504,0.07462829,0.011742733,bird,0.023691332,2.031449e-05,0.9733889,0.0012805897,5.0781073e-05,3.6403887e-06,2.3097597e-05,7.87744e-08,0.0015413312,2.246021e-08,bird
6HE,frog,0.016849384,0.1287514,0.15352054,0.09776618,0.11193641,0.10135286,0.17145538,0.07370952,0.047346734,0.09731163,cat,0.006011357,0.026891243,0.13570908,0.46794292,0.07104615,0.1003843,0.1436369,0.017529678,0.023848193,0.007000085,cat,2.2029588e-05,0.0025505903,0.020273034,0.9163375,1.3455478e-05,0.05836475,0.002190003,0.00023074559,4.247454e-06,1.3585541e-05,horse
6HG,frog,0.03536932,0.085322194,0.10828665,0.09916195,0.14461766,0.13254564,0.14654128,0.12361244,0.045892257,0.078650646,deer,0.00044372134,0.001858018,0.08179405,0.16568801,0.3989933,0.13031617,0.043467492,0.17571522,0.0004308207,0.0012931661,bird,1.7685631e-10,9.674282e-08,0.8331674,0.005331289,0.1341577,0.016067702,0.0016943375,0.009581465,2.1270848e-11,3.849984e-08,dog
6HJ,frog,0.0064821644,0.08461402,0.14737827,0.07296982,0.14414646,0.10556782,0.24695483,0.09921328,0.016783956,0.07588941,horse,0.0011904624,0.0046657454,0.02463015,0.17002797,0.21967953,0.18240897,0.16398215,0.22880161,0.0039575733,0.0006558149,deer,1.3775252e-07,0.00012276872,0.0018798612,0.0014626461,0.70514,0.001668611,0.13663468,0.15308845,2.139387e-06,6.898328e-07,bird
6HM,frog,0.0059875757,0.08458691,0.19017038,0.06951699,0.11775961,0.07610806,0.2540863,0.09015908,0.02018975,0.09143543,bird,0.009866382,0.0055812537,0.43023998,0.09912085,0.08023351,0.019804154,0.30468276,0.015729586,0.02628667,0.008454907,bird,0.007438752,0.00022284746,0.813172,0.029917272,0.0016020637,1.5050088e-05,0.14485091,0.00013444132,4.8614722e-05,0.0025980782,deer
6HP,dog,0.04662,0.13608457,0.084158085,0.10943198,0.1210918,0.14294907,0.09587062,0.08999327,0.06701981,0.106780775,horse,0.005077001,0.047445476,0.0065740827,0.37302497,0.05981655,0.07681431,0.0031113143,0.41175318,0.0065505207,0.009832628,cat,5.5263814e-07,0.005308487,0.00011414784,0.8694361,2.5999e-06,0.06046544,1.2129024e-06,0.06465914,1.0759999e-05,1.5618566e-06,horse
6HR,airplane,0.2782533,0.0769703,0.029288782,0.061807126,0.08305864,0.1126249,0.04003127,0.045954548,0.15225491,0.119756304,deer,0.027557861,0.060657877,0.01807222,0.09160267,0.6746591,0.033453207,0.0506182,0.009848253,0.009993566,0.023537189,deer,0.0013333275,0.28968197,0.00063391513,0.0006205968,0.61529976,0.0656797,0.004037024,0.00013770728,1.0294503e-05,0.02256569,cat
6HW,frog,0.026863648,0.12422142,0.1203253,0.08360768,0.13233723,0.106224306,0.14077803,0.08680235,0.049472854,0.12936719,bird,0.037669078,0.13701227,0.1735787,0.13124952,0.13066764,0.082218796,0.12632582,0.026797993,0.12589155,0.028588627,cat,0.0072741797,0.120243855,0.031015271,0.5582781,0.015791444,0.009466148,0.102166004,0.04785459,0.09744083,0.010469666,frog
6HY,dog,0.06467428,0.0905452,0.06322795,0.113497816,0.14386754,0.15787427,0.10527165,0.098650075,0.043111138,0.1192801,cat,0.0006377438,0.016537333,0.003765336,0.4889316,0.31176317,0.044975184,0.07421042,0.013596495,6.34832e-05,0.045519266,cat,7.3053394e-07,0.00012491678,2.0006944e-08,0.9777314,0.00028861428,0.007934338,0.013526861,6.5382083e-06,6.006091e-11,0.00038653798,cat
6J0,frog,0.042092275,0.053188562,0.09825004,0.09618046,0.1293937,0.16151813,0.17645764,0.15263876,0.032592613,0.05768786,frog,0.0009779772,7.875954e-05,0.030347455,0.05266613,0.23898247,0.03100147,0.41905504,0.22525299,0.000116267925,0.001521423,horse,1.911052e-06,3.8282804e-09,0.0021259375,0.00043420724,0.04786312,0.0001482039,0.29555675,0.6538511,1.6898687e-10,1.8745674e-05,dog
6J2,dog,0.038042974,0.046836693,0.12285442,0.1342403,0.076110095,0.23785165,0.1664208,0.11857949,0.025755636,0.033307977,horse,0.00075010257,3.498607e-05,0.046680417,0.3161428,0.011339306,0.26111835,0.024043702,0.33953354,0.00023237627,0.00012447235,cat,3.858983e-08,6.670638e-08,0.0014604208,0.37736893,3.3494607e-06,0.27495545,2.2283648e-05,0.3461895,3.1982317e-09,8.583041e-09,dog
6J4,frog,0.041645497,0.09409771,0.088563845,0.115218274,0.12562159,0.12668623,0.13690986,0.09677857,0.066074125,0.108404286,cat,0.001275251,0.0069196178,0.02862146,0.4669651,0.15020578,0.11015033,0.08130842,0.12879916,0.003625788,0.022129107,dog,1.8443836e-07,0.002505205,0.0045177285,0.11509726,0.0005633646,0.6539539,0.006753873,0.21010052,0.00037626308,0.0061317035,deer
6J8,dog,0.03407573,0.09665407,0.13381957,0.12148253,0.111641794,0.20440373,0.13628885,0.088516936,0.026791865,0.04632499,dog,0.006072675,0.026358355,0.07249473,0.18534099,0.17894508,0.42563704,0.020576598,0.08196188,0.0005167617,0.002095889,dog,4.0392134e-08,3.466925e-07,0.0016722823,6.7757705e-05,2.6463336e-05,0.9968053,4.8933924e-07,0.0014273422,6.094279e-12,5.5710425e-10,horse
6JA,ship,0.15744114,0.08555863,0.06020949,0.05499062,0.08589875,0.09007631,0.055454552,0.08384889,0.16809846,0.15842319,ship,0.19050975,0.0058600074,0.120467976,0.008839129,0.07415133,0.0048380042,0.0030833397,0.08819658,0.4840783,0.019975549,ship,0.07455716,0.012430111,0.0037235196,3.2453272e-06,0.003669256,4.1694754e-08,3.502778e-05,0.00039345332,0.8406312,0.06455701,airplane
6JC,frog,0.009336832,0.081322074,0.17079684,0.07835928,0.12899071,0.09687589,0.2388589,0.097698525,0.021069942,0.07669095,deer,0.004565058,0.011357617,0.23927352,0.069932446,0.33929437,0.05624473,0.21907848,0.047332216,0.0039509377,0.008970566,bird,0.0003299421,0.001406751,0.76392794,0.00076333835,0.122370236,0.0003991361,0.10995265,0.0007236187,3.5353506e-07,0.0001260297,bird
6JJ,truck,0.014756735,0.11363608,0.08962409,0.06898477,0.15292774,0.072960265,0.13879792,0.065523915,0.054561798,0.22822677,automobile,0.0004990236,0.37650162,0.008462798,0.25652888,0.0970452,0.075164974,0.02561744,0.018812414,0.0017104824,0.1396572,truck,4.9547666e-08,0.063490435,8.7413565e-07,0.025951918,0.00016372328,0.0013518435,2.913163e-06,0.000109505534,1.071457e-09,0.90892875,truck
6JM,deer,0.019775832,0.118250936,0.13002089,0.07960421,0.15970886,0.09225446,0.15390597,0.10084813,0.03257839,0.11305244,deer,0.008150973,0.22738352,0.051532272,0.14641452,0.33881724,0.11878992,0.04730203,0.028931377,0.0031767737,0.029501287,deer,0.0014282992,0.102261335,0.0055041406,0.032772735,0.5166896,0.3280779,0.0014245345,0.0053607705,1.0252115e-06,0.0064795557,dog
6K2,airplane,0.35300267,0.045273345,0.029468343,0.06956573,0.07515081,0.14443153,0.047088906,0.064156085,0.11557342,0.0562892,deer,0.01744633,0.0003859845,0.052386634,0.35369933,0.36233222,0.05207117,0.13940284,0.020625731,0.000652734,0.00099702,cat,0.10391912,3.185532e-05,0.0034399994,0.88349825,0.002456112,8.089856e-05,0.0065727304,1.7081246e-07,1.5928146e-08,9.399722e-07,bird
6K4,frog,0.02045727,0.08609288,0.12845917,0.101483725,0.127834,0.14097832,0.18917248,0.09902468,0.033151165,0.073346294,frog,0.0023403636,0.0017744184,0.1368661,0.09847323,0.2030103,0.17799547,0.28328747,0.09259715,0.0018933293,0.0017621997,frog,6.997995e-05,1.4192946e-05,0.18910083,0.04649491,0.023730628,0.14450577,0.47712678,0.118949935,3.420198e-07,6.61913e-06,frog
6K6,ship,0.19347882,0.13340417,0.06308262,0.055500623,0.059636664,0.08571456,0.038448308,0.031083679,0.2164317,0.123218864,ship,0.1136196,0.0070035183,0.15963897,0.0004192858,0.008651832,9.670197e-05,0.0019450024,6.56551e-05,0.7037561,0.004803318,ship,0.16513953,0.0002021963,0.021661777,1.7970969e-10,7.485284e-08,5.9306347e-13,1.0037952e-07,4.3747777e-13,0.8129584,3.7977756e-05,ship
6KA,frog,0.010951576,0.075698875,0.16722834,0.08188878,0.12736657,0.097704634,0.235443,0.10712824,0.024456078,0.07213389,frog,0.001146131,0.00082928315,0.2631769,0.09399641,0.14252369,0.035949793,0.3599344,0.09832753,0.0033185787,0.00079732185,bird,6.973804e-07,7.80135e-07,0.97847134,0.0024076337,0.0002893844,2.7534493e-06,0.018545311,0.0002821432,2.4738691e-08,1.5416958e-08,deer
6KC,ship,0.15911433,0.111929856,0.04239705,0.07066563,0.07145335,0.0977452,0.042138975,0.044481464,0.18437487,0.17569932,truck,0.0013979676,0.13389538,0.0036684573,0.10426363,0.018253086,0.004358148,0.0014443136,0.0029407346,0.21815516,0.51162314,truck,1.3928568e-06,0.04929334,0.00034286143,0.12207883,1.0121163e-05,1.5673197e-05,2.2662934e-06,1.9226768e-07,0.28019336,0.54806197,truck
6KE,deer,0.036563464,0.120931156,0.08991068,0.081349805,0.170629,0.09888452,0.124229245,0.09774941,0.053336553,0.12641612,deer,0.023267187,0.1607558,0.05417724,0.057102896,0.53255266,0.09518815,0.033247083,0.021468965,0.007831048,0.014409032,deer,0.0002315991,0.09472091,0.0071916976,0.0008593465,0.8903755,0.0054998803,0.0009257482,2.085939e-05,1.38331e-05,0.00016059239,ship
6KG,truck,0.018008268,0.100224316,0.10481873,0.067667544,0.14331073,0.080447346,0.16012238,0.09289332,0.05639533,0.17611207,dog,0.010037732,0.027889831,0.06715824,0.13016221,0.15542102,0.18751085,0.1773098,0.12373695,0.065233275,0.055540144,truck,9.299628e-05,0.05779772,7.139148e-06,0.018202953,0.00072774803,0.063371904,0.0661434,0.013336789,0.00024950804,0.7800698,truck
6KM,dog,0.040795565,0.102970175,0.091529004,0.10691295,0.12121044,0.18321487,0.1307448,0.09693168,0.032204084,0.09348644,automobile,0.02212864,0.33438218,0.016745469,0.09597451,0.1340154,0.029649125,0.08765466,0.018294457,0.0012731988,0.25988245,automobile,7.5043834e-05,0.8713819,3.699983e-05,6.4422875e-06,8.360766e-05,0.00010797144,0.006989521,1.1277582e-06,2.4269143e-08,0.121317394,automobile
6KR,dog,0.0917185,0.107376814,0.10104249,0.10408123,0.092866845,0.16327962,0.09751594,0.08720329,0.07999578,0.0749195,bird,0.016805941,0.054584287,0.270866,0.13181311,0.13280955,0.1283843,0.12999228,0.084777765,0.044069063,0.0058977026,bird,6.9605344e-06,0.035543542,0.93327063,0.003955909,0.00030919572,0.002097367,0.024603646,4.6806083e-05,0.00016587156,7.9087016e-08,dog
6KT,airplane,0.5907475,0.03182071,0.016988039,0.018217638,0.025753578,0.06126111,0.013240213,0.01682109,0.16937847,0.0557716,airplane,0.7550752,0.00015480227,0.011003213,1.0010616e-05,0.005742332,2.1441712e-05,0.0009729312,2.29283e-05,0.226739,0.0002580605,airplane,0.9925452,2.9394465e-09,1.055919e-06,5.5450002e-14,3.0201836e-08,2.664066e-13,7.3412303e-07,2.2427049000000002e-17,0.0074529853,1.7121275e-11,ship
6KW,truck,0.059619725,0.12296087,0.057448845,0.06550599,0.10260318,0.07065605,0.06678917,0.057651076,0.13491246,0.26185256,ship,0.008146268,0.051152892,0.011084694,0.017988851,0.014314268,0.004324025,0.018806072,0.003125124,0.7161036,0.15495417,truck,0.00016824635,0.07524752,0.00020992261,3.598298e-05,1.1112686e-06,2.5430945e-05,0.00033656906,2.7611586e-07,0.27811676,0.6458581,truck
6KY,automobile,0.047738057,0.20093735,0.09957726,0.09325185,0.10531453,0.14633396,0.089506134,0.06599723,0.062318932,0.08902465,automobile,0.082358554,0.62297195,0.04289306,0.03383668,0.033966314,0.031116271,0.010295313,0.057592712,0.07664167,0.008327438,automobile,2.6731527e-07,0.9999639,6.6462667e-06,6.1153727e-09,5.1303464e-09,1.9535207e-07,1.8334941e-07,5.935147e-07,2.8200888e-05,1.388169e-08,automobile
6M8,frog,0.011108889,0.128649,0.15396634,0.063347735,0.1513732,0.066165574,0.17964841,0.075849496,0.03815115,0.13174015,bird,0.0100141,0.0577061,0.46189937,0.04003824,0.20599538,0.047060125,0.14200802,0.014316086,0.016670167,0.0042924634,bird,7.4318664e-06,0.0029077628,0.977024,1.9191737e-05,0.019878156,1.16954125e-05,0.00014940064,7.481855e-07,3.7891454e-08,1.4368663e-06,deer
6MA,airplane,0.4494142,0.037856102,0.030993124,0.05011926,0.05045626,0.11380237,0.033757,0.052088402,0.12510636,0.05640694,bird,0.19081953,0.0024658844,0.25081813,0.21364287,0.18437026,0.024624253,0.06719264,0.043127812,0.015909616,0.007029094,airplane,0.98815805,0.0012525957,8.617683e-05,0.0022050845,0.005582377,1.5444229e-09,0.0017861101,9.908585e-09,1.2424022e-05,0.00091721246,bird
6MC,truck,0.027465772,0.09024938,0.093859755,0.072937235,0.14277755,0.099509366,0.14304288,0.112237506,0.05291579,0.1650048,frog,0.0032248548,0.0054305056,0.098222755,0.08262906,0.15298575,0.19276711,0.27926046,0.16812035,0.006280455,0.011078701,frog,1.8213127e-06,1.7555001e-05,0.0032709602,0.0024060276,0.0018030439,0.31708995,0.67145073,0.003811955,1.557846e-07,0.0001477357,frog
6ME,airplane,0.43243146,0.04284092,0.02604997,0.041431535,0.053481493,0.10768647,0.028255854,0.04265988,0.15144616,0.073716335,deer,0.08802392,0.0012181957,0.30999324,0.042466614,0.396073,0.022346534,0.078557,0.046460733,0.010701684,0.004158978,bird,0.00016888994,6.9514454e-07,0.9850616,1.5637122e-05,3.5226196e-05,0.00046440173,0.014247352,1.2355638e-06,2.410231e-07,4.812979e-06,airplane
6MG,truck,0.043612964,0.11952393,0.059420563,0.057246063,0.1348177,0.06746884,0.080732256,0.070445076,0.10003189,0.26670066,automobile,0.004993158,0.34285694,0.008103289,0.028213281,0.15067492,0.009819461,0.024404256,0.02097404,0.1049802,0.3049804,automobile,4.082995e-07,0.51065934,3.5027394e-08,4.6156593e-08,3.8670096e-06,3.4871493e-07,3.3239899e-06,5.8907303e-06,0.00034508164,0.4889816,truck
6MM,truck,0.030040272,0.12702574,0.1091278,0.07516618,0.1404877,0.090175025,0.12392152,0.068151385,0.07328539,0.162619,frog,0.0045654913,0.023985706,0.21372391,0.027258284,0.20364726,0.01956103,0.45394984,0.006826455,0.021983026,0.02449897,frog,1.8499544e-06,6.9049537e-07,0.3034779,5.7131238e-05,0.056748178,9.191559e-08,0.63970906,4.0043208e-08,1.0119982e-06,4.040734e-06,bird
6MT,airplane,0.26675943,0.10504863,0.057439297,0.061725814,0.052951436,0.13084808,0.0348342,0.047547925,0.14804816,0.094796956,ship,0.24021052,0.050953235,0.09939097,0.017677426,0.012326515,0.0061073625,0.00066483655,0.05167433,0.49735636,0.023638437,ship,0.21715845,0.0010810466,0.10538529,8.4426125e-07,2.1743423e-09,1.3065764e-10,3.4177877e-08,1.945369e-05,0.67609286,0.00026202766,ship
6MW,frog,0.00810169,0.10456771,0.13386732,0.08146574,0.14480443,0.10177617,0.20642589,0.0886223,0.022338966,0.10802975,cat,0.0023495292,0.077039845,0.04713551,0.40331924,0.18417734,0.08771816,0.08666051,0.09861836,0.0011859825,0.011795567,automobile,4.1468204e-05,0.9816259,0.00044859483,0.008073001,0.0007144736,0.002857829,6.762894e-05,0.0053296727,6.523543e-08,0.0008413424,automobile
6MY,horse,0.07984854,0.08206945,0.07941781,0.068255484,0.13520457,0.103679,0.08940353,0.14200321,0.078211464,0.14190698,horse,0.012835225,0.0024798354,0.0719172,0.04139591,0.11677873,0.17170969,0.003697817,0.5753454,0.0016079927,0.0022322363,dog,7.0634296e-06,5.7349283e-05,0.1310358,0.0004961719,0.0010206285,0.64031595,6.586274e-05,0.22698615,7.4762795e-08,1.4992377e-05,horse
6N0,frog,0.011400533,0.1226731,0.15516838,0.08397267,0.10703603,0.13400999,0.17302638,0.09714025,0.02960517,0.08596745,horse,0.20636113,0.0028454948,0.08208626,0.06342047,0.013797285,0.019608987,0.0059111044,0.55136955,0.052059434,0.0025403388,airplane,0.98705983,0.0010146286,0.0031844194,4.2320964e-05,1.0080785e-07,3.8310782e-07,1.5804293e-06,0.00857482,4.5739154e-05,7.6134966e-05,cat
6N2,airplane,0.22191897,0.07886917,0.040175308,0.059214354,0.080177255,0.14800066,0.04146684,0.058840103,0.18157852,0.08975886,horse,0.016164904,0.00031153965,0.048331052,0.028142491,0.022640623,0.1334685,0.0036634237,0.722456,0.024749227,7.238601e-05,bird,0.0011619122,0.0011803921,0.5679778,0.014774096,0.0001587814,0.3930886,5.2130257e-05,0.021121472,0.0004847247,6.556663e-09,bird
6N4,deer,0.048522063,0.12152449,0.098381594,0.099423744,0.12294122,0.11967722,0.10078141,0.0800279,0.09126121,0.11745917,cat,0.0020837071,0.005537001,0.06364398,0.5572196,0.10374065,0.07894019,0.013805789,0.16428745,0.0087544015,0.001987271,cat,3.8484473e-09,7.784508e-09,0.0001088036,0.7461017,1.1274273e-05,0.00047079514,1.3181341e-08,0.25330734,2.3659917e-08,3.5501854e-10,cat
6N6,dog,0.039868284,0.07741019,0.10238164,0.12844342,0.08443535,0.21949272,0.14329934,0.10936381,0.029495735,0.065809496,cat,0.0042903908,0.009527007,0.004489701,0.40149963,0.017073749,0.23068842,0.0108575635,0.30378795,0.0017472019,0.0160384,dog,4.814217e-08,1.2729009e-05,1.9020163e-05,0.0044344896,1.1943675e-07,0.97951084,1.0684261e-05,0.01594602,7.6971585e-09,6.611949e-05,dog
6NA,airplane,0.3447987,0.079314016,0.03881709,0.038249817,0.043101616,0.08940605,0.024175711,0.029640483,0.2049342,0.10756236,airplane,0.45715666,0.05573095,0.11542936,0.0028174757,0.012344318,0.0029203538,0.00101641,0.0011863932,0.32497275,0.026425371,ship,0.28061128,0.26211107,0.00055118004,1.6472111e-10,3.574442e-07,6.779832e-11,1.4538189e-07,4.377278e-12,0.4540212,0.002704779,automobile
6NC,airplane,0.2160906,0.080732234,0.040647212,0.062324025,0.10177394,0.1102801,0.05866984,0.07621604,0.10922693,0.14403912,automobile,0.041657805,0.27302334,0.03938747,0.18155728,0.23476776,0.004368921,0.10975058,0.012596516,0.009108336,0.09378206,automobile,0.0001518973,0.9265774,3.449634e-07,0.002620357,9.8671924e-05,2.1131278e-07,4.532723e-06,4.2581094e-05,1.699702e-07,0.070503935,automobile
6NE,frog,0.008249264,0.072534785,0.20456608,0.0809445,0.10581014,0.09148698,0.23936145,0.10394085,0.018838385,0.07426755,bird,0.0069104824,0.0028003033,0.51717186,0.2399522,0.078466915,0.033487305,0.09697806,0.012259162,0.010356744,0.0016170122,cat,0.00018028427,1.0080456e-06,0.09343112,0.9053738,0.0005274573,0.00014547884,0.00027676654,6.38315e-05,1.8886142e-07,7.0541404e-08,cat
6NG,frog,0.0071327756,0.05705252,0.16827396,0.082821935,0.1069829,0.12556233,0.26955023,0.11715104,0.0145775955,0.050894707,horse,0.0012056625,0.00037919552,0.054752227,0.22407836,0.13202871,0.04938582,0.12257886,0.41277233,0.0022112594,0.00060749875,horse,0.00012407536,1.5948595e-05,0.036530487,0.015838098,0.010399671,0.05466121,0.10905219,0.7733762,1.1166409e-07,1.9756744e-06,bird
6NJ,dog,0.13874957,0.072545104,0.06433782,0.09601021,0.11615766,0.18891239,0.083759815,0.1199213,0.04900096,0.07060517,deer,0.005147956,0.00085195934,0.035495237,0.33164445,0.41226816,0.06317385,0.01991609,0.13006173,0.00016316798,0.0012773256,cat,1.3849897e-06,1.1019409e-08,0.0013374565,0.9630533,0.00026053222,0.029007373,0.00015840825,0.006181521,1.1177615e-09,2.5934478e-08,horse
6NM,airplane,0.28942403,0.060182933,0.043650076,0.06911125,0.08715201,0.11566078,0.053006362,0.06589624,0.12536064,0.09055565,deer,0.070634656,0.0014980722,0.15582457,0.124603994,0.3455791,0.06976485,0.21093033,0.014756251,0.0031226808,0.003285552,frog,0.027063927,2.9928035e-06,0.23396528,0.039881527,0.0016790398,0.21250065,0.48490268,3.1648794e-06,2.626908e-07,4.2893134e-07,frog
6NP,truck,0.043168437,0.12818666,0.08554908,0.08388071,0.12826683,0.087915786,0.10857257,0.07657022,0.09223029,0.16565938,deer,0.007876227,0.14043096,0.023917321,0.0852965,0.3171835,0.012799712,0.04109371,0.017906427,0.061698858,0.29179674,truck,7.761893e-07,0.1741432,1.1054033e-06,1.02419335e-05,0.001335976,3.057057e-06,0.00046987573,2.1884837e-06,6.061219e-05,0.82397294,airplane
6NR,frog,0.023988998,0.095634505,0.1271231,0.08186319,0.14245789,0.0905215,0.17317745,0.11429931,0.047437195,0.10349687,deer,0.0037208118,0.0058037005,0.16625983,0.08524327,0.30719572,0.09457796,0.2114748,0.11821704,0.0044523305,0.0030545108,deer,1.1305226e-06,5.1687894e-06,0.079501525,0.00082125864,0.8704028,0.00010348321,0.04814799,0.0010160673,7.5459404e-08,4.9168654e-07,bird
6NT,frog,0.026923839,0.09743192,0.12912008,0.081126705,0.14474007,0.0902469,0.1635177,0.11566424,0.04727048,0.10395814,bird,0.009297498,0.020198444,0.23998098,0.08575172,0.21791303,0.1410572,0.17560986,0.094842315,0.007633689,0.0077152518,bird,1.7521981e-05,2.1456959e-05,0.90133405,0.00013334453,0.08931423,0.00051664,0.00849044,0.00016930905,7.782821e-07,2.132915e-06,dog
6P0,airplane,0.16571441,0.06742974,0.07727268,0.08422124,0.09707334,0.120713025,0.09667463,0.1166183,0.10385764,0.07042505,bird,0.06175957,0.000966541,0.23752737,0.07806629,0.21753776,0.09066504,0.16934474,0.12410693,0.018550124,0.0014755232,frog,0.06628675,1.5185763e-05,0.06881684,0.009076712,0.057412196,0.028273413,0.7590899,0.0011994115,0.00982905,6.5257336e-07,dog
6P4,airplane,0.18982582,0.09454875,0.056544885,0.090713754,0.0744235,0.13029063,0.058339093,0.058569655,0.15830211,0.088441804,ship,0.06489463,0.013706475,0.08831778,0.0756639,0.14851548,0.030418765,0.039999563,0.027947579,0.49174875,0.018787023,ship,0.00023604323,0.0024179749,0.0013195357,0.0055524707,0.0013930482,0.00011128104,0.00013527264,8.981215e-06,0.98880136,2.4017469e-05,ship
6P6,dog,0.05467815,0.10025343,0.09434646,0.110653765,0.104041256,0.20225811,0.11332904,0.109972976,0.043947678,0.06651916,horse,0.011690576,0.04134717,0.013150772,0.14706011,0.17731704,0.1421501,0.009940107,0.43169796,0.0023582666,0.023287935,automobile,0.00027877023,0.57684314,0.0030817306,0.09819095,0.0041479915,0.022658663,0.00023354638,0.28724822,5.744383e-06,0.007311244,horse
6PA,truck,0.12482415,0.08700131,0.051283237,0.060595933,0.09847141,0.11063473,0.06391817,0.099488474,0.08027489,0.22350769,truck,0.0053618145,0.042131003,0.00801641,0.016208636,0.063946664,0.001967381,0.009028354,0.051188853,0.004977666,0.7971732,truck,2.888676e-07,8.081044e-05,2.70105e-05,2.2188184e-05,7.248236e-07,7.116097e-08,0.00011307435,4.2513464e-05,1.8299508e-08,0.99971324,truck
6PE,truck,0.048554372,0.11069732,0.058149695,0.06337798,0.10082862,0.06072105,0.071528874,0.050924737,0.11729261,0.31792468,truck,0.0018861131,0.0060012247,0.008701236,0.0011238735,0.031112589,0.00010982793,0.022952266,0.0002345823,0.27704635,0.65083194,truck,1.675858e-05,4.620734e-06,6.522326e-07,3.0635878e-08,2.6758729e-08,2.9988236e-09,0.003394173,1.02927146e-10,0.18667258,0.8099112,truck
6PG,dog,0.13302031,0.061767165,0.079307176,0.13505268,0.08273353,0.24908693,0.09688899,0.08460478,0.042532854,0.035005543,cat,0.0157376,0.00076429686,0.07628281,0.3867501,0.21974416,0.088252366,0.15668762,0.050117318,0.0006550727,0.005008733,frog,0.00026759223,1.1751694e-06,0.03755223,0.04250699,0.0023421529,0.023488747,0.8930053,0.0008276891,4.102775e-07,7.64853e-06,frog
6PM,automobile,0.07806456,0.14139938,0.10107338,0.08732991,0.0854001,0.124612,0.0822111,0.072711006,0.08818624,0.13901237,ship,0.28645462,0.018815871,0.017754786,0.0056994157,0.021806454,0.0012998793,0.0024183101,0.0010133932,0.58174384,0.062993474,ship,0.43630716,5.5301252e-06,1.5054016e-05,7.867516e-07,1.4020249e-05,1.6724394e-09,3.5377075e-06,1.1237611e-09,0.5633498,0.00030408427,airplane
6PP,automobile,0.021921307,0.16129068,0.13102876,0.09670138,0.11632556,0.1303164,0.13943551,0.06550143,0.043568164,0.093910776,automobile,0.0114928195,0.5606138,0.18567719,0.07404133,0.019460708,0.047299143,0.07298013,0.00877909,0.008093246,0.0115625495,automobile,3.977541e-07,0.99991477,8.218557e-05,4.2671036e-07,4.025611e-10,1.3012124e-08,6.3197115e-07,1.5991081e-09,1.7296517e-07,1.334417e-06,automobile
6PR,dog,0.024337512,0.087069996,0.12611105,0.135594,0.09096728,0.19262296,0.1757005,0.0873164,0.032441247,0.047839146,cat,0.00049151515,0.0027422148,0.041557252,0.46964556,0.08783245,0.13238029,0.14087369,0.11863754,0.00325322,0.002586182,cat,2.6864404e-08,0.00016030855,0.015791174,0.9500071,3.1516003e-05,0.017813448,0.0044137444,0.011779951,2.6035566e-06,1.440547e-07,frog
6PT,truck,0.029098872,0.07369835,0.048303783,0.041381113,0.13005143,0.043313168,0.08366245,0.07417628,0.06256492,0.4137497,truck,0.00014807339,0.024808478,0.0006761386,0.0013010461,0.016380716,0.00020423257,0.015474916,0.00092701253,0.026707867,0.91337156,truck,1.0634772e-09,0.0004851892,4.9682126e-11,4.16388e-11,1.5203508e-07,1.0555574e-09,6.7866804e-06,2.1075715e-09,6.828252e-05,0.99943966,automobile
6PW,dog,0.04331508,0.06942062,0.12907945,0.0877034,0.11944533,0.16299158,0.14950888,0.15478103,0.030943438,0.052811142,horse,0.0018130079,0.0017396511,0.072218105,0.049169455,0.29701203,0.050333902,0.060012646,0.46544117,0.0012826832,0.0009773778,horse,2.7743593e-07,4.078126e-05,0.051197894,6.040688e-05,0.05825979,0.04578674,0.0015190997,0.84313023,2.779449e-07,4.4300514e-06,horse
6PY,frog,0.010404294,0.10548045,0.1726569,0.095122404,0.10835627,0.14029847,0.19697519,0.072031625,0.028585132,0.07008931,cat,0.0050544813,0.002127672,0.29794815,0.38824156,0.03698506,0.0448456,0.18905573,0.028401675,0.004909499,0.0024306518,cat,0.16946252,0.19949487,0.054599203,0.40466636,4.0063816e-05,0.0011787518,0.15153104,0.0068407576,4.0561834e-05,0.012145949,automobile
6Q0,truck,0.056320608,0.14577414,0.06524221,0.058925636,0.11741964,0.08161214,0.07250477,0.063087545,0.07653418,0.26257914,automobile,0.0024608606,0.8035164,0.0037181478,0.0039447644,0.0043457383,0.0021238427,0.001279644,0.00069916947,0.0021218231,0.1757896,automobile,1.6762545e-08,0.997157,1.4312873e-08,1.631045e-10,1.2500385e-10,4.3390727e-09,5.661553e-08,7.354511e-12,9.853478e-09,0.0028428456,automobile
6Q6,dog,0.10340922,0.091489024,0.093982376,0.093956485,0.10356486,0.1582451,0.101068206,0.12279008,0.0679643,0.0635304,horse,0.105615936,0.009287074,0.1070476,0.07183402,0.13771644,0.09208226,0.020583741,0.31353027,0.13895996,0.0033425817,ship,0.37358505,0.0031849518,0.12875576,0.0029414697,0.020342814,0.0033380524,0.00014121753,0.0030227033,0.46468744,4.9557696e-07,airplane
6QA,frog,0.0050050537,0.07577431,0.1745261,0.08796207,0.110243954,0.13951455,0.26508936,0.08206961,0.011178835,0.04863606,cat,0.0020235449,0.00616613,0.040462576,0.4551387,0.27170348,0.06498986,0.082611024,0.07049046,0.0029886265,0.0034255574,dog,5.6245302e-05,0.3405093,9.713221e-05,0.017783524,0.0722112,0.5052984,0.019989831,0.043220542,1.7772477e-06,0.0008321056,cat
6QC,truck,0.13367565,0.05558407,0.056444768,0.07150364,0.12057072,0.10217035,0.1034638,0.124962494,0.08764039,0.14398418,frog,0.010781344,0.00064716785,0.029803269,0.08308314,0.20738623,0.00800087,0.63778496,0.0058684098,0.0034199085,0.013224688,frog,0.03149861,1.9276853e-05,3.0629305e-06,0.0008585726,0.0072417897,1.6455646e-05,0.9245208,1.5232537e-08,2.0441225e-06,0.035839338,truck
6QJ,airplane,0.24255283,0.08568587,0.028771203,0.05196594,0.06661423,0.07710755,0.03542726,0.03314587,0.22269842,0.15603092,ship,0.0037695756,0.010472917,0.00023504955,0.00027455663,0.0021389313,0.00016668717,0.0016777917,1.7617607e-05,0.9749844,0.006262461,ship,1.8671553e-06,5.7461853e-09,2.7461815e-12,7.836924e-13,1.538488e-10,3.9062446e-13,2.0097916e-10,9.043145e-19,0.999998,1.05094365e-07,ship
6QM,frog,0.012155958,0.077824906,0.12844038,0.08514805,0.13887647,0.10275573,0.2312886,0.106308825,0.029609842,0.087591335,frog,0.00036770667,0.0019574456,0.10539767,0.17251864,0.18098943,0.08100933,0.26357085,0.19106005,0.0005168127,0.0026120977,frog,5.380104e-07,0.021919373,0.21146353,0.0020187614,0.0016533734,0.028375795,0.4192752,0.31304917,1.8767942e-07,0.0022441305,deer
6QP,dog,0.02388572,0.1333099,0.13901098,0.084337905,0.09263171,0.1419899,0.13646312,0.088040784,0.045515668,0.11481428,cat,0.1556804,0.1151403,0.15007158,0.2941364,0.012612729,0.074423485,0.0021403409,0.067382626,0.033697426,0.09471471,truck,0.03428957,0.041443404,7.88956e-05,0.040978115,1.036078e-09,0.00030990381,5.4311516e-07,0.0045391545,0.00044609935,0.8779143,truck
6QR,airplane,0.15156576,0.07072776,0.064870656,0.06288359,0.0961888,0.09878888,0.07858532,0.11910626,0.12880531,0.12847772,ship,0.2069861,0.005343266,0.029601386,0.0152900275,0.054258987,0.105560035,0.0063648825,0.1425304,0.42490762,0.00915734,ship,0.0041638017,4.4277007e-05,5.0960356e-08,8.60294e-09,1.0827557e-05,2.1673286e-05,8.9886316e-07,2.1488938e-07,0.99567336,8.482085e-05,ship
6QT,dog,0.03159784,0.10451389,0.10170172,0.1384501,0.08759746,0.25549558,0.1271896,0.060941614,0.038907364,0.05360478,cat,0.0011778469,0.004583106,0.009100632,0.50303566,0.051151093,0.33044082,0.08378182,0.011558605,0.00091964286,0.004250804,dog,1.4968802e-07,8.405004e-06,9.709107e-07,0.09307309,0.00010791535,0.90584594,0.00095948734,1.8821095e-06,7.640942e-10,2.1331202e-06,dog
6R0,frog,0.018087318,0.09343469,0.13862774,0.08029267,0.14282732,0.09016163,0.19902198,0.10319859,0.03690921,0.097438835,bird,0.0024597894,0.010382519,0.30218586,0.06578149,0.20713416,0.064658694,0.2840362,0.054786734,0.002660751,0.0059138406,bird,1.0712762e-06,0.0001068227,0.95702124,0.00018630564,0.004696894,5.800692e-05,0.037721086,0.00020458257,5.445201e-08,3.821052e-06,bird
6R2,frog,0.03517621,0.08709682,0.11183139,0.10646417,0.12033851,0.12380488,0.1606665,0.12206606,0.049100973,0.0834545,cat,0.00060510606,0.002214636,0.03280782,0.4181947,0.18387969,0.025176259,0.12148516,0.20898551,0.0017895622,0.0048614806,horse,9.363494e-08,0.00057286717,0.00062382955,0.047607828,0.016022261,0.0038700246,0.12439932,0.8059012,2.0558562e-05,0.0009820625,bird
6R4,airplane,0.295112,0.054186296,0.029327111,0.05509479,0.0937591,0.11272219,0.049452648,0.060404398,0.12505277,0.124888636,frog,0.010441586,0.00013997465,0.03885293,0.027539171,0.15617466,0.015985044,0.7490747,0.0009512269,0.00033952412,0.0005012838,frog,1.6275858e-06,6.416396e-11,5.204441e-06,8.7356244e-07,9.634793e-08,7.2224952e-06,0.999985,4.852085e-12,5.490938e-14,2.1398933e-11,frog
6RA,frog,0.01967261,0.073230855,0.1325942,0.12300283,0.103226714,0.17438208,0.20218371,0.097057424,0.026020879,0.04862869,cat,0.001909919,0.0056328108,0.017569965,0.4823396,0.16525722,0.12661928,0.063083164,0.123881936,0.0056004897,0.008105634,dog,1.5196876e-05,0.009856536,0.00017952318,0.035937313,0.00069324626,0.9319343,0.006993481,0.0135876015,0.00048041868,0.00032224035,frog
6RC,airplane,0.165671,0.072159044,0.07520193,0.061288416,0.08905496,0.09491861,0.074687496,0.106746666,0.14736561,0.112906314,ship,0.25804666,0.0036088421,0.1247356,0.012023564,0.020749036,0.11356107,0.014633345,0.09812624,0.3518328,0.0026828216,ship,0.020280661,9.744367e-05,0.00024710508,3.8938398e-07,1.4475838e-05,8.9323024e-05,3.756387e-05,1.7319361e-07,0.9792326,1.072568e-07,ship
6RE,dog,0.1047828,0.049657676,0.10217507,0.10980296,0.08042213,0.23873024,0.13198738,0.11998294,0.03347727,0.028981606,bird,0.030511176,0.00047291053,0.26511478,0.09878128,0.22420073,0.14718062,0.19387765,0.03681218,0.0027394705,0.0003091908,airplane,0.91660136,1.1066775e-06,0.00019461529,0.0456283,0.003471958,0.033477735,0.00061393087,9.461794e-06,1.5629889e-06,4.1341702e-10,cat
6RG,truck,0.026303377,0.109296314,0.091409,0.04596391,0.15071498,0.0552172,0.10789304,0.09389253,0.0629252,0.2563845,automobile,0.049816024,0.31692907,0.115408845,0.031928625,0.14429383,0.017005615,0.07215465,0.07975022,0.05166357,0.121049576,deer,0.01170526,0.30993086,0.12996951,0.00021588794,0.48876813,3.8283473e-05,0.03276268,6.0302213e-05,1.2855212e-06,0.026547758,bird
6RP,frog,0.02342744,0.045859747,0.121225275,0.07126809,0.12594125,0.11466949,0.1956043,0.19379988,0.025658092,0.082546495,horse,0.0010364801,2.762708e-05,0.02100024,0.073305696,0.0365857,0.01749313,0.014297452,0.83498764,0.0005584711,0.0007075464,horse,7.8584225e-07,5.533535e-10,0.0006379866,8.074277e-06,1.215993e-05,1.9407122e-05,9.4381414e-07,0.9993186,1.2594802e-07,1.8832689e-06,horse
6RR,dog,0.06572231,0.10978477,0.09865374,0.093729064,0.10945851,0.14692622,0.0967061,0.13033439,0.04935201,0.099332854,horse,0.004143902,0.16639398,0.024205966,0.119091086,0.06079609,0.066908844,0.0031598303,0.52284265,0.0027875246,0.029670145,automobile,1.8229971e-06,0.65236276,0.005816833,0.0010270146,0.0004032089,0.0025072943,2.4910534e-07,0.33696246,2.8910043e-05,0.0008894027,automobile
6RW,dog,0.108698376,0.08661321,0.086362086,0.07648834,0.1232866,0.14134836,0.083990075,0.12030063,0.062162984,0.110749334,horse,0.006165001,0.00534705,0.09577411,0.23863107,0.22851832,0.1366525,0.010683053,0.2735093,0.00021820985,0.004501433,dog,0.000104888735,1.6894292e-06,0.08632176,0.18835887,0.002487359,0.6962327,3.243178e-05,0.026454099,2.1436287e-10,6.310338e-06,bird
6RY,truck,0.0777349,0.13753712,0.07895049,0.06883773,0.108153254,0.091320194,0.07114033,0.0751582,0.11032877,0.1808391,automobile,0.040791467,0.2911212,0.085865624,0.07330447,0.08179094,0.010010857,0.01827182,0.06542965,0.061900117,0.27151394,truck,0.0004789727,0.2991939,0.002807141,0.00041783077,0.00023996897,2.6025577e-07,0.00014902897,0.0002478453,0.0008281137,0.695637,truck
6S0,deer,0.043035015,0.11532469,0.1132161,0.08506493,0.13818829,0.1262564,0.11445635,0.09661264,0.067420885,0.100424685,bird,0.022134759,0.0057965145,0.2573103,0.15295728,0.14905158,0.20334502,0.0428414,0.15858878,0.0066384473,0.0013359003,cat,0.0041937265,0.00081528875,0.21190882,0.4535583,0.021797929,0.28042024,0.00011554854,0.027189208,8.108089e-07,1.5341942e-07,deer
6S2,truck,0.05754987,0.12400944,0.07563246,0.053135492,0.13296571,0.09876864,0.08571014,0.09673392,0.087073214,0.18842112,horse,0.054599825,0.0895956,0.063256204,0.0521036,0.16996388,0.019512504,0.021234265,0.48336855,0.015244413,0.031121127,automobile,0.00032129878,0.5962822,3.756845e-06,4.0683776e-07,1.0141054e-07,3.0127925e-05,0.0006596777,0.052017383,3.434136e-06,0.35068166,airplane
6SA,frog,0.038078792,0.05305125,0.11567521,0.1036193,0.12655047,0.15328124,0.1799356,0.14134528,0.033146646,0.055316273,frog,0.001103831,4.877447e-05,0.21144412,0.18417817,0.17072353,0.058637753,0.27368116,0.098928995,0.00034407654,0.0009095506,horse,6.352057e-07,3.332098e-08,0.24352376,0.21089579,0.002218083,0.0079604555,0.032825954,0.50257397,1.3462643e-07,1.1865756e-06,horse
6SC,horse,0.02008175,0.089696474,0.1245297,0.070908085,0.12785077,0.10989616,0.15285493,0.15679175,0.028848842,0.1185415,horse,0.0025913883,0.021125706,0.005634767,0.19716044,0.029479375,0.035522096,0.003779495,0.7006311,0.00047863,0.0035971173,horse,1.5744714e-05,0.020471511,4.115154e-08,0.06544133,0.003576115,0.003331048,4.948321e-06,0.89011073,1.3454336e-08,0.017048573,dog
6SE,deer,0.024853548,0.114834234,0.10349846,0.08700645,0.16090009,0.10170794,0.1392048,0.094785236,0.05191113,0.121298105,cat,0.0011007171,0.0045357235,0.11953649,0.38778958,0.34837863,0.055938676,0.05206841,0.026294498,0.0011983535,0.003159039,cat,1.3866402e-06,8.800587e-06,0.0033682445,0.7956392,0.14818688,0.012469277,2.0919491e-05,0.0402787,1.893187e-07,2.6318816e-05,cat
6SG,automobile,0.024222218,0.18091698,0.106102444,0.0817697,0.11473807,0.08332511,0.1153087,0.06369165,0.06718929,0.16273586,automobile,0.008247698,0.7358296,0.008274697,0.04057432,0.044965133,0.004721919,0.009986831,0.015419061,0.097213045,0.03476769,automobile,3.4365798e-06,0.9999217,1.6008488e-06,4.801935e-06,3.673237e-05,2.1849667e-08,2.3550824e-06,4.185916e-07,2.5249616e-05,3.6720091e-06,automobile
6SJ,frog,0.009121897,0.08201518,0.16517292,0.10624762,0.10431367,0.12117806,0.23823287,0.08832791,0.018983157,0.06640671,cat,0.0026330536,0.012758555,0.061920054,0.40291563,0.21125399,0.03949854,0.19306836,0.053074557,0.0055533885,0.017323855,cat,0.00015310182,0.0032946,0.029369645,0.48316243,0.024884125,0.083363846,0.29378268,0.08137163,1.7583452e-06,0.0006161654,bird
6SR,dog,0.037774157,0.07540609,0.09397756,0.121678606,0.10384432,0.18936153,0.1540054,0.11049988,0.03323564,0.08021686,cat,0.0039478433,0.0030600715,0.0084415935,0.6020782,0.08051084,0.11627904,0.083737694,0.06609632,0.0024267533,0.03342167,cat,1.0650484e-05,3.2248302e-06,7.235971e-05,0.5553681,4.92187e-05,0.084224,0.012436406,0.3473178,6.997199e-06,0.00051111646,dog
6SY,truck,0.18693805,0.08081362,0.04193176,0.04361901,0.10294935,0.09040401,0.042592034,0.0610305,0.13856824,0.21115348,bird,0.13551106,0.0379828,0.33536825,0.07210863,0.15735073,0.1311968,0.027836746,0.06700052,0.005534244,0.030110274,bird,0.0004651395,0.0005672634,0.78490436,0.0010752835,0.016125677,0.19636743,6.780832e-05,2.4008907e-06,5.53149e-10,0.00042463545,cat
6T2,frog,0.018579703,0.10475577,0.12784587,0.07621578,0.1572751,0.08866043,0.1688547,0.11301682,0.035914198,0.108881615,deer,0.008619467,0.024574617,0.16571005,0.056784425,0.3258938,0.106295794,0.07076299,0.22888544,0.0051344098,0.0073389853,bird,0.00022431741,0.01881598,0.5937939,0.00018585857,0.2918251,0.030522343,0.00042762986,0.06394694,7.051483e-07,0.00025724323,horse
6T4,frog,0.010880703,0.086139254,0.16395085,0.10304339,0.11491845,0.12620665,0.22982709,0.0847813,0.02232552,0.057926755,frog,0.0005068691,0.0020160351,0.2588645,0.101818874,0.17228495,0.061500635,0.38504112,0.0155042345,0.0010676386,0.0013951955,bird,1.1749163e-07,1.2097934e-06,0.96497035,0.004047727,0.0015849042,0.0006450542,0.028674532,7.608461e-05,7.5249734e-10,3.560962e-08,frog
6T6,frog,0.0065949047,0.08601192,0.12577298,0.058843836,0.15940136,0.068008505,0.2159189,0.10916456,0.02049627,0.14978677,cat,0.0005251934,0.023794925,0.03802927,0.3036327,0.16614513,0.042400155,0.14289378,0.2541307,0.0005526644,0.027895428,horse,2.1539556e-08,0.0037380813,8.136973e-06,0.0028546592,4.7181475e-06,0.007027318,0.00058631727,0.9709401,1.1942235e-09,0.014840691,frog
6TA,frog,0.02239259,0.082532525,0.12444572,0.092414826,0.13847257,0.104406565,0.18875654,0.1171448,0.03421478,0.09521908,frog,0.0027926124,0.005666026,0.11248729,0.12480868,0.24661218,0.10755323,0.2793513,0.10502572,0.0010904175,0.014612539,frog,2.995574e-06,1.6952707e-05,0.46648192,0.005416962,0.003873156,0.0042027556,0.5095267,0.010390999,1.4999634e-08,8.759921e-05,deer
6TC,truck,0.048960067,0.11123315,0.07247307,0.093954906,0.13491713,0.095143065,0.103411116,0.08707706,0.080247484,0.1725829,cat,0.00090232276,0.05839899,0.019290425,0.4898703,0.16589423,0.05297237,0.052191325,0.0908855,0.0070436047,0.062550895,horse,2.589201e-06,0.0031557882,4.292952e-05,0.092426926,0.0010217078,0.004628631,0.00021560694,0.7868646,0.0002498195,0.11139155,ship
6TE,truck,0.08804444,0.068647966,0.056227323,0.06276983,0.13517193,0.09914631,0.09051699,0.13616909,0.07844093,0.1848652,horse,0.0024996772,0.0018025176,0.031678714,0.12692222,0.1974678,0.13786456,0.061689124,0.43067777,0.002202321,0.0071952925,dog,1.0662703e-05,2.3021119e-05,0.004773154,0.014314944,0.005183461,0.6235795,0.09396407,0.25787574,1.541963e-06,0.00027396157,horse
6TG,horse,0.07379709,0.08410959,0.09602812,0.093239196,0.11900489,0.11893468,0.11328043,0.124059156,0.075798765,0.10174808,horse,0.00787779,0.0032937622,0.13881852,0.13541523,0.1816577,0.10282466,0.10068866,0.31915474,0.0063078534,0.003961045,horse,8.3910985e-05,2.4843753e-06,0.01993432,0.00776931,0.03793449,0.008661227,0.021316001,0.90424067,5.5640416e-05,1.9532004e-06,deer
6TP,truck,0.05789971,0.09668865,0.048004918,0.062111,0.15478696,0.09129997,0.076524295,0.098107696,0.06967382,0.24490301,deer,0.0005593843,0.12455903,0.0031009894,0.052938204,0.40091956,0.018753419,0.030352995,0.14907213,0.00065975223,0.2190846,truck,2.961005e-08,0.12339753,3.7985594e-06,0.00036585194,0.024526164,0.0026430837,0.00011746881,0.011642751,1.5176791e-08,0.8373034,truck
6TR,airplane,0.25728846,0.13412623,0.04739741,0.0491638,0.0671699,0.095511094,0.030233542,0.04227219,0.1325306,0.14430672,automobile,0.32146794,0.52652615,0.0256466,0.0019792258,0.020711796,0.0006726486,0.00014541818,0.0008238202,0.03970935,0.0623171,automobile,0.0012523275,0.99675864,0.0019517557,3.3908357e-08,2.0016857e-07,2.1118063e-10,3.0808142e-08,2.8003316e-10,4.927456e-07,3.6613907e-05,automobile
6TT,airplane,0.17682166,0.062977895,0.060846943,0.08438923,0.09588625,0.14399602,0.07383684,0.111096576,0.09612311,0.09402544,cat,0.01334534,0.00072864076,0.08036978,0.45650804,0.088523574,0.15857658,0.006244368,0.1929351,0.00048675566,0.0022818719,cat,2.521657e-05,4.8405303e-07,0.0004548429,0.99693537,0.00025043145,0.0017632215,4.2247993e-06,0.0005660336,1.09550395e-08,2.0110825e-07,cat
6TW,airplane,0.7667002,0.011556723,0.0064670346,0.008790471,0.01238279,0.04676528,0.006256177,0.009300969,0.1099668,0.02181361,airplane,0.6622623,5.9580674e-05,0.12475816,0.00015597271,0.046153337,0.001042336,0.03810462,0.0005657495,0.12676439,0.0001334888,airplane,0.9933745,1.5406766e-08,0.0009861192,7.150279e-11,9.314688e-06,1.579113e-05,0.0025587121,2.7838818e-13,0.0030554303,5.909698e-13,bird
6TY,airplane,0.27500424,0.062842354,0.038245063,0.07609004,0.09030883,0.15571684,0.049824316,0.06755757,0.09582578,0.088584974,cat,0.004987337,0.0011221011,0.026839457,0.62635815,0.2252929,0.061966155,0.030081566,0.020860026,7.286219e-05,0.002419496,cat,1.6785038e-06,1.3360437e-07,0.0008404811,0.87376374,0.000109372006,0.124614134,0.00029502294,0.0003753265,4.5747538e-12,1.2595154e-07,dog
6V0,horse,0.082904756,0.08665512,0.111566804,0.08163832,0.12380113,0.11419945,0.09508345,0.14414638,0.06727088,0.0927337,horse,0.016053258,0.0036734315,0.14634188,0.06678549,0.07573226,0.2729329,0.005441783,0.4070056,0.00471056,0.0013227853,bird,5.6034096e-05,2.4433593e-06,0.96690726,0.0025968545,0.00043137503,0.021806927,6.4874075e-06,0.008185424,7.1766262e-06,5.401856e-09,cat
6V2,frog,0.012930703,0.104726665,0.14933228,0.10054502,0.12104851,0.10440978,0.19417794,0.08019494,0.038290743,0.094343446,cat,0.0012933271,0.005441456,0.12406561,0.45036334,0.14193168,0.08092154,0.15966326,0.021710234,0.010259645,0.004349932,cat,2.1210174e-06,4.815426e-05,0.012241943,0.73926693,0.00024911147,0.0011639999,0.24696237,6.212808e-05,3.6005318e-07,2.9123357e-06,frog
6V8,truck,0.09167487,0.13647826,0.06560083,0.0650374,0.09731716,0.07343556,0.05936309,0.047987916,0.14214231,0.22096257,ship,0.03581412,0.048869606,0.018643597,0.0020693499,0.06397367,0.00045757781,0.0066918153,0.0002821461,0.5223623,0.30083576,truck,0.0005461021,0.003380733,7.5759345e-07,2.7115266e-09,0.001516222,2.910582e-08,2.885277e-05,5.795216e-10,0.17076616,0.82376117,ship
6VC,airplane,0.53659564,0.028528754,0.01958246,0.04207393,0.04121399,0.12538253,0.0228239,0.0336378,0.10505777,0.04510323,cat,0.015620969,0.00028524283,0.076246694,0.5995889,0.15866303,0.1085256,0.025029749,0.011913552,0.00046002658,0.0036662668,dog,1.359465e-05,5.981181e-08,0.016865768,0.33199945,0.0070004463,0.64404845,7.0554786e-05,6.283821e-08,1.2604563e-08,1.5245081e-06,bird
6VE,dog,0.15287265,0.061872855,0.056102987,0.10594573,0.10425378,0.16704465,0.08167624,0.11826201,0.05700838,0.09496078,cat,0.0014707451,0.0019378616,0.0072521693,0.88653904,0.044644997,0.03429782,0.00492431,0.010472904,4.0120467e-05,0.008420023,cat,2.522582e-06,1.5169978e-06,1.0401578e-05,0.964994,8.199769e-05,0.03488194,7.0019614e-06,9.934366e-06,1.01583526e-10,1.0678468e-05,dog
6VM,truck,0.094777174,0.12560117,0.04930615,0.061432436,0.09103412,0.06952028,0.051016822,0.060349148,0.1084483,0.28851438,automobile,0.0019820505,0.86068237,0.0003221705,0.0023744795,0.0014913864,0.00026562304,0.0003050243,0.00065552205,0.0076410193,0.12428023,automobile,1.8817272e-07,0.99981123,1.7885596e-09,2.9197544e-10,5.977966e-11,1.1040891e-10,7.7961615e-10,1.0823531e-12,7.7622326e-07,0.00018785152,automobile
6VR,dog,0.18004511,0.076112464,0.06435481,0.11229564,0.05726587,0.2984129,0.064256676,0.06714178,0.046088412,0.034026414,dog,0.0018226395,0.030990256,0.012087067,0.34350488,0.028153393,0.49705768,0.005094032,0.07945625,0.00064428005,0.0011894904,dog,4.8670776e-11,0.00028191291,3.4585337e-05,0.019441875,8.218585e-08,0.9801615,6.384159e-07,7.946503e-05,5.5630145e-10,8.1220024e-11,cat
6VT,truck,0.06312313,0.13873523,0.078514874,0.06682353,0.11172251,0.08087114,0.076484956,0.0636928,0.10664954,0.21338227,automobile,0.014051865,0.4461238,0.05570293,0.043323357,0.058122646,0.007298648,0.013036949,0.0042319032,0.032434333,0.32567352,truck,0.00013467578,0.46516445,0.00015926464,6.0804585e-05,0.0008221519,5.4107054e-06,0.00012259762,5.836151e-08,4.501254e-05,0.5334856,automobile
6W2,dog,0.04100205,0.093572244,0.13675724,0.14572643,0.06613282,0.24441841,0.11457326,0.08559061,0.03287637,0.039350547,cat,0.058720086,0.059141,0.22449905,0.34301102,0.023350008,0.07320842,0.004309755,0.11934565,0.092176385,0.002238694,bird,0.00013457602,0.044507846,0.88286084,0.0627763,2.8364157e-05,0.0066900006,2.7580336e-06,0.002234279,0.00076506176,1.5441227e-08,ship
6W4,airplane,0.6631924,0.018541386,0.01363343,0.018533407,0.022352245,0.0785266,0.013662718,0.020930663,0.12144708,0.029179998,bird,0.26404092,0.00021170295,0.45563164,0.014486403,0.07758109,0.062298544,0.070080504,0.03963016,0.015583339,0.00045565658,bird,0.0027110898,2.2452768e-06,0.9883116,1.494906e-05,0.00023641596,0.0036860309,0.005035749,1.07184924e-07,1.724379e-06,5.8830196e-10,bird
6W6,truck,0.058098562,0.12760606,0.065147735,0.05470708,0.11547845,0.06312121,0.06425165,0.064811975,0.109589025,0.27718833,truck,0.08530871,0.25931272,0.024384806,0.009586494,0.0650996,0.0032495412,0.0028715811,0.015588354,0.25545081,0.2791474,automobile,0.0046362476,0.53827316,0.0035207635,1.8713482e-07,0.0010721422,0.0001538988,0.00053656154,0.00044292322,0.031787165,0.41957694,truck
6W8,frog,0.012807366,0.08117394,0.17078298,0.10598169,0.09795459,0.15982346,0.20751664,0.09064597,0.022387039,0.050926246,cat,0.0026322221,0.0024594183,0.16885556,0.26445186,0.10382803,0.16203041,0.11752152,0.17117627,0.004151668,0.0028929715,bird,8.2154173e-07,7.992002e-08,0.92704934,0.00862076,0.00018232594,0.016456649,0.0033842272,0.0443058,2.1974496e-09,8.636401e-09,dog
6WA,airplane,0.3624095,0.065937735,0.04508572,0.052193448,0.055064343,0.1036726,0.03860288,0.047837242,0.15791953,0.07127703,ship,0.26293993,0.0036080368,0.019062046,0.0009681105,0.03902175,0.0009805775,0.0046436833,0.00095946796,0.6655526,0.0022637765,ship,0.0010162791,5.832001e-07,1.72724e-06,6.8699615e-09,4.383696e-05,1.903203e-08,3.7837134e-07,2.3238661e-11,0.9989372,1.2220424e-09,airplane
6WM,truck,0.04938255,0.08727345,0.07186551,0.060126174,0.13409516,0.06948729,0.09474208,0.102687255,0.08667743,0.24366318,horse,0.007062602,0.030854959,0.042973567,0.0695366,0.14728257,0.068010375,0.041195255,0.33671674,0.03027787,0.22608936,horse,1.5690708e-05,8.03295e-05,0.006753432,0.0030092653,0.0069270884,0.076372124,0.0002841349,0.8651465,4.1250078e-05,0.041370094,horse
6WR,dog,0.061378382,0.09206329,0.082825,0.10294832,0.12316965,0.17115638,0.12926322,0.10351064,0.039882217,0.093802914,deer,0.013001936,0.060885154,0.032379348,0.0947272,0.3811375,0.10512127,0.24947941,0.014035549,0.00064196106,0.04859072,automobile,0.0017924666,0.5371068,8.373198e-06,0.006163732,0.0061897687,0.35643533,0.003142243,3.508144e-05,2.573003e-06,0.08912353,ship
6WT,deer,0.061769165,0.092788815,0.0921241,0.09617034,0.13293895,0.10970268,0.12117103,0.12110358,0.07259303,0.09963838,deer,0.012574609,0.005084865,0.15053806,0.18031968,0.28717914,0.120255776,0.08720132,0.14611094,0.0034867849,0.0072489036,bird,3.9374852e-05,1.6305356e-05,0.9007899,0.022358298,0.0008964732,0.03228627,0.013763112,0.029806148,3.1599698e-06,4.09187e-05,deer
6WY,frog,0.026315022,0.10452464,0.12054662,0.09918965,0.142093,0.117744,0.1638669,0.09657,0.03785692,0.09129322,frog,0.0022971958,0.022089917,0.113395885,0.09093951,0.3163398,0.07780103,0.33000612,0.02923706,0.0023021095,0.015591354,frog,3.5833154e-06,4.0422634e-05,0.41669035,0.0075279726,0.041149676,0.0006058242,0.53387,0.00010022164,6.03434e-08,1.19824e-05,frog
6X0,dog,0.13050832,0.068684824,0.06772878,0.094081864,0.09923591,0.1885655,0.09942287,0.11012948,0.06787015,0.07377232,horse,0.0014746529,0.00015406293,0.04423478,0.26300532,0.053751007,0.18758617,0.060108025,0.3887873,0.0007491405,0.00014951259,horse,1.9774454e-07,5.280379e-07,0.00017513258,0.029996363,2.9892095e-07,0.12873082,0.0021439928,0.8389526,3.058505e-08,2.759633e-11,horse
6X2,airplane,0.26887447,0.05097924,0.035165146,0.048255824,0.07030708,0.087664016,0.04907727,0.07532751,0.15774573,0.15660372,ship,0.028175345,0.0025483088,0.005265784,0.0025243335,0.050913263,0.0017221668,0.022224568,0.0055287476,0.8281824,0.052915055,ship,0.00012573996,0.00012385704,1.0468935e-09,8.9687195e-11,2.2808044e-05,3.0706783e-08,4.5590274e-05,1.078169e-11,0.99958056,0.00010127588,ship
6X6,dog,0.18055159,0.09203725,0.061449714,0.10096026,0.08312555,0.18829705,0.061632752,0.07627327,0.07925552,0.07641699,cat,0.003120291,0.055064335,0.009720201,0.5396007,0.11013744,0.09248776,0.0019939137,0.16708127,0.0004438966,0.020350289,cat,2.4529369e-08,3.6243884e-05,6.946711e-06,0.6989591,0.0002453342,0.12418422,5.6388686e-08,0.17649649,2.8316775e-08,7.158367e-05,dog
6XC,dog,0.04251539,0.078346536,0.09745539,0.09521887,0.13404407,0.14357822,0.13599634,0.135023,0.0406824,0.09713973,deer,0.0019529525,0.0052762367,0.022477848,0.2038371,0.43390423,0.090382405,0.06619757,0.15448587,0.0005166988,0.02096919,dog,4.273102e-06,7.201967e-05,0.00012232,0.03593039,0.078922875,0.6814935,0.0035922818,0.19388095,1.05780764e-07,0.0059812414,cat
6XE,truck,0.05040606,0.10643234,0.057872422,0.063275255,0.12144239,0.06853604,0.07117373,0.06139283,0.116911896,0.28255698,ship,0.0071850843,0.04241566,0.014273621,0.03467441,0.1048174,0.02253703,0.017580017,0.025746856,0.4481775,0.28259245,truck,2.9851726e-05,0.005863765,2.2474718e-05,0.00015110018,0.011680957,0.0056970767,1.1882307e-05,7.298586e-05,0.018024415,0.95844555,airplane
6XG,dog,0.04225803,0.12957487,0.096167415,0.101130426,0.122615375,0.1323343,0.12298175,0.089613676,0.057649355,0.10567483,cat,0.006699822,0.055687968,0.06379727,0.38463753,0.1755217,0.13384575,0.080943026,0.07076743,0.0069019804,0.021197494,cat,0.0001123764,0.008486966,0.0038335868,0.6681573,0.00081096723,0.011595711,0.005592646,0.30115187,6.0819177e-05,0.00019772013,horse
6XJ,frog,0.016905209,0.09031502,0.15055047,0.07962578,0.12461629,0.08456021,0.19163255,0.10830443,0.039174598,0.11431543,bird,0.022636682,0.006065897,0.30345038,0.12336855,0.1372221,0.045467474,0.2408252,0.07067416,0.032089297,0.018200276,frog,0.030886725,7.275188e-05,0.3802748,0.07022345,0.064151205,0.0018611262,0.43459913,0.016753374,9.1867936e-05,0.0010855811,deer
6XT,truck,0.012494697,0.124012284,0.105160326,0.060975406,0.1522653,0.06600243,0.15171525,0.075421035,0.042551287,0.20940202,truck,0.000996343,0.13387598,0.02444207,0.1390103,0.17923333,0.018410936,0.19351427,0.008362143,0.004417977,0.29773661,truck,4.0519691e-07,0.0069515565,1.2602013e-05,0.0005816266,0.0003493096,1.1382136e-05,0.02369268,2.4427518e-07,4.7274717e-08,0.9684002,cat
6XY,airplane,0.28361478,0.106130645,0.029800775,0.043085437,0.057441942,0.090119116,0.022889782,0.031204358,0.14688313,0.1888301,truck,0.014537226,0.24927545,0.002510516,0.005085558,0.017365118,0.00011216052,0.00010485373,0.00018104889,0.021673108,0.689155,truck,9.003435e-09,3.7807993e-05,4.5065993e-11,1.0279746e-10,1.2963426e-10,1.7663317e-15,4.2942871e-10,1.1489834e-12,3.565626e-07,0.99996185,truck
6Y0,airplane,0.46010256,0.047140125,0.03036994,0.03833895,0.043030843,0.08888563,0.030113611,0.03512299,0.16076984,0.06612551,ship,0.33552465,0.0035360511,0.013097785,0.00076528685,0.012854944,0.0009655532,0.0071298843,0.00042271253,0.62294835,0.0027547819,ship,0.04429503,1.6031607e-05,3.3185472e-06,2.3112793e-08,8.7853783e-07,1.1328435e-09,3.5312868e-07,1.2568909e-13,0.9556843,1.5990683e-07,airplane
6Y2,frog,0.0126117375,0.08613435,0.1324796,0.07305976,0.13498877,0.0777774,0.20283468,0.11055155,0.03339363,0.13616852,frog,0.011264222,0.014874144,0.1232638,0.12877493,0.20547438,0.06360145,0.26306444,0.14027312,0.011127913,0.038281597,frog,0.009500516,0.0045782398,0.01222625,0.011858697,0.013256075,0.0005619319,0.62736994,0.016833406,5.12792e-05,0.30376366,deer
6Y4,frog,0.0071449894,0.08972679,0.14472273,0.061383557,0.15430702,0.07120695,0.23642275,0.08884836,0.025914304,0.12032251,frog,0.0011034918,0.0035752626,0.27686703,0.05826412,0.13015608,0.06752353,0.40185186,0.056891337,0.002027702,0.001739622,bird,6.5434136e-07,3.1269471e-06,0.9417496,0.00015299447,0.013593654,8.583534e-06,0.043564066,0.0009258837,5.455135e-10,1.4382317e-06,frog
6Y6,airplane,0.76613086,0.014414706,0.0076568527,0.0109126065,0.008694996,0.05136373,0.0059555555,0.007461553,0.09785888,0.029550197,ship,0.15851824,0.0003905473,0.005579259,6.331592e-05,0.0021234956,3.1975327e-05,0.0029882095,8.115203e-06,0.8201758,0.010121161,ship,0.008864487,1.5167044e-10,3.0488152e-07,5.7699136e-13,3.8553685e-09,5.586179e-12,2.4411289e-08,4.4468353e-18,0.9911351,9.283953e-12,ship
6Y8,dog,0.051385194,0.06479328,0.101704635,0.13093859,0.071848534,0.21124694,0.15718247,0.12234315,0.03911608,0.04944116,cat,0.0011309817,0.0019415952,0.009001039,0.4548367,0.02155874,0.062372364,0.044399753,0.39708856,0.0044223806,0.0032478706,cat,2.3670313e-07,0.00019895188,4.8198067e-06,0.75193554,9.538686e-06,0.15198897,0.0001159987,0.095742576,3.2439818e-06,1.5043743e-07,cat
6YA,airplane,0.25155807,0.09307563,0.02974163,0.04533172,0.06318473,0.081041485,0.030037494,0.027514223,0.20745942,0.17105563,ship,0.050219435,0.13609247,0.011919403,0.0025449013,0.04237418,0.0010614799,0.015745215,0.00014088492,0.59889746,0.1410046,ship,0.24764031,0.16725728,0.00010673154,1.2339157e-08,8.659233e-05,8.498642e-07,6.098711e-05,7.505852e-12,0.5336901,0.051157176,truck
6YC,truck,0.05212383,0.0998188,0.10657924,0.07303511,0.116113104,0.07349788,0.11540918,0.10141909,0.09508794,0.1669158,ship,0.066736616,0.022857184,0.14342268,0.028592829,0.09695948,0.015037643,0.08479671,0.01993282,0.42618218,0.095481776,ship,0.13483769,0.0011054882,0.033291925,0.0033735507,0.016682686,0.00016947399,0.025066292,2.4416046e-05,0.77399886,0.011449641,ship
6YG,frog,0.030760271,0.05507543,0.14168806,0.10032179,0.12029649,0.16076218,0.18731387,0.13660078,0.02222148,0.044959657,deer,0.004084505,0.00093913294,0.112800784,0.11789017,0.3707214,0.065597035,0.18856232,0.13585941,0.0019838195,0.001561457,deer,6.193992e-05,5.0747246e-07,0.16062094,0.0035839274,0.7985575,0.0011440727,0.0076809013,0.028349599,5.792133e-08,4.4092027e-07,bird
6YM,frog,0.0029026438,0.098633185,0.16915709,0.061287478,0.135829,0.081258826,0.2866653,0.06975071,0.011592834,0.08292297,frog,0.0054244557,0.110094465,0.133176,0.19815943,0.17475368,0.0627109,0.28016812,0.017452557,0.0034146372,0.01464574,automobile,2.5383271e-05,0.9501355,0.00041904993,0.00012135635,0.004008948,0.00037170155,0.02270076,7.05771e-05,1.8149342e-07,0.022146335,automobile
6YP,airplane,0.22873908,0.08302977,0.069681,0.0951046,0.0751433,0.179448,0.062270112,0.0848595,0.06593207,0.05579255,cat,0.07080002,0.10638273,0.10957584,0.29637665,0.14921553,0.15433754,0.010723476,0.08304106,0.009447811,0.010099349,cat,0.34840134,0.12849163,0.0034995978,0.5149384,0.00041028028,0.00045780046,2.602701e-05,0.0034682797,0.0002950441,1.16257315e-05,airplane
6YT,frog,0.0057894215,0.10592663,0.14325213,0.09146932,0.12975581,0.1213112,0.23704082,0.07583409,0.010606614,0.079013996,automobile,0.008238507,0.785087,0.003752063,0.017488854,0.06304001,0.0017047123,0.0130091,0.00093072496,0.0047525833,0.101996444,truck,0.007478189,0.29491132,3.4095198e-09,1.0354616e-08,0.0005879371,2.4047424e-09,0.0025055988,6.907835e-10,0.0001478316,0.69436914,automobile
6Z2,frog,0.01971884,0.10207316,0.13866222,0.07230896,0.13851057,0.08392611,0.1701674,0.10750372,0.04244469,0.124684334,bird,0.0268437,0.028021934,0.26807055,0.073710635,0.18218426,0.09359361,0.20175384,0.09407636,0.014518215,0.017226882,frog,0.024504146,0.014702635,0.24158114,0.0057113217,0.14454266,0.018426634,0.4348201,0.07678444,0.0007841999,0.038142726,bird
6Z4,airplane,0.15319048,0.07535938,0.06176438,0.081591345,0.09641057,0.15051614,0.07156899,0.09618898,0.12936607,0.08404358,dog,0.0029501985,0.0003728938,0.05835029,0.084799446,0.10495748,0.41234863,0.009528545,0.32362205,0.0026799135,0.00039055367,dog,6.4604716e-10,5.3702633e-09,2.7476838e-06,6.0387567e-05,0.0049338136,0.9946168,2.3160599e-06,0.00038385444,1.1150294e-08,1.4897396e-08,dog
6Z6,airplane,0.37339562,0.062790185,0.026965858,0.042066842,0.05085567,0.090852745,0.027887093,0.033217415,0.1870443,0.10492432,ship,0.05669101,0.31450087,0.012332256,0.011933805,0.055610295,0.005149164,0.0067459545,0.0032906346,0.49263045,0.04111554,automobile,0.0010169883,0.8646471,1.0809345e-06,5.6026796e-08,5.1860443e-05,9.994211e-08,7.368075e-06,3.188253e-11,0.13261841,0.00165706,truck
6Z8,truck,0.023102889,0.11700409,0.11465082,0.054761067,0.14561732,0.057389237,0.1272984,0.07892484,0.07622374,0.20502765,ship,0.033686757,0.04855105,0.12470219,0.07345871,0.22111104,0.028784731,0.08303161,0.0516299,0.30212593,0.032918017,automobile,0.004246291,0.66485053,0.0032771842,0.0018149508,0.023442453,0.00016539519,0.001002845,0.0035044,0.08641661,0.21127935,cat
6ZA,airplane,0.1644879,0.09172803,0.06350521,0.06635023,0.087393306,0.120278336,0.063832216,0.084871896,0.13761434,0.11993856,horse,0.11700274,0.027844593,0.04164011,0.043984413,0.0690779,0.18631756,0.0147570595,0.35164073,0.13566229,0.012072613,automobile,0.024519045,0.5730182,5.38389e-05,2.3379673e-05,0.00394453,0.01854377,0.00076089165,0.00046488427,0.37075406,0.007917438,ship
6ZC,airplane,0.3815595,0.038546313,0.027800437,0.06000335,0.06752079,0.13798885,0.04478019,0.061707277,0.1163411,0.06375222,frog,0.0111214,8.9376175e-05,0.123661675,0.23874286,0.19539393,0.064271174,0.35477963,0.010722578,0.00023156012,0.0009859059,frog,2.965081e-05,1.3171791e-07,0.0032186895,0.011249704,0.0011643637,0.0058101546,0.97852683,3.042509e-08,9.08561e-12,4.610535e-07,dog
6ZG,dog,0.07006993,0.07701487,0.114143,0.123217456,0.106750004,0.15198556,0.13209541,0.11573355,0.054231774,0.054758474,bird,0.008942931,0.0042554303,0.25523832,0.1686208,0.17876647,0.06966567,0.18228024,0.119099945,0.008290635,0.0048395307,bird,0.00010663353,9.786914e-05,0.90670717,0.028888648,0.008764313,0.001968696,0.035933975,0.017497474,3.260959e-05,2.6590576e-06,bird
6ZJ,frog,0.0029984093,0.075049646,0.19329062,0.06872487,0.11599236,0.085407026,0.3114768,0.075116105,0.01059063,0.06135352,deer,0.0022144674,0.0077022086,0.28527156,0.10617478,0.31081522,0.029474914,0.2369253,0.01058017,0.004918681,0.0059227017,deer,0.00013297964,0.0064585437,0.4337666,0.0012379955,0.47419515,0.01718835,0.06640423,0.00017276798,1.7409145e-07,0.00044319106,frog
6ZM,truck,0.041506667,0.114076965,0.09050702,0.06944116,0.14902188,0.08861257,0.10067997,0.10069346,0.07490284,0.17055744,cat,0.009509156,0.010805256,0.15011092,0.45581877,0.1148706,0.11725032,0.015423791,0.11512672,0.0071037207,0.003980745,cat,2.8900517e-06,5.062572e-06,0.1420246,0.8437308,2.0715275e-05,0.007076021,7.342892e-07,0.00713911,1.5873539e-08,2.3945947e-09,dog
6ZP,truck,0.034170732,0.13546397,0.09113838,0.09246189,0.13585778,0.13070941,0.110007025,0.079275824,0.052747723,0.13816735,automobile,0.0061599514,0.34125486,0.015593976,0.12472382,0.1557391,0.03822253,0.035910126,0.047560494,0.005205639,0.22962955,automobile,4.0186865e-06,0.5120504,1.6839425e-07,8.050724e-06,3.233541e-05,6.941989e-05,0.00085960515,2.8258182e-05,0.000106370506,0.4868414,automobile
6ZR,dog,0.024288893,0.06991808,0.14175557,0.11043377,0.09953446,0.1937101,0.17926626,0.11599838,0.020468714,0.0446258,cat,0.009111654,0.019689001,0.0777557,0.4972775,0.1946274,0.11084198,0.027004786,0.044758122,0.007489874,0.011443909,cat,0.00018196675,0.0033868158,0.023312112,0.96308035,0.00028885118,0.0057915873,5.4764554e-05,0.0029997542,0.0008432104,6.065781e-05,automobile
6ZT,automobile,0.029386602,0.1981225,0.10472784,0.090123124,0.11041453,0.15284058,0.109633446,0.06487348,0.046413843,0.093464114,automobile,0.101773575,0.7129622,0.025556896,0.034777094,0.027374333,0.030683905,0.016075289,0.009377813,0.026668899,0.014750049,automobile,0.0036837053,0.9955077,4.2423635e-06,9.021937e-06,1.1077822e-05,8.563164e-07,3.081684e-05,9.140938e-09,1.0613847e-05,0.0007420069,truck
6ZW,truck,0.043074086,0.06148063,0.06170208,0.06697568,0.14152092,0.097011186,0.119581126,0.16381374,0.035327375,0.2095131,cat,0.0002095952,0.004527297,0.002334882,0.28052047,0.14271048,0.027185138,0.061196517,0.27125517,6.1329934e-05,0.20999911,truck,6.308133e-08,7.125186e-07,1.0721535e-05,0.26801553,0.0026550042,0.0026416725,0.0014247833,0.032504983,8.573407e-12,0.6927466,cat
702,frog,0.011303005,0.0837649,0.12635627,0.059241343,0.15735383,0.06483338,0.19265302,0.12437051,0.033347163,0.14677653,horse,0.0013775339,0.003965722,0.057574738,0.06078614,0.14691888,0.04724799,0.069103785,0.6033312,0.0011197877,0.008574174,horse,2.771053e-07,8.7437256e-05,0.00083216873,5.0728236e-06,0.0016985633,3.760762e-05,0.00019073808,0.9951776,4.5176507e-09,0.0019705682,horse
704,airplane,0.55477166,0.030077342,0.020745054,0.036677793,0.03875595,0.10493032,0.021220509,0.03150905,0.116956614,0.044355758,deer,0.11014208,0.00094948185,0.1638121,0.12845798,0.46446326,0.022406874,0.07203775,0.027169783,0.0072613573,0.0032993015,deer,0.0012078498,2.6190928e-06,0.035640188,0.0069359397,0.92797774,0.026843207,0.0013632221,1.8679695e-05,8.603931e-06,1.95745e-06,airplane
706,truck,0.035826426,0.082214005,0.10229708,0.07864269,0.13319744,0.10980693,0.12992497,0.13081673,0.049908515,0.14736521,deer,0.016448803,0.019598719,0.04541155,0.0801332,0.33505857,0.11690822,0.03348819,0.2615462,0.009987154,0.08141941,truck,0.0006422717,0.0039450014,3.9711373e-05,0.0023336932,0.123091966,0.039112333,0.0002448741,0.18627353,3.358485e-05,0.64428306,horse
708,frog,0.023445554,0.06899286,0.14214353,0.10610422,0.09554768,0.14203596,0.20400168,0.1269952,0.03323837,0.057494886,cat,0.0015102888,0.00095754705,0.077608734,0.34753808,0.044166416,0.07165237,0.14567333,0.30349147,0.00688936,0.0005123418,cat,0.00037995123,0.0003381236,0.00035663956,0.4946931,0.002102706,0.28385738,0.018247763,0.19992784,8.8469926e-05,7.947681e-06,dog
70A,dog,0.10243296,0.056115475,0.08937749,0.105091326,0.090812735,0.17951724,0.10660605,0.16674483,0.037752084,0.06554978,horse,0.0047704186,0.0009536161,0.01939893,0.3086833,0.024616884,0.044791386,0.0028060055,0.588106,0.0010654327,0.004808012,horse,0.00024774196,6.583066e-05,0.00022003801,0.03185211,1.3561242e-06,2.090667e-05,1.0367031e-06,0.96350986,9.183639e-05,0.0039892783,truck
70E,airplane,0.7547344,0.016426284,0.013571072,0.01344666,0.011785968,0.05844454,0.008392526,0.011090836,0.090064384,0.02204328,airplane,0.7571053,0.00026782183,0.09163777,0.0001248127,0.0028444743,0.00022863492,0.002473412,6.5623055e-05,0.144906,0.0003461287,airplane,0.9577322,9.50529e-09,0.006372398,2.2496689e-10,6.671155e-09,8.064718e-11,1.8032162e-06,4.82847e-17,0.035893537,5.936456e-14,airplane
70J,frog,0.022667442,0.11855442,0.14008696,0.0927078,0.11786839,0.10372527,0.16065083,0.087901555,0.046824813,0.10901247,frog,0.011277718,0.10252073,0.19730362,0.16923921,0.13955186,0.040026754,0.22078414,0.028975165,0.049421098,0.040899668,frog,0.000523192,0.010341583,0.27948737,0.0696696,0.012308717,0.0005242529,0.6239795,0.0003814752,0.0014472615,0.0013370437,bird
70M,frog,0.037916906,0.08727036,0.12794705,0.113073185,0.11677881,0.15058804,0.15082727,0.118116446,0.036749814,0.06073217,cat,0.001842537,0.015546244,0.058071945,0.28388235,0.25383672,0.08688478,0.11183241,0.18045817,0.003248073,0.0043967883,horse,2.2472261e-06,0.008184855,0.00037979506,0.06991997,0.08941533,0.039149795,0.021280853,0.77162933,3.1243444e-06,3.4676195e-05,deer
70P,dog,0.065017216,0.11534973,0.089966886,0.0863746,0.09713104,0.1521345,0.103632666,0.10008805,0.0558345,0.13447073,truck,0.018783193,0.35090598,0.03211513,0.108634815,0.031019045,0.02579437,0.009412606,0.028479293,0.007284287,0.38757128,truck,1.0698236e-05,0.24967049,0.00084825075,0.0006107956,2.9965497e-06,0.00019959365,0.020837128,0.0004734049,4.2214842e-07,0.72734624,automobile
70R,dog,0.06405384,0.057111222,0.111047536,0.12642363,0.102405354,0.21340168,0.13344564,0.12755854,0.027413914,0.037138686,deer,0.0069819945,0.0018168471,0.060961347,0.2776352,0.4307071,0.10520534,0.05991698,0.053938225,0.0007227732,0.0021142894,dog,3.1098945e-05,7.4900727e-06,0.0036577282,0.0360872,0.010327232,0.9247071,6.235341e-05,0.025119668,6.307682e-10,1.9461184e-07,dog
70T,airplane,0.2986341,0.09200482,0.034647595,0.04847353,0.055755466,0.087745726,0.034042727,0.029765643,0.2024558,0.11647465,ship,0.08048641,0.0031280813,0.0010616607,3.414166e-05,0.0026653367,5.942498e-05,0.0012259694,1.1087177e-05,0.91026205,0.001065821,ship,6.743056e-05,2.4900677e-07,2.0342952e-10,2.5806405e-14,4.5020357e-10,1.30409e-12,1.4200512e-09,3.694503e-18,0.9999323,1.0194453e-09,airplane
70W,truck,0.073102005,0.1466976,0.08355059,0.06785046,0.097379014,0.07487482,0.06959386,0.050874047,0.15512936,0.18094826,ship,0.07451148,0.030017655,0.146473,0.0045775976,0.03465271,0.0015231594,0.017948488,0.0011104547,0.6635696,0.025615796,bird,0.00550363,0.09760139,0.88177365,2.7197266e-06,0.0003538831,2.297526e-08,0.0003257167,1.5486759e-09,0.014150467,0.00028844905,bird
70Y,dog,0.12539369,0.09778226,0.05428077,0.102815464,0.10896762,0.15843678,0.07431239,0.07711157,0.10221508,0.09868442,dog,0.017806944,0.015163244,0.012638993,0.16635711,0.2669142,0.27641636,0.014769301,0.21592455,0.002149353,0.011859957,dog,0.0002887804,0.00029710738,9.212673e-06,0.14789562,0.06742252,0.50979483,4.8976945e-05,0.26492086,8.2222533e-07,0.009321274,horse
710,truck,0.061347898,0.07140762,0.052256726,0.0671961,0.12806983,0.075525336,0.086089,0.1062074,0.093602024,0.2582981,truck,0.00057399814,0.017018104,0.008452352,0.16241968,0.16261798,0.045667693,0.0502447,0.17155002,0.016116008,0.36533946,truck,6.617594e-08,0.0020428125,1.7878833e-06,0.0009783437,0.013051702,0.021671304,0.0016430231,0.0008572033,1.1111182e-05,0.9597426,bird
714,truck,0.08785836,0.09636651,0.058170114,0.055037085,0.11375525,0.076876245,0.07032328,0.07957025,0.13066025,0.23138265,ship,0.06486919,0.05884394,0.068835475,0.012507324,0.116142385,0.020603612,0.04344996,0.02791415,0.42462513,0.16220878,truck,0.00070974487,0.0095204245,9.887899e-06,1.3792005e-08,0.0005655844,2.148409e-05,0.0011049068,5.2471682e-06,0.0028997466,0.9851629,ship
718,truck,0.033445828,0.10571239,0.06679073,0.08850884,0.12576509,0.121251404,0.11285574,0.08237574,0.053009797,0.21028444,truck,0.00021943719,0.09051343,0.0011924196,0.043144915,0.03201728,0.021470953,0.027108515,0.011891535,0.00075332803,0.7716882,truck,9.715171e-11,0.003952911,1.8514208e-10,2.3150677e-07,8.844276e-08,1.8681187e-05,1.472396e-05,8.290888e-08,4.585769e-08,0.9960133,truck
71A,truck,0.032152146,0.09604729,0.06659982,0.05327207,0.17736791,0.065106474,0.08989852,0.10820583,0.056242537,0.25510746,deer,0.0006124318,0.02313158,0.011895579,0.18583915,0.44917023,0.035668977,0.0090355845,0.26538968,0.00016695031,0.019089798,deer,2.2080948e-09,2.210405e-06,4.58934e-06,0.012575853,0.65229887,8.0213926e-05,5.993004e-09,0.33499363,3.1537506e-13,4.4544762e-05,horse
71C,dog,0.03143448,0.049559478,0.122044295,0.11020741,0.115542285,0.20202737,0.18427655,0.13129053,0.017196137,0.036421455,deer,0.004449167,0.00028256982,0.043477897,0.24029973,0.32426158,0.10299158,0.1569033,0.1264943,0.0001578146,0.0006821451,cat,0.0012327641,7.708983e-07,0.001984636,0.4034024,0.19428907,0.07071045,0.0032482324,0.32513085,7.3290383e-09,8.1618145e-07,deer
71M,airplane,0.20355526,0.107098825,0.07223558,0.060976062,0.06768302,0.17288578,0.06922389,0.076393075,0.07908392,0.090864636,airplane,0.33982107,0.203021,0.21836272,0.01578877,0.025450796,0.014099747,0.031299323,0.0073313373,0.108733095,0.036092266,bird,0.0026422322,0.0073959418,0.98303646,3.396607e-06,1.6032789e-07,6.22205e-07,0.004740683,6.757698e-08,6.113173e-05,0.0021192993,automobile
71R,truck,0.07448815,0.10311869,0.10265736,0.06851638,0.12209203,0.09461547,0.09261353,0.12853734,0.07756652,0.13579454,dog,0.14094774,0.13759951,0.09615308,0.12759525,0.07529006,0.1943215,0.004526332,0.17349952,0.02217849,0.027888497,automobile,0.034417048,0.9269221,0.0055210153,8.733157e-05,0.00018936745,0.022129152,2.1701924e-05,2.484804e-05,0.0010474189,0.009640018,airplane
71W,airplane,0.18562521,0.10490129,0.045491043,0.05921095,0.08275501,0.085579544,0.04580529,0.04917854,0.17910254,0.16235061,ship,0.30296403,0.050327856,0.011231156,0.0018877359,0.033487793,0.0013342566,0.0036366666,0.00048557046,0.5801094,0.014535603,airplane,0.68988466,0.010181458,1.356934e-07,2.1040047e-09,2.11384e-05,6.258302e-10,1.4827394e-06,3.242794e-12,0.29987448,3.6491983e-05,ship
71Y,frog,0.040463716,0.062212832,0.108226165,0.107876256,0.115524605,0.14571172,0.17323723,0.13887028,0.038620707,0.0692564,cat,0.0006817058,0.00085363776,0.0566767,0.3521903,0.077305205,0.074987926,0.24994892,0.18367603,0.0011031454,0.0025764015,frog,6.977228e-08,8.532941e-06,0.0004853118,0.024557082,1.2634368e-05,0.00065406185,0.89573973,0.07847687,4.3695135e-07,6.53126e-05,cat
722,frog,0.028695593,0.12401345,0.10986152,0.07664965,0.12477386,0.10995146,0.13519508,0.091863304,0.064443246,0.13455282,horse,0.049018767,0.11710745,0.16293272,0.08428911,0.10766741,0.11350252,0.053426467,0.19118436,0.067735165,0.05313601,automobile,0.00054726494,0.9901635,0.00031385955,0.0002421697,0.00015174247,2.0114145e-05,3.461728e-05,9.0786794e-05,3.821485e-05,0.008397688,automobile
728,dog,0.050059814,0.060785666,0.12342097,0.13511667,0.10027264,0.20553362,0.15124011,0.107827395,0.029937375,0.035805795,deer,0.0024842457,0.0031035603,0.07403877,0.23430733,0.32702884,0.086795926,0.22287959,0.0450536,0.0011004205,0.0032076268,deer,2.0728045e-05,0.00013225619,0.01631291,0.059473053,0.84121376,0.028668812,0.03535473,0.018813308,4.5078608e-07,1.0062811e-05,deer
72A,airplane,0.23589163,0.07669413,0.043035567,0.08255467,0.06820691,0.19555464,0.047042906,0.058140494,0.11353821,0.07934095,cat,0.0037488139,0.010863016,0.037370406,0.40603134,0.07340477,0.3650045,0.0049761613,0.08796422,0.0032333243,0.0074034543,dog,3.5655112e-09,5.1907264e-06,9.698127e-06,0.018254003,3.9572937e-05,0.9816513,2.041556e-07,2.0747048e-05,6.089426e-08,1.9339446e-05,dog
72C,airplane,0.57555205,0.02998501,0.019804338,0.022370873,0.029462403,0.07212815,0.017907169,0.02506317,0.15026866,0.057458173,airplane,0.6944464,0.00013321516,0.020972643,7.500538e-05,0.025075307,0.00014624475,0.007973207,0.00014428521,0.24736936,0.0036643746,airplane,0.9999126,1.2669196e-10,8.6490694e-08,1.3617085e-13,1.9672486e-06,1.8599696e-11,4.2948586e-06,4.546832e-16,8.0879065e-05,9.328949e-11,bird
72J,dog,0.06262397,0.05717857,0.10399375,0.11260801,0.1138077,0.19690545,0.14565682,0.12987846,0.02841037,0.04893682,deer,0.0036888581,0.00019997644,0.14660661,0.09330613,0.46088988,0.012814889,0.23530951,0.045787115,0.0005042244,0.0008927679,frog,0.0056044785,2.742127e-07,0.4586569,0.0023141028,0.03498428,0.0068744784,0.48495203,0.006613051,1.8372473e-08,4.6309668e-07,deer
72M,dog,0.044464603,0.10828793,0.083174504,0.09862703,0.12505826,0.14599228,0.11352641,0.10855889,0.043645263,0.12866488,automobile,0.027013283,0.22237131,0.006158276,0.12467074,0.17335442,0.16059853,0.015372062,0.113606036,0.008525314,0.14833,automobile,2.1023972e-05,0.9629228,5.7757617e-08,0.0005698084,0.001321722,0.019316616,0.00023981307,0.0006414506,1.7329723e-05,0.0149493255,ship
72P,truck,0.13625275,0.135842,0.046353124,0.062848754,0.078514256,0.08765824,0.04089706,0.034572374,0.17614363,0.20091778,automobile,0.0070966505,0.65710014,0.012502845,0.04820505,0.019201724,0.0034106309,0.003145173,0.0019663218,0.021248942,0.2261226,automobile,2.1164399e-06,0.7807139,2.2682925e-06,2.0999744e-07,2.814228e-07,8.712253e-08,4.4699505e-07,4.026571e-10,4.0498822e-08,0.21928062,truck
72R,frog,0.011371245,0.08314703,0.15259911,0.07521876,0.13880686,0.08636378,0.22834654,0.10623454,0.02702228,0.090889834,frog,0.0017741908,0.003113006,0.21410672,0.084281646,0.21439652,0.054257788,0.3445485,0.07825621,0.0023664238,0.0028989688,bird,8.356833e-06,1.4014896e-05,0.7681783,0.0019646222,0.15116774,5.3397678e-05,0.07520035,0.0034069372,1.7809105e-08,6.2741883e-06,deer
72W,airplane,0.182206,0.10410877,0.06614095,0.06436236,0.08701702,0.13231878,0.054321326,0.07756959,0.11368655,0.1182686,airplane,0.47195366,0.03643567,0.14218363,0.062017996,0.0742565,0.03491164,0.0020818834,0.13967972,0.028171033,0.008308329,automobile,0.38284868,0.4721934,0.0031173206,0.019410428,0.00062555243,1.465961e-05,1.8934958e-05,0.0058016973,0.0029079006,0.113061495,automobile
730,frog,0.02345353,0.06660321,0.12752958,0.087672584,0.13304818,0.12188982,0.19141284,0.13491896,0.032562267,0.080909066,frog,0.00062399445,0.00033471442,0.090733714,0.07862275,0.30347222,0.041119665,0.35839364,0.12363885,0.0007436492,0.0023167708,bird,6.6301946e-09,9.063145e-09,0.9793975,8.564893e-06,0.0021204632,0.0001288655,0.018014012,0.00033056206,2.0377826e-10,1.9410697e-08,cat
732,deer,0.060951356,0.092050225,0.09151625,0.096660696,0.13356937,0.11884764,0.12662627,0.1103231,0.077419676,0.092035435,deer,0.0040729684,0.0057050325,0.1409358,0.17604409,0.3584997,0.08038022,0.10816792,0.11759516,0.005293363,0.0033057167,frog,4.5023186e-05,0.0015576656,0.021188695,0.32059148,0.0162215,0.041159745,0.5716662,0.025750358,0.0011885294,0.0006308176,frog
734,frog,0.01027968,0.09210279,0.15933639,0.10283966,0.11086738,0.13686706,0.21392883,0.08264399,0.021302236,0.06983199,frog,0.00044944524,0.01979861,0.15587533,0.19500554,0.19846182,0.040545374,0.35322544,0.022759512,0.001379873,0.012499167,frog,1.5633937e-08,0.00051541376,0.14310314,0.0011750559,1.6876156e-05,0.013592041,0.83904296,0.0024584045,1.8857975e-09,9.6010044e-05,frog
73C,automobile,0.030822286,0.16663729,0.09891971,0.10250006,0.119527765,0.15838553,0.12724635,0.070643455,0.044472717,0.08084474,automobile,0.0015275163,0.8199511,0.008715482,0.047840178,0.026920855,0.05320828,0.017733706,0.0151148755,0.0046050036,0.004383028,automobile,7.6583344e-11,0.99999154,2.0471852e-08,4.293671e-09,1.5327811e-10,4.5041024e-06,3.71124e-06,3.4385145e-08,1.044297e-07,1.0936042e-07,automobile
73E,airplane,0.3679489,0.06407024,0.02657542,0.027829256,0.04167799,0.06283767,0.024434345,0.024673019,0.2414031,0.11855003,ship,0.031700484,0.00076453993,0.0012932816,3.9228617e-06,0.00075214833,7.407966e-06,0.0004993704,1.0052553e-06,0.9637521,0.0012258604,ship,8.804996e-06,1.3984065e-08,1.834353e-08,1.1356304e-16,1.0728484e-11,2.7799782e-14,5.503114e-10,1.6834793e-20,0.9999912,4.070654e-11,ship
73J,truck,0.10380886,0.117070965,0.045933895,0.081529014,0.11665568,0.11396056,0.056426264,0.05722433,0.13952664,0.16786382,deer,0.047372572,0.14512533,0.007967158,0.11138636,0.29558325,0.15847567,0.0036159724,0.12148815,0.08727414,0.021711389,automobile,0.012555709,0.68328625,7.76857e-07,0.012390379,0.1655262,0.083123,4.5546694e-06,0.013786429,0.0010833183,0.028243437,truck
73M,frog,0.0033529433,0.08331114,0.21115279,0.08495938,0.09714204,0.10507672,0.2884283,0.06863754,0.010873611,0.047065537,cat,0.0016164031,0.011140271,0.14438522,0.41825393,0.17666009,0.025898622,0.18929523,0.0155346915,0.01469613,0.0025194522,cat,0.0001305092,0.0073434333,0.14881451,0.6021075,0.09634813,0.06975267,0.06327384,0.012213741,4.202688e-06,1.13336955e-05,frog
73P,airplane,0.48581818,0.04437283,0.022274138,0.037072703,0.044759125,0.11365306,0.027438689,0.04009942,0.127728,0.056783855,frog,0.019302161,0.005009702,0.17657772,0.060043026,0.18216039,0.025316345,0.47770965,0.044579122,0.0043278993,0.0049739974,frog,0.00010625713,0.0005124459,0.11343027,2.2131668e-05,7.007572e-05,0.00026174387,0.8850237,0.00026393365,1.3539142e-05,0.0002958686,automobile
73R,frog,0.008359617,0.053820286,0.17022085,0.10023386,0.09798235,0.14828579,0.27192593,0.09490793,0.014395186,0.03986816,horse,0.000601584,0.00020126265,0.12471154,0.22239897,0.15021168,0.11940164,0.1527147,0.22840361,0.0010216399,0.0003333486,bird,1.8874574e-05,4.009115e-05,0.5924438,0.022381695,0.0065610954,0.013942538,0.34403002,0.020580597,3.9959377e-07,8.2586956e-07,frog
73W,airplane,0.5749121,0.025418809,0.017296653,0.032549273,0.03921716,0.09750602,0.020610025,0.034269545,0.11237774,0.045842748,bird,0.16673954,0.00020384086,0.2949222,0.19418424,0.16917546,0.061481677,0.09794372,0.013560564,0.0012530643,0.00053567166,airplane,0.84835577,5.804407e-06,0.04021468,0.005172632,0.00013639551,2.1010776e-05,0.10609364,2.4012545e-09,7.676645e-09,4.9706845e-08,bird
73Y,horse,0.044539526,0.0628991,0.11002455,0.07260583,0.12306107,0.1307801,0.14709167,0.1789655,0.044744514,0.08528819,horse,0.003317284,7.718446e-05,0.030331703,0.012379164,0.016217725,0.09705064,0.0075919735,0.83234864,0.0005579734,0.00012770512,horse,3.1242053e-06,1.6631246e-06,0.0075571244,2.7969629e-05,0.008798127,0.046148464,0.0022946373,0.93516886,9.809758e-09,6.9156165e-08,deer
742,frog,0.0063282247,0.08407577,0.12067098,0.052068565,0.15510496,0.05408541,0.21061108,0.10102039,0.025213432,0.19082116,cat,0.00073666166,0.050692935,0.036151428,0.4133011,0.109951176,0.10297462,0.12268263,0.1022999,0.0009731509,0.06023642,truck,5.433829e-07,0.06032593,8.581687e-05,0.26892498,0.0018175127,0.000648678,0.0023568603,0.00038842385,1.04168195e-10,0.6654513,truck
746,truck,0.061042584,0.11045347,0.0563793,0.059188683,0.12495546,0.06531144,0.065130234,0.06534566,0.12105162,0.27114156,ship,0.0130649805,0.23459928,0.0050659375,0.009540749,0.083251275,0.0071300105,0.0059723444,0.0029094268,0.44913983,0.18932615,automobile,0.0015510672,0.64954334,2.3239805e-07,1.985839e-07,0.26414934,8.179351e-07,4.7593396e-05,2.8161897e-09,0.019132677,0.06557465,automobile
748,frog,0.005461975,0.08309715,0.17588498,0.06644056,0.1284698,0.07903443,0.2514401,0.09742933,0.016389817,0.09635181,deer,0.021571632,0.0154464645,0.19925183,0.220604,0.24325766,0.037351593,0.15695412,0.056429833,0.021162383,0.027970541,deer,0.12665002,0.0089946585,0.022694914,0.11479596,0.44032052,0.0014661485,0.06388432,0.037231877,0.00021271966,0.18374889,deer
74A,truck,0.06372139,0.061894946,0.066091575,0.06758755,0.14215922,0.10392282,0.10259731,0.1625172,0.06390698,0.16560094,horse,0.00047619108,0.00014036703,0.03018639,0.048264075,0.053485386,0.018453725,0.012296828,0.8357809,0.00028694372,0.0006291852,horse,1.05062774e-07,1.8934345e-07,0.0026900165,0.0008900175,1.3427e-07,0.0007628021,4.8937847e-05,0.99560624,2.4588045e-09,1.5611051e-06,horse
74C,deer,0.07349286,0.10442084,0.08419236,0.09051002,0.120997146,0.11314051,0.0994494,0.10478404,0.09783979,0.11117307,dog,0.009897137,0.016951239,0.09516899,0.22328338,0.13766229,0.22674727,0.044573914,0.20693778,0.031801373,0.0069766515,deer,0.0027980807,0.012789048,0.014040461,0.16695072,0.6834853,0.09762964,0.004995645,0.0131563125,0.0037252991,0.00042948237,deer
74E,truck,0.115085885,0.06939083,0.04589311,0.08358838,0.12341773,0.11845827,0.08842953,0.10381827,0.09005149,0.16186644,cat,0.0014372466,0.008388051,0.00829107,0.45337313,0.18613318,0.08958238,0.10506745,0.12641336,0.00083366846,0.020480504,dog,1.8398508e-06,0.00072319974,7.6004712e-06,0.09185339,0.0032051774,0.89556175,0.00029861394,0.008193219,7.113074e-08,0.00015506994,horse
74P,truck,0.13011633,0.122057125,0.07815148,0.06930409,0.09663641,0.11157729,0.062042765,0.05975031,0.12972616,0.14063805,bird,0.22596043,0.03221878,0.28211668,0.00746584,0.26212108,0.0037430762,0.02060216,0.004216565,0.09632438,0.06523101,airplane,0.5759808,0.006562793,0.40668422,8.7210565e-06,0.00058947556,4.708324e-06,0.0020230853,1.28533175e-08,0.0011092175,0.0070370496,ship
74R,truck,0.031485386,0.10525954,0.07692278,0.07165859,0.16052288,0.0762767,0.12108482,0.0905262,0.059623156,0.20663996,deer,0.0018444452,0.031345256,0.019379597,0.07930856,0.5481983,0.047995895,0.1446753,0.022377748,0.0025738464,0.10230108,deer,1.5750156e-06,9.324635e-06,0.00010269036,0.0010743199,0.99184215,0.0031462726,0.0015104277,2.9391807e-05,2.8683027e-09,0.0022839012,deer
74T,truck,0.123568036,0.08986076,0.05795411,0.09148983,0.102968976,0.09949653,0.08408575,0.08417175,0.12475354,0.14165074,cat,0.02183437,0.025394758,0.017373579,0.2218861,0.20108451,0.051621042,0.19712454,0.041638665,0.073749386,0.14829312,truck,0.0046313093,0.012943493,0.0015617087,0.17817713,0.016329322,0.006207456,0.08853502,9.1006004e-05,0.15136923,0.5401542,airplane
74W,truck,0.029588288,0.12599345,0.10863353,0.061171647,0.1304088,0.06387431,0.11974401,0.07958603,0.071849644,0.2091502,ship,0.15234315,0.13974175,0.068735704,0.01086823,0.07534877,0.007125024,0.029132515,0.008733322,0.39367434,0.114297286,airplane,0.92442745,0.02892199,0.00015157678,1.367375e-06,0.004256985,3.0846866e-07,0.00034887157,8.607419e-07,0.019752298,0.022138247,airplane
74Y,dog,0.06556688,0.12388737,0.09664393,0.10865837,0.113749065,0.1589814,0.10205411,0.09500063,0.057161774,0.07829636,deer,0.14813706,0.107786454,0.080672115,0.09318758,0.23984498,0.09068085,0.02002973,0.17591989,0.032008193,0.0117331175,automobile,0.16597374,0.7390995,0.04347325,0.014706768,0.008347719,0.00030893928,0.00013707692,0.0037357705,0.024182655,3.449962e-05,airplane
750,dog,0.029778268,0.055713397,0.10025573,0.13551721,0.08624692,0.2821279,0.1617947,0.09354145,0.021638881,0.033385605,dog,0.00014190743,0.0002744645,0.012739117,0.19464333,0.034116365,0.61782175,0.052019294,0.087755136,5.7267367e-05,0.0004312634,dog,3.7097915e-11,8.439807e-10,2.0426908e-06,0.0011638108,6.7421944e-08,0.9985624,9.569339e-06,0.0002621469,1.8878264e-13,1.9091281e-10,horse
752,horse,0.042753782,0.07336503,0.11446734,0.07227424,0.14987606,0.10849179,0.1344012,0.17286886,0.042111505,0.089390196,horse,0.0071474295,0.0006539401,0.085102044,0.019969268,0.08366189,0.055722266,0.011283587,0.73495686,0.0009933505,0.00050930673,horse,6.331119e-06,1.9561644e-07,0.039832752,8.693118e-06,0.0033374191,0.00076059083,4.7444693e-05,0.9560066,4.99645e-09,6.33075e-08,horse
756,truck,0.01725084,0.10851676,0.09969528,0.064544894,0.1683953,0.069116496,0.14684756,0.082715794,0.055364516,0.18755251,deer,0.003627688,0.066309676,0.04933376,0.26086253,0.26508898,0.20338863,0.07794163,0.036314346,0.006179241,0.030953595,deer,6.4234904e-05,0.068782836,0.0045240116,0.030558772,0.7242445,0.013786391,0.0015603934,0.00041862298,3.0852945e-07,0.15605997,horse
75A,airplane,0.15117194,0.0626677,0.05828791,0.08955274,0.10965813,0.13568,0.08592314,0.11053702,0.08372324,0.11279821,cat,0.011234782,0.0036408047,0.031291973,0.34748125,0.17116414,0.2609278,0.07668662,0.07716704,0.00031281423,0.02009279,cat,0.0013992966,3.224371e-05,3.612757e-05,0.57352835,0.027825955,0.38960016,0.0059275352,4.0396186e-05,1.923818e-09,0.0016099078,cat
75C,truck,0.12704392,0.075694256,0.045404542,0.040704064,0.07545344,0.07652069,0.04916633,0.07793355,0.16195232,0.2701269,ship,0.020386219,0.0025062286,0.0087095555,0.0009113789,0.008089349,0.00029004147,0.0008898525,0.03965952,0.81361264,0.104945295,ship,1.0491651e-06,0.00011810265,1.5516677e-06,8.556566e-10,1.0258004e-07,6.683963e-13,5.0610066e-07,7.5087396e-06,0.7604743,0.23939681,ship
75E,airplane,0.35103753,0.07217414,0.040780302,0.042027503,0.042504676,0.08657044,0.02769528,0.031033922,0.21825397,0.08792222,ship,0.03454752,0.0016856034,0.022567734,0.0005562632,0.0022318664,0.00015122374,0.0006462031,0.00040295534,0.93494326,0.0022674683,ship,5.653423e-05,3.3578164e-07,9.631899e-06,1.2783663e-11,2.3768328e-11,5.6090813e-14,3.7947662e-10,3.384942e-13,0.9999335,3.3312197e-08,ship
75G,airplane,0.3529854,0.06603067,0.043304205,0.05846383,0.054832555,0.11228139,0.038074046,0.045291986,0.14975932,0.07897653,airplane,0.32803842,0.05395086,0.064183526,0.031979572,0.0978835,0.03368088,0.008955808,0.018602578,0.3261945,0.036530335,ship,0.3465621,0.0043834187,0.0055673164,1.6379106e-05,9.476747e-05,1.7628612e-05,1.3175612e-05,8.9132705e-08,0.64323413,0.00011092835,airplane
75M,dog,0.03398795,0.119925566,0.12790246,0.11006181,0.09766805,0.21805905,0.12331392,0.09924415,0.02684529,0.042991735,horse,0.014119169,0.124347396,0.06742129,0.11447124,0.04549085,0.13024452,0.01017012,0.4870592,0.0061319894,0.000544232,automobile,6.543267e-06,0.7624382,0.01598844,0.0032554572,4.1953037e-05,0.0004020973,8.690811e-06,0.21785852,1.4953423e-07,3.7692915e-09,automobile
